"countyID","coeff"
"G0100150",0.168349075846628
"G0100550",0.0456236280198625
"G0100730",0.102391056001946
"G0100890",0.0870434599078008
"G0100950",NA
"G0100970",0.0368810928765601
"G0101010",0.0750455159697866
"G0101030",NA
"G0101170",0.0599517752175374
"G0101210",NA
"G0101250",0.0950052643723989
"G0400050",NA
"G0400130",0.0242461090773301
"G0400150",0.042272568350472
"G0400170",0.0905518526777765
"G0400190",0.016855254836173
"G0400210",0.0156512974052011
"G0400250",-0.2829106279886
"G0400270",NA
"G0500310",-0.0231779626834136
"G0500350",NA
"G0500450",NA
"G0501190",0.00239463774293982
"G0501250",NA
"G0501430",0.000808622694008388
"G0600070",NA
"G0600130",0.011629663477648
"G0600190",0.0145771275897173
"G0600250",0.0768475698259057
"G0600290",0.0263767919052381
"G0600310",0.0619282355698176
"G0600370",0.025474302996438
"G0600470",0.0938434723373458
"G0600530",-0.00914978094283587
"G0600590",0.00832397077704995
"G0600610",0.114425790090488
"G0600650",0.00517967045080683
"G0600670",0.035831999386594
"G0600710",-0.0181252537725173
"G0600730",0.0253414977040153
"G0600750",-0.0501927151298204
"G0600770",0.044680321600136
"G0600790",0.122649582314405
"G0600810",-0.0410752060252985
"G0600830",0.00230913310675773
"G0600850",-0.00839922256412588
"G0600870",-0.0747648884042808
"G0600890",0.305122491548347
"G0600950",0.0324261429491655
"G0600970",0.0854793095007311
"G0600990",0.0438095775612949
"G0601070",0.0153822884146246
"G0601110",0.00330708025514506
"G0800050",0.00646149716691087
"G0800130",-0.0633448407476224
"G0800310",0.00590613853575559
"G0800350",0.0813458134561615
"G0800410",0.0249438362355467
"G0800590",0.015670930564863
"G0800690",0.0948012281420068
"G0801230",-0.00521620495989519
"G0900030",0.0162699950588153
"G0900090",-0.007185033846007
"G0900110",0.0532814717762485
"G1000030",0.0235877735948846
"G1000050",0.04001091051752
"G1200050",0.171242653242706
"G1200090",0.0814522081565891
"G1200110",0.0681288051147045
"G1200190",NA
"G1200210",0.146682392898707
"G1200310",0.0101711286937853
"G1200330",0.00491172183087317
"G1200570",0.128135489808968
"G1200690",0.0829291275330059
"G1200710",0.162368847626076
"G1200730",0.0150207672672981
"G1200810",0.110896876101691
"G1200830",0.054373000225296
"G1200860",0.109183936415353
"G1200910",-0.081675954580957
"G1200950",0.0914840448531689
"G1200970",0.212976430009333
"G1200990",0.0777083035250791
"G1201010",0.196079416232347
"G1201030",0.146750173631218
"G1201050",0.268869012462565
"G1201070",NA
"G1201110",0.152488080305689
"G1201130",NA
"G1201150",0.179532263528501
"G1201170",0.0640805578258183
"G1201270",0.0633184630476495
"G1300510",0.0122669926038679
"G1300570",0.00794944179996207
"G1300630",0.0164881289071908
"G1300670",0.0193765704460473
"G1300890",0.0155973357090901
"G1300950",0.0154453639499233
"G1301150",0.0294438760606515
"G1301210",0.0182296112122324
"G1301350",0.0286920595697236
"G1301390",0.0332625561041784
"G1301510",0.00646015414350483
"G1301530",0.0101924298049758
"G1301790",NA
"G1301850",0.0742550990197731
"G1302150",0.00353212807621683
"G1302170",NA
"G1302230",0.0519074094340021
"G1302450",0.0057841878461994
"G1303130",NA
"G1500030",0.232931811399813
"G1600270",-0.00882609754698636
"G1700310",-0.0977475306872963
"G1700430",-0.0661169474597145
"G1700890",-0.116692118738247
"G1700910",-0.296641735382728
"G1700970",-0.104926029125876
"G1701110",-0.104872007097815
"G1701130",-0.0855734284200474
"G1701150",-0.125496846130728
"G1701190",-0.19700663280515
"G1701430",-0.118100345359834
"G1701630",-0.0577276457658008
"G1701670",-0.0571469690467115
"G1701970",-0.145186870606083
"G1702010",-0.172611038866631
"G1800350",NA
"G1800390",0.0813109722623941
"G1800570",0.116958572965308
"G1800890",0.323389886846473
"G1800910",NA
"G1800950",1.01387638382937
"G1800970",0.316698628786123
"G1801410",0.26486172551875
"G1801570",0.177424095800772
"G1801630",0.276647706248854
"G1901530",-0.253890431776963
"G1901630",NA
"G2001730",0.0375575294249558
"G2001770",0.148726707692137
"G2002090",0.00669437940149389
"G2100470",0.0625947246101179
"G2100670",-0.0486806571040421
"G2101110",0.058262516535745
"G2101170",NA
"G2200150",NA
"G2200170",-0.00804800321065039
"G2200190",-0.00294573228890997
"G2200330",-0.0634742729454653
"G2200510",-0.0367103779409408
"G2200550",-0.0110623726842522
"G2200630",0.0342222867136578
"G2200710",-0.0405345809706786
"G2200730",0.0197981665997476
"G2200790",0.128920463812221
"G2200970",-0.522387556045617
"G2201030",-0.0211986848613996
"G2201050",NA
"G2201090",NA
"G2300310",NA
"G2400050",-0.00989943768749315
"G2400170",-0.090635471016377
"G2400210",-0.152763512437432
"G2400250",0.0157465814687922
"G2400270",-0.00897265600118057
"G2400310",0.0128259364167472
"G2400330",-0.00373593005936379
"G2405100",-0.00790000708583899
"G2500090",0.173172026240868
"G2500130",0.21898052024409
"G2500170",0.174940623925406
"G2500210",0.0978007273893288
"G2500230",0.123670552458876
"G2500250",0.0689422480886127
"G2500270",0.218040789969649
"G2600210",0.752564371991742
"G2600250",0.697964397372425
"G2600490",0.446760945940581
"G2600650",0.776852899261931
"G2600750",NA
"G2600770",0.716630542490445
"G2600810",-0.232104968280515
"G2600990",-8.70338621542566
"G2601210",-0.258207915504956
"G2601250",0.551919480274209
"G2601390",0.640864689500292
"G2601450",0.888288701420675
"G2601470",NA
"G2601610",0.722399989483182
"G2601630",NA
"G2700370",-0.0947565406984316
"G2700530",-0.0825962894020019
"G2701090",NA
"G2701230",-0.0594783438157682
"G2701630",-0.131165518271251
"G2800350",0.0646444121561873
"G2800470",-0.0135554996228372
"G2800490",0.0209443310777717
"G2800590",0.00656300923361866
"G2800750",10.1610468544535
"G2800810",0.0279186367637965
"G2800890",NA
"G2801210",-0.0229858953206287
"G2900470",0.252447840095489
"G2900770",0.0379032420764041
"G2900950",0.179671346018024
"G2900990",0.240052194649978
"G2901830",-0.0199020072030343
"G2901890",0.0343943511341285
"G2905100",NA
"G3101090",0.000354631092698063
"G3101530",NA
"G3200310",0.0174720146947911
"G3300150",NA
"G3400030",0.0576846726993743
"G3400050",0.0325559331846594
"G3400070",0.0157117640296641
"G3400110",-0.0115942759859881
"G3400130",0.0471879545840083
"G3400150",-0.00774076948718943
"G3400170",0.0553616773391729
"G3400210",0.0476811414307088
"G3400230",0.0473081716234821
"G3400250",0.0459021303821924
"G3400270",0.228757303395684
"G3400290",0.0410248761420984
"G3400310",0.0363144699099651
"G3400390",0.0468396756135488
"G3500130",-0.0109693371697237
"G3500450",-0.204584122628211
"G3600050",0.0708082881629933
"G3600070",NA
"G3600270",-0.116513781394993
"G3600290",-0.0807230267218464
"G3600450",NA
"G3600470",0.0614722859413743
"G3600550",-0.00345901843873607
"G3600590",0.0159597250558947
"G3600610",0.0569120141510669
"G3600630",-0.165582392551604
"G3600650",NA
"G3600670",NA
"G3600710",-0.00381873281990949
"G3600810",0.0510452363359236
"G3600850",0.0493162988202378
"G3600870",0.00270971901065645
"G3600930",NA
"G3601030",0.0159619248299853
"G3601110",NA
"G3601190",NA
"G3700210",-0.405313897718125
"G3700250",NA
"G3700350",-0.29916876506195
"G3700490",NA
"G3700510",-0.396096859100334
"G3700570",-0.315591819295727
"G3700630",-0.378722834811596
"G3700670",-0.380013571765674
"G3700710",-0.339410414645842
"G3700810",-0.380793630235117
"G3700850",-0.360189459723008
"G3701010",-0.482813087474152
"G3701190",-0.372166912468284
"G3701270",NA
"G3701330",-0.346075682211158
"G3701470",-0.33281949390912
"G3701510",NA
"G3701550",-0.397172041251092
"G3701590",-0.261535227013496
"G3701790",-0.387154257134005
"G3701830",-0.369116618098581
"G3701910",-0.408083194796767
"G3701950",NA
"G3900230",NA
"G3900250",-0.0638871177367019
"G3900350",1.31049568279901
"G3900490",-0.942040405487264
"G3900610",0.085532031104923
"G3900850",NA
"G3900890",0.331686108624539
"G3900930",-0.297765565844277
"G3900950",-1.43544148343285
"G3900990",0.0975851052825841
"G3901130",-0.225926950793725
"G3901390",NA
"G3901450",NA
"G3901510",0.0941913574113709
"G3901530",0.10739660813714
"G3901550",-0.515190757615672
"G3901650",0.297155924489118
"G4000310",0.0231417805590965
"G4001090",-0.00760800387884583
"G4001430",-0.0211401163714358
"G4100290",NA
"G4100390",0.129066014327605
"G4100470",0.026275105968175
"G4100510",0.011169734550903
"G4100670",-0.400596109109686
"G4200110",0.0188440298778831
"G4200170",0.0135367782232344
"G4200290",0.0125851180055775
"G4200410",NA
"G4200430",0.0383365197106756
"G4200450",0.0103244098068699
"G4200490",NA
"G4200690",NA
"G4200710",0.00201731489390319
"G4200750",NA
"G4200770",NA
"G4200790",NA
"G4200890",NA
"G4200910",0.0158832100580084
"G4200950",NA
"G4201010",0.00773220256102025
"G4201290",NA
"G4201330",NA
"G4500070",0.015517651392092
"G4500130",-0.359386488007355
"G4500150",0.0183071824299083
"G4500190",-0.026714145676133
"G4500410",0.0313610674435692
"G4500450",0.0271355772308371
"G4500510",0.0279885157104956
"G4500630",-0.00604741267420724
"G4500750",-0.117216690361816
"G4500790",0.00103762887356601
"G4500830",0.0293433588576029
"G4500850",NA
"G4500910",0.0549652890028905
"G4601030",0.507150546725226
"G4700650",-0.019550305004841
"G4700930",-0.0173746982041976
"G4701130",-0.0398903190405706
"G4701250",-0.00158555822331662
"G4701490",0.00521549274468466
"G4701570",-0.0609910999267818
"G4701630",-0.1012537974833
"G4701650",-0.0835049041960602
"G4701670",NA
"G4800290",-0.00366212967305918
"G4800390",0.00309352369240332
"G4800410",NA
"G4800610",-0.00705554359327815
"G4800850",-0.0388692242495055
"G4801130",-0.046211915592888
"G4801210",-0.0355292807553462
"G4801350",0.144122463388502
"G4801410",0.0192392108886824
"G4801570",-0.00293976152479443
"G4801670",0.00542652959366313
"G4801830",0.0368061164460541
"G4802010",-0.00955202277401738
"G4802150",-0.00797002675177254
"G4802450",0.0417065278652625
"G4802510",-0.0407900456263669
"G4803030",-0.0133327053072593
"G4803090",-0.0243751358815863
"G4803290",-0.0413996656509201
"G4803390",-0.00914798086709339
"G4803550",-0.00520242192440988
"G4803750",-0.0204844211439606
"G4804230",-0.0176216853830755
"G4804390",-0.0421564985177768
"G4804410",-0.0789164413404738
"G4804530",-0.00384801946976538
"G4804790",-0.0246434241836749
"G4804850",-0.0303732169545627
"G4804910",-0.00342974527907572
"G4900350",-0.00438359077310971
"G4900490",-0.00629725530617767
"G4900570",-0.00768468809421109
"G5100590",-0.00670045594376162
"G5100870",-0.00694641397425663
"G5101070",-0.00514722177694052
"G5101530",-0.0256353795000416
"G5105100",NA
"G5105500",-0.0249222029164521
"G5106500",-0.0657539837198655
"G5107000",-0.0131522283096952
"G5107100",0.00334147007733262
"G5107400",-0.053133180213046
"G5107600",0.00442770271766149
"G5107700",0.26818521559059
"G5108100",-0.0113113794196545
"G5300250",NA
"G5300330",-0.841090354778982
"G5300350",NA
"G5300530",0.0244201203064853
"G5300610",-2.62713399853654
"G5300630",0.485696559342455
"G5300670",NA
"G5300770",0.627798174981488
"G5400390",NA
"G5500250",0.0568189851016198
"G5500590",NA
"G5500790",0.0142741485445328
"G5500870",NA
"G5501010",0.0498883628190434
"G5501050",NA
"G5501330",0.134119144480591
"G5501390",NA
