"","Predictors","Outcome","Estimate","Standard_Error","P_Value"
"1","(Intercept)","65+ Mortality",-0.864268264253164,1.91872075189752,0.652429544739358
"2","age5_mean","65+ Mortality",7.21373791891629,5.04009449559595,0.15246864712037
"3","age65_mean","65+ Mortality",0.753675079798584,1.97365484658245,0.702589579080817
"4","eth_hispanic_mean","65+ Mortality",-0.119840984449883,0.314411489774316,0.703114795452662
"5","race_white_mean","65+ Mortality",0.203155404299841,0.271635809926276,0.454587968768808
"6","sex_male_mean","65+ Mortality",1.77238118687014,3.51284592960248,0.613921213926919
"7","work_crops_ranch_mean","65+ Mortality",-0.0123210877055867,1.29209338314802,0.99239238805304
"8","WATP_mean","65+ Mortality",-0.00019792176186813,0.00044113366028589,0.653708530467144
"9","HINCP_mean","65+ Mortality",-8.15929243374137e-07,3.55130785297843e-06,0.818299910009561
"10","tenure_owned_mean","65+ Mortality",-1.05420373252151,0.689593901819742,0.126448399566752
"11","wUse","65+ Mortality",-0.000114990506859496,0.000123063231123891,0.350180341144403
"12","rural","65+ Mortality",-0.0578987182548401,0.0797138635878006,0.467698409441894
"13","(Intercept)","Unemployment Rate",0.00828459950789152,0.0256024832717799,0.74627634140271
"14","age5_mean","Unemployment Rate",0.0102119846245018,0.0664893969800223,0.877945773468363
"15","age65_mean","Unemployment Rate",0.0206024940901015,0.0263635639474278,0.434590044226023
"16","eth_hispanic_mean","Unemployment Rate",0.00958267446437116,0.00414194647011687,0.0207650799874368
"17","race_white_mean","Unemployment Rate",-0.0157259715032984,0.00364432287621716,1.6510825157712e-05
"18","sex_male_mean","Unemployment Rate",0.019527272006562,0.0467720682090127,0.676346462570245
"19","work_crops_ranch_mean","Unemployment Rate",0.0630367715037596,0.016762822669058,0.000173112303458221
"20","WATP_mean","Unemployment Rate",-1.96723775099553e-05,5.98536112104282e-06,0.00102629354064195
"21","HINCP_mean","Unemployment Rate",3.82027694168373e-08,4.78343093804449e-08,0.424563813183076
"22","tenure_owned_mean","Unemployment Rate",-0.00396817507618946,0.00961228235193772,0.67976829492503
"23","wUse","Unemployment Rate",2.10035766427381e-06,1.67666405727117e-06,0.210421637818067
"24","rural","Unemployment Rate",-0.00139862944713185,0.00106215702829219,0.188021729127349
"25","(Intercept)","Corn Yield",-1.88098034229811,1.39254946322391,0.176928914862288
"26","age5_mean","Corn Yield",-3.75664281738084,3.55290281402175,0.290481375577897
"27","age65_mean","Corn Yield",-0.0183722312171532,1.61551721287808,0.990927499689982
"28","eth_hispanic_mean","Corn Yield",0.304802677684505,0.233580772816399,0.192071712287864
"29","race_white_mean","Corn Yield",-0.226642573873203,0.18109229752343,0.210886543947147
"30","sex_male_mean","Corn Yield",4.91842727833174,2.56861681106364,0.0556578424497262
"31","work_crops_ranch_mean","Corn Yield",0.0399682962038105,0.878792844671604,0.963728510521103
"32","WATP_mean","Corn Yield",0.000329456911755169,0.000320277685431082,0.303763139630931
"33","HINCP_mean","Corn Yield",-1.7647705541143e-06,2.90355340455005e-06,0.543390895275955
"34","tenure_owned_mean","Corn Yield",-0.568645639784328,0.548271199356094,0.299785470112829
"35","wUse","Corn Yield",0.000234576117819383,8.7616574601217e-05,0.00748211139626751
"36","rural","Corn Yield",-0.0262364198516103,0.0533726260305571,0.623076524943275
"37","(Intercept)","Soybean Yield",1.62290131872635,0.329609075037996,9.18433275955693e-07
"38","age5_mean","Soybean Yield",0.691265305322098,0.859087489113037,0.421116468548285
"39","age65_mean","Soybean Yield",-0.499049537032402,0.388118992186235,0.198655459502868
"40","eth_hispanic_mean","Soybean Yield",-0.165579657525323,0.0543707780580439,0.00235404720451275
"41","race_white_mean","Soybean Yield",0.0264017044049792,0.0432421479877663,0.541563329852881
"42","sex_male_mean","Soybean Yield",-3.10282253424401,0.607530130558635,3.5771071785759e-07
"43","work_crops_ranch_mean","Soybean Yield",1.15238575087151,0.210740758962458,5.11083916759837e-08
"44","WATP_mean","Soybean Yield",-3.43533733566089e-05,7.55122174564761e-05,0.649203011449436
"45","HINCP_mean","Soybean Yield",1.639448462442e-06,7.04804585539254e-07,0.0201120245484268
"46","tenure_owned_mean","Soybean Yield",-0.253376734967522,0.130524968315345,0.0523720855707202
"47","wUse","Soybean Yield",-5.53609566236662e-06,2.41141097512898e-05,0.818442206141994
"48","rural","Soybean Yield",0.0223606800322023,0.012705676625709,0.0785773951935402
"49","(Intercept)","Wheat Yield",0.689185227706553,0.162145599824117,2.23143564124044e-05
"50","age5_mean","Wheat Yield",-0.801496822322655,0.412662391794557,0.0522453987702522
"51","age65_mean","Wheat Yield",-0.743225580726701,0.183928862248798,5.52665474016909e-05
"52","eth_hispanic_mean","Wheat Yield",-0.167789364470445,0.0280430132327406,2.58236218706182e-09
"53","race_white_mean","Wheat Yield",0.0161264553916091,0.0213552688462096,0.450246781589444
"54","sex_male_mean","Wheat Yield",-0.854274776511915,0.301658731837099,0.00467295860263641
"55","work_crops_ranch_mean","Wheat Yield",0.211511782283742,0.101016508699576,0.0363997818315807
"56","WATP_mean","Wheat Yield",-0.000100420840948329,3.66955199847167e-05,0.00626246191745587
"57","HINCP_mean","Wheat Yield",6.55503271798977e-07,3.26813394991106e-07,0.0450176043594154
"58","tenure_owned_mean","Wheat Yield",-0.116205501230783,0.0630978132901163,0.0656703345926802
"59","wUse","Wheat Yield",-1.00982325976563e-08,1.10147523359698e-05,0.999268597202523
"60","rural","Wheat Yield",0.00442913533191592,0.00615208109994653,0.47164503629668
"61","(Intercept)","5 & Under Mortality",-0.933911831440218,12.9512181974929,0.942519786392896
"62","age5_mean","5 & Under Mortality",78.5996644370097,34.1456204994728,0.0214174617182144
"63","age65_mean","5 & Under Mortality",14.7383544884316,13.2888037415965,0.267495035208698
"64","eth_hispanic_mean","5 & Under Mortality",2.11690345006276,2.13939802464673,0.322515057107594
"65","race_white_mean","5 & Under Mortality",-1.85147206038894,1.83035715711642,0.311851401985813
"66","sex_male_mean","5 & Under Mortality",-9.76027492792698,23.7326561234853,0.680915349100269
"67","work_crops_ranch_mean","5 & Under Mortality",-6.80624341194682,8.69935875896024,0.434057841376195
"68","WATP_mean","5 & Under Mortality",-0.00439243613864509,0.00297220152612092,0.139568442067596
"69","HINCP_mean","5 & Under Mortality",4.27378016639909e-05,2.39554700196723e-05,0.0745284670098614
"70","tenure_owned_mean","5 & Under Mortality",-3.22104282665936,4.6401267866888,0.487635025052316
"71","wUse","5 & Under Mortality",-0.00102997540049106,0.000824085906751366,0.211467311084773
"72","rural","5 & Under Mortality",0.790775110190521,0.537585372732893,0.141415173816115
