"countyID","coeff_r_6_p_13"
"G0100010","-2.97460305999955"
"G0100030","-1.26306561176198"
"G0100050","-3.20518210994178"
"G0100070","-0.70072587310412"
"G0100090","1.57981080734753"
"G0100110","-3.19715198358611"
"G0100130","-4.82094218345042"
"G0100150","0.111473159435122"
"G0100170","0.995140339009698"
"G0100190","8.98999358136323"
"G0100210","-5.87936866013689"
"G0100230","1.33523660214555"
"G0100250","-13.9454288363837"
"G0100270","0.484578635744306"
"G0100290","8.55997875986176"
"G0100310","-1.70560118530726"
"G0100330","1.33836057088613"
"G0100350","3.87003461919914"
"G0100370","-10.6911209841939"
"G0100390","-4.93758321983533"
"G0100410","-4.68452751152597"
"G0100430","3.31825992974026"
"G0100450","0.843717314897515"
"G0100470","1.20679492895739"
"G0100490","1.35260588980568"
"G0100510","-1.03280239194024"
"G0100530","-0.878592406462243"
"G0100550","4.67098083748471"
"G0100570","3.93170018809594"
"G0100590","13.5590853268471"
"G0100610","-5.07436888360354"
"G0100630","6.01144616933679"
"G0100650","1.34940367564631"
"G0100670","-1.27997770529849"
"G0100690","-1.46001228737466"
"G0100710","1.49074640009806"
"G0100730","0.707027874920373"
"G0100750","2.81301813512952"
"G0100770","4.88002216971329"
"G0100790","3.917160212855"
"G0100810","-1.47464652962304"
"G0100830","2.40716875582228"
"G0100850","-18.5780200543625"
"G0100870","-8.20460559435454"
"G0100890","0.431623477544546"
"G0100910","0.70741413820814"
"G0100930","9.94453932719363"
"G0100950","1.86362357172822"
"G0100970","-2.09339207210635"
"G0100990","-4.05109861893246"
"G0101010","-0.240638849885907"
"G0101030","3.58207693656978"
"G0101050","-4.92077104343976"
"G0101070","-2.4861155845856"
"G0101090","7.02878562842058"
"G0101110","-3.30825001591462"
"G0101130","-1.64106648950286"
"G0101150","-4.98130231120874"
"G0101170","-3.57839265980477"
"G0101190","12.6896797247223"
"G0101210","6.69245780168743"
"G0101230","6.59902054233903"
"G0101250","-0.404134852936922"
"G0101270","-6.96244432476348"
"G0101290","-4.02889405235657"
"G0101310","9.00431249970097"
"G0101330","9.95574054092451"
"G0200200",NA
"G0200500",NA
"G0200700",NA
"G0200900","78.0454902175865"
"G0201000",NA
"G0201100",NA
"G0201220",NA
"G0201300",NA
"G0201500",NA
"G0201700","21979.6830930944"
"G0201800",NA
"G0201850",NA
"G0201880",NA
"G0201980",NA
"G0202200",NA
"G0202400","735.147129849022"
"G0202610","12466.6750792424"
"G0202700",NA
"G0202900","-439.478025340302"
"G0400010","3.94738251444641"
"G0400030","1.87452350927065"
"G0400050","-1.01904739869775"
"G0400070","-0.294928438707466"
"G0400090","1.18854244148496"
"G0400110","0.786649781353993"
"G0400120","2.9125317310346"
"G0400130","3.11358883527969"
"G0400150","0.491948983596939"
"G0400170","6.50829144459687"
"G0400190","4.18224510496815"
"G0400210","2.55984464590483"
"G0400230","1.97025821520439"
"G0400250","2.96805691637235"
"G0400270","-2.20191683104444"
"G0500010","15.8987682063757"
"G0500030","-5.63589253474951"
"G0500050","0.808797853568497"
"G0500070","4.19664255085817"
"G0500090","1.06450240025903"
"G0500110","11.2670992964272"
"G0500130","-5.06282909041146"
"G0500150","11.0460109514617"
"G0500170","8.35330694350966"
"G0500190","6.51396849913183"
"G0500210","28.5937963915646"
"G0500230","-2.8071668263009"
"G0500250","7.61847970474104"
"G0500270","7.41267765470027"
"G0500290","20.1462589140851"
"G0500310","-0.0910055909162321"
"G0500330","4.60049687975665"
"G0500350","15.8192855838867"
"G0500370","50.8514271909598"
"G0500390","18.5330662230562"
"G0500410","-27.2136540028375"
"G0500430","8.35122112203733"
"G0500450","0.340462726225408"
"G0500470","3.54621979917441"
"G0500490","-13.4175745889235"
"G0500510","4.5897813251703"
"G0500530","3.16502159819924"
"G0500550","5.02747609200728"
"G0500570","-0.4282309864037"
"G0500590","9.26448368607043"
"G0500610","3.10694089980656"
"G0500630","11.5948329713824"
"G0500650","11.0341361354279"
"G0500670","-4.96563219807279"
"G0500690","16.0932322904343"
"G0500710","1.74710648961369"
"G0500730","-0.75076604823067"
"G0500750","-6.42885923986662"
"G0500770","47.4741733951856"
"G0500790","-0.796145292677914"
"G0500810","-7.02408651819667"
"G0500830","-17.3981569136845"
"G0500850","-8.61098140733579"
"G0500870","15.895887246027"
"G0500890","-2.54186067779939"
"G0500910","3.97867816339731"
"G0500930","1.47658043790129"
"G0500950","-0.254695215946962"
"G0500970","0.928414801122543"
"G0500990","-1.54872249036504"
"G0501010","27.3377963219469"
"G0501030","11.3827072736042"
"G0501050","4.10078428055086"
"G0501070","7.24079385280455"
"G0501090","7.15784093043599"
"G0501110","-4.07678631499962"
"G0501130","7.42919524902579"
"G0501150","13.5902447703467"
"G0501170","-21.1802639307067"
"G0501190","6.10122912683419"
"G0501210","0.613824043325365"
"G0501230","29.0179921257774"
"G0501250","3.77262160672715"
"G0501270","0.616637578500782"
"G0501290","21.5934623323715"
"G0501310","3.30864054797811"
"G0501330","13.0720836710925"
"G0501350","1.68178808748285"
"G0501370","12.5865459821521"
"G0501390","-2.84354214685533"
"G0501410","12.2252561511942"
"G0501430","8.49828089447021"
"G0501450","1.54243711276057"
"G0501470","14.1041874102917"
"G0501490","19.8832481744616"
"G0600010","-0.0167946770200203"
"G0600050","-2.3572591720919"
"G0600070","-4.95650060069316"
"G0600090","5.14202676771347"
"G0600110","-2.106379916505"
"G0600130","0.22152490127612"
"G0600150","0.287575682455998"
"G0600170","1.26885058865312"
"G0600190","0.173597970341713"
"G0600210","0.500590467330221"
"G0600230","-2.84560882003796"
"G0600250","-4.28326633810232"
"G0600270","-3.36924950440396"
"G0600290","-0.688896737905598"
"G0600310","0.739623103831487"
"G0600330","-8.46024420090607"
"G0600350","-4.32599316377676"
"G0600370","0.0771140424233004"
"G0600390","-1.99915918062938"
"G0600410","-0.813297726656502"
"G0600430","-0.317252427355302"
"G0600450","0.240480550017876"
"G0600470","0.227487211720058"
"G0600490","6.76404679105496"
"G0600510","-3.14676143898446"
"G0600530","-1.01273915351556"
"G0600550","0.949520584118477"
"G0600570","0.719499739861983"
"G0600590","-0.605536766669547"
"G0600610","-1.10707287960668"
"G0600630","1.45644100065385"
"G0600650","-0.487455326829498"
"G0600670","0.630123250085933"
"G0600690","-3.55413291606207"
"G0600710","-0.694519339756882"
"G0600730","-0.803125010846839"
"G0600750","-1.92145255648334"
"G0600770","-2.34410755105635"
"G0600790","0.0553704156949973"
"G0600810","-0.828145406851962"
"G0600830","0.253718779266119"
"G0600850","0.958451722621909"
"G0600870","0.494664906933617"
"G0600890","-2.25512665007929"
"G0600910","-3.98011881635475"
"G0600930","-0.0391197031969608"
"G0600950","1.14160597656962"
"G0600970","0.435929092708942"
"G0600990","-1.10328836164209"
"G0601010","-0.078040220503411"
"G0601030","-1.79404634582498"
"G0601050","5.58502039028408"
"G0601070","-2.00313373145609"
"G0601090","1.03252957094345"
"G0601110","1.48119444212038"
"G0601130","-2.30447234902839"
"G0601150","1.52805219066326"
"G0800010","4.80215629045939"
"G0800030","1.44148093859761"
"G0800050","1.59428514513037"
"G0800070","4.05744053418035"
"G0800090","-10.4199115170575"
"G0800110","-7.40090477253862"
"G0800130","3.08699141824323"
"G0800140","13.7303421583335"
"G0800150","-0.155769416548129"
"G0800170","7.32920918230624"
"G0800190","17.2491603405458"
"G0800210","-2.2966515441311"
"G0800230","5.85199418057206"
"G0800250","1.23120854246047"
"G0800270","12.0713478005651"
"G0800290","-2.13667058918231"
"G0800310","2.75302611139169"
"G0800330",NA
"G0800350","-1.41120077447451"
"G0800370","1.27487388479381"
"G0800390","-6.32990151312455"
"G0800410","4.43363281478289"
"G0800430","5.09073311532955"
"G0800450","3.28949047345869"
"G0800490","-1.13686485289717"
"G0800510","11.306680580084"
"G0800550","-3.36172327640796"
"G0800590","3.38147848776397"
"G0800610","-1257.17127509487"
"G0800630","1.07683770421217"
"G0800650","-5.32667486650411"
"G0800670","2.04084745052647"
"G0800690","4.5905171908368"
"G0800710","-0.71448279906945"
"G0800730","-1.07987713628642"
"G0800750","9.93417905889802"
"G0800770","1.62727754414965"
"G0800810","4.00454653751915"
"G0800830","1.87223662445478"
"G0800850","-1.77429929541093"
"G0800870","-1.38209683198989"
"G0800890","2.7185609084347"
"G0800910","1177.56225180371"
"G0800930","6.67087409455285"
"G0800950","-6.06563602749186"
"G0800970","-3.36820001886361"
"G0800990","-6.76169735141125"
"G0801010","0.144336582612036"
"G0801030","6.66844569079582"
"G0801050","0.598692665528"
"G0801070","-2.28431378043936"
"G0801090","0.367009112547049"
"G0801150","2.02541318502919"
"G0801170","-14.0044545315744"
"G0801190","1.61049166037647"
"G0801210","-7.73767406485749"
"G0801230","5.03296685119092"
"G0801250","-12.0940896341758"
"G0900010","-19.2656720833277"
"G0900030","-35.1831617559227"
"G0900050","-45.6511781319847"
"G0900070","-21.5851115888451"
"G0900090","-25.1005622946043"
"G0900110","-19.3382898326819"
"G0900130","-26.1338322020452"
"G0900150","-11.7823662005389"
"G1000010","-1.6669889244882"
"G1000030","1.88225253140559"
"G1000050","4.53602153311577"
"G1200010","0.582553375680928"
"G1200030","9.15928424486454"
"G1200050","1.87604102113936"
"G1200070","7.19179975723646"
"G1200090","0.534225808292558"
"G1200110","-1.49289377626744"
"G1200130","-7.70297717319789"
"G1200150","-0.531667012078723"
"G1200170","-0.667609160936253"
"G1200190","-0.706540236376441"
"G1200210","2.51309424352927"
"G1200230","6.76532209450383"
"G1200270","4.91943539518772"
"G1200290","10.7818725979882"
"G1200310","-0.225863523290991"
"G1200330","0.611978756107575"
"G1200350","0.116043765757727"
"G1200370","-3.60713593623262"
"G1200390","3.46919135062692"
"G1200410","-6.65602835571613"
"G1200430","0.703051307217223"
"G1200450","18.7740847840067"
"G1200470","1.11822081459002"
"G1200490","-5.34579850377609"
"G1200510","-1.24138729139292"
"G1200530","0.0774195622077451"
"G1200550","-0.127598698938132"
"G1200570","0.823434824757193"
"G1200590","8.71087335736057"
"G1200610","-3.46359164357251"
"G1200630","-1.8792953812377"
"G1200650","-6.83619832316027"
"G1200670","9.88716559635689"
"G1200690","0.943761503652701"
"G1200710","-0.569824300554955"
"G1200730","10.5056492041764"
"G1200750","-3.19653826683256"
"G1200770","-21.5511166443648"
"G1200790","-1.0366631448853"
"G1200810","-1.18937296525602"
"G1200830","2.98005187633768"
"G1200850","0.356814975168934"
"G1200860","-1.7987733415245"
"G1200870","-8.6374791852296"
"G1200890","-1.44800471199509"
"G1200910","0.887001686617319"
"G1200930","-6.39256842222999"
"G1200950","2.15095860963138"
"G1200970","2.60263537737504"
"G1200990","-0.109273641191694"
"G1201010","-2.16389584345529"
"G1201030","1.60778726946129"
"G1201050","-2.18136607052681"
"G1201070","1.13568091001109"
"G1201090","0.975148574143678"
"G1201110","0.61407023533512"
"G1201130","-2.59747675986573"
"G1201150","-0.591562618613819"
"G1201170","2.17040070027573"
"G1201190","5.37137735682363"
"G1201210","3.66168902178061"
"G1201230","21.209581990296"
"G1201250","-9.86609298750275"
"G1201270","0.022016197098175"
"G1201290","-11.421512382081"
"G1201310","0.361072500399007"
"G1201330","-8.1629650343029"
"G1300010","-5.60592765095286"
"G1300030","8.20648706104721"
"G1300050","-3.02048607040499"
"G1300070","-2.25274093551811"
"G1300090","-2.43508422787672"
"G1300110","-4.96082675369413"
"G1300130","0.0711897788528325"
"G1300150","-0.294099975645027"
"G1300170","0.114005834338711"
"G1300190","-10.2149491854547"
"G1300210","-1.91669772873448"
"G1300230","1.94293707090978"
"G1300250","1.77897189125138"
"G1300270","-5.3061476756976"
"G1300290","2.08800853209697"
"G1300310","-1.67742473245486"
"G1300330","-13.459877046021"
"G1300350","6.64366186960507"
"G1300370","2.77092029312645"
"G1300390","1.6944988320151"
"G1300430","-6.92390783232165"
"G1300450","-3.62361632200142"
"G1300470","1.32437065585855"
"G1300490","10.0699669994828"
"G1300510","-1.72635739409866"
"G1300530","-0.300629832520795"
"G1300550","-3.42889888104985"
"G1300570","-1.76738257200984"
"G1300590","-0.444990524700228"
"G1300610","0.160493141242423"
"G1300630","-0.327848650288632"
"G1300650","11.0868376705066"
"G1300670","-0.988567381237596"
"G1300690","5.52522198638543"
"G1300710","0.973200233055954"
"G1300730","0.918747375450002"
"G1300750","-6.55347121441893"
"G1300770","-1.14495391506236"
"G1300790","5.3924147562145"
"G1300810","-5.33651078315577"
"G1300830","-4.81120435565484"
"G1300850","1.50282457337714"
"G1300870","-3.61514498934898"
"G1300890","-0.655966827087154"
"G1300910","0.778278498189033"
"G1300930","1.35799646356732"
"G1300950","3.74185771541635"
"G1300970","-2.4583038908265"
"G1300990","-9.45512980058005"
"G1301010",NA
"G1301030","2.48092458600197"
"G1301050","-0.798741105484165"
"G1301070","2.21356952076554"
"G1301090","-0.341061795233625"
"G1301110","-8.21273944468604"
"G1301130","1.21990234090165"
"G1301150","-1.93209675385981"
"G1301170","5.72983107765553"
"G1301190","5.27562300052156"
"G1301210","1.34798147236285"
"G1301230","3.46810618941627"
"G1301250","12.580817589761"
"G1301270","1.77017814539547"
"G1301290","3.99962619037001"
"G1301310","-3.45191573729672"
"G1301330","-0.226645848663216"
"G1301350","-0.130657587370577"
"G1301370","4.64806547735948"
"G1301390","-2.6228376512722"
"G1301410","2.58650614945773"
"G1301430","4.32729075215991"
"G1301450","-1.32086534392534"
"G1301470","-0.907677050181758"
"G1301490","-1.68959119145118"
"G1301510","0.855868091873961"
"G1301530","2.19539316141143"
"G1301550","1.0600255917347"
"G1301570","-0.29437234976878"
"G1301590","3.7510491181635"
"G1301610","10.6371883093377"
"G1301630","-0.154581485432308"
"G1301650","14.1891600408451"
"G1301670","-0.56736124933"
"G1301690","-3.64522128052239"
"G1301710","-9.49413118023292"
"G1301730","-1.0138867149109"
"G1301750","0.659130031984269"
"G1301770","6.35560625384938"
"G1301790","-9.78206255193179"
"G1301810","0.956073421919849"
"G1301830","15.0737557540893"
"G1301850","-4.51675966375267"
"G1301870","-2.84326557152084"
"G1301890","2.03403811151466"
"G1301910","-3.22122187671129"
"G1301930","-18.5029644023202"
"G1301950","1.75710607516274"
"G1301970","-2.77965420378679"
"G1301990","1.25926735713175"
"G1302010","2.88681596187361"
"G1302050","9.99488720534736"
"G1302070","1.50483683009225"
"G1302090","-10.5103577076692"
"G1302110","-8.97359735802534"
"G1302130","1.16450227999324"
"G1302150","4.05657951201866"
"G1302170","-0.467508106857916"
"G1302190","2.34892151281711"
"G1302210","-9.0850832886964"
"G1302230","-2.36865277204039"
"G1302250","-4.56148405124892"
"G1302270","-4.38967196012925"
"G1302290","8.49779387257517"
"G1302310","0.348601844718477"
"G1302330","-3.45854000752499"
"G1302350","-3.52747912141486"
"G1302370","4.1874586987246"
"G1302390","-1.51884742414398"
"G1302410","-0.450591098716427"
"G1302430","15.0463079554529"
"G1302450","2.11683422573031"
"G1302470","0.609203750442729"
"G1302490","-8.22205232792922"
"G1302510","-3.51285229395708"
"G1302530","-5.9255713971184"
"G1302550","-3.07956731884715"
"G1302570","-1.36837016883245"
"G1302590","-7.94860935505661"
"G1302610","-6.03913134464223"
"G1302630","9.95393684378346"
"G1302650","-13.4050806639536"
"G1302670","-12.2267975806258"
"G1302690","-3.78228228629988"
"G1302710","9.24551726649906"
"G1302730","14.0714996722951"
"G1302750","6.92287152911678"
"G1302770","-4.34552331234262"
"G1302790","2.85340546347378"
"G1302810","0.198072138823801"
"G1302830","-5.55279433845881"
"G1302850","0.406233950678738"
"G1302870","4.51141671517409"
"G1302890","3.71742935780665"
"G1302910","-7.49539387295145"
"G1302930","0.29224014854644"
"G1302950","-4.42854398442136"
"G1302970","2.66336095786869"
"G1302990","3.23737685301263"
"G1303010","-1.92090988774087"
"G1303030","-12.9235548294411"
"G1303050","-3.99253776555883"
"G1303070","3.73765487333349"
"G1303090","6.36039123984721"
"G1303110","2.01011605936747"
"G1303130","-3.42710101445906"
"G1303150","0.641498810087979"
"G1303170","-2.33554462894277"
"G1303190","-6.21499737248709"
"G1303210","-0.66620031857003"
"G1500010","-7.39102750888837"
"G1500030","-9.37486945063151"
"G1500070","-46.8194241951922"
"G1500090","-6.52801692645791"
"G1600010","-1.21580064499544"
"G1600030","4.49623981502638"
"G1600050","4.14256343681673"
"G1600070","8.39684603236835"
"G1600090","17.3126904191864"
"G1600110","-2.96947656289724"
"G1600130","-4.13275763565216"
"G1600150","-2.35728109291033"
"G1600170","-3.90366640575623"
"G1600190","-0.139621516881135"
"G1600210","8.27547919239968"
"G1600230","7.92658570798559"
"G1600270","-1.62087014577004"
"G1600290","-15.5884872635249"
"G1600310","0.519506947251402"
"G1600350","1.93366944215528"
"G1600370","-10.5547750418305"
"G1600390","-8.45879129791449"
"G1600410","-0.740654352547123"
"G1600430","-4.98239210931401"
"G1600450","3.77499941344"
"G1600470","-4.65460948723873"
"G1600490","9.12543517507967"
"G1600510","-1.22045258525293"
"G1600530","-3.63123917704625"
"G1600550","2.24625332065995"
"G1600570","-3.4756873388064"
"G1600590","-1.94549578251985"
"G1600610","-6.83880570109327"
"G1600630","3.4875617353999"
"G1600650","-0.60245565489517"
"G1600670","-1.04796895586484"
"G1600690","-5.96966034166176"
"G1600710","15.2851588442723"
"G1600730","-3.09693116414734"
"G1600750","-0.609058460511597"
"G1600770","1.95824847088871"
"G1600790","-13.524470331114"
"G1600810","1.51053213387828"
"G1600830","-0.431199791228734"
"G1600850","0.584702924991595"
"G1600870","-4.19935580966259"
"G1700010","2.67287002158725"
"G1700030","1.38897823821852"
"G1700050","-17.234176727557"
"G1700070","9.93203368636645"
"G1700090","-44.567309873656"
"G1700110","0.688555712120378"
"G1700130","-59.3047499320191"
"G1700150","11.2586275065196"
"G1700170","-4.82835275494032"
"G1700190","-11.7611558538724"
"G1700210","4.09671256745486"
"G1700230","-11.3283587221969"
"G1700250","53.8912071788054"
"G1700270","14.4424117135149"
"G1700290","13.563429579496"
"G1700310","2.02318353047019"
"G1700330","9.51899503116763"
"G1700350","-11.3723638327863"
"G1700370","-1.58013199341326"
"G1700390","-13.8028607144199"
"G1700410","-4.89009062077588"
"G1700430","3.38752897615233"
"G1700450","44.411036324583"
"G1700470","-36.7804182486547"
"G1700490","42.9836269997879"
"G1700510","32.4331741857254"
"G1700530","-0.863308308430118"
"G1700550","1.33501922267787"
"G1700570","8.93485745627668"
"G1700590","-13.9407474479749"
"G1700610","-24.3332286412712"
"G1700630","-4.24937563527597"
"G1700650","11.4602047914192"
"G1700670","4.74310591143061"
"G1700690","-39.7756175459441"
"G1700710","1.08442235319252"
"G1700730","-5.77760619193162"
"G1700750","-37.9839579163231"
"G1700770","-28.4214508143059"
"G1700790","23.3609544810936"
"G1700810","16.395893254072"
"G1700830","49.201676422459"
"G1700850","-3.34897586682167"
"G1700870","2.78509980738684"
"G1700890","-0.247748446072621"
"G1700910","7.14539944504426"
"G1700930","8.75782652445232"
"G1700950","2.91944214800224"
"G1700970","0.445511149349408"
"G1700990","4.85833641645331"
"G1701010","-37.5680379401942"
"G1701030","-0.55219018674888"
"G1701050","19.9470243473155"
"G1701070","18.8622765774871"
"G1701090","0.345221853379611"
"G1701110","3.68955946349653"
"G1701130","-3.50937541744065"
"G1701150","7.96034533580853"
"G1701170","22.7431547023729"
"G1701190","19.5738000775817"
"G1701210","-54.4324204821269"
"G1701230","9.6372369400051"
"G1701250","1.43815296500582"
"G1701270","-22.2016276509534"
"G1701290","-0.19778026046643"
"G1701310","11.0868154653595"
"G1701330","-8.7929553357216"
"G1701350","17.0230744406725"
"G1701370","3.33033479175802"
"G1701390","-17.04509768054"
"G1701410","3.83732303748527"
"G1701430","1.36659653249522"
"G1701450","13.9604041759468"
"G1701470","14.5244906352973"
"G1701490","-5.54104026985136"
"G1701510","-78.0432584818833"
"G1701530","-25.266425671124"
"G1701550","17.7253654467325"
"G1701570","-11.214650937301"
"G1701590","-14.3508008438237"
"G1701610","-1.9408045285566"
"G1701630","0.323684538133542"
"G1701650","9.20366754233454"
"G1701670","-4.64666529870419"
"G1701690","-17.2579993366334"
"G1701710","50.9530251426799"
"G1701730","-12.8212459099824"
"G1701750","-9.81424780447743"
"G1701770","7.79254190537044"
"G1701790","-4.6576044129851"
"G1701810","33.2426227850047"
"G1701830","16.8042518278199"
"G1701850","-37.1085954061556"
"G1701870","7.60255321877881"
"G1701890","2.87196219461116"
"G1701910","7.03953488979776"
"G1701930","-40.0614285335503"
"G1701950","1.37985170231035"
"G1701970","1.45673374612253"
"G1701990","-10.7785911090348"
"G1702010","-0.299977459311723"
"G1702030","-3.53511349350683"
"G1800010","5.73631687362324"
"G1800030","14.3645178977207"
"G1800050","-8.96703538892677"
"G1800070","-46.0718601690929"
"G1800090","-47.75450162689"
"G1800110","11.9380204647436"
"G1800130","35.0280578139313"
"G1800150","-30.7498583102349"
"G1800170","18.3319979730854"
"G1800190","5.4998345566467"
"G1800210","-32.0300615401441"
"G1800230","-58.1744901300793"
"G1800250","-66.2106979241603"
"G1800270","21.1516734117608"
"G1800290","17.5605014631178"
"G1800310","8.72683316755273"
"G1800330","-18.6388507836726"
"G1800350","-8.07440555638255"
"G1800370","-3.51764116516855"
"G1800390","-10.2895457812527"
"G1800410","109.880097500025"
"G1800430","-1.10733219351956"
"G1800450","-24.3331233729602"
"G1800470","38.9324848897366"
"G1800490","-54.2476828990302"
"G1800510","-44.1985053006761"
"G1800530","-10.0552158089639"
"G1800550","-8.96301839876223"
"G1800570","-7.00536024533296"
"G1800590","-45.9860814668036"
"G1800610","5.02250671765036"
"G1800630","-8.26097710937897"
"G1800650","-18.9331022927202"
"G1800670","23.9517149817666"
"G1800690","-28.9374323029084"
"G1800710","22.2597449148758"
"G1800730","-0.994255085743388"
"G1800750","-5.96662193509291"
"G1800770","-4.97019271566358"
"G1800790","37.0381551664309"
"G1800810","3.27270982801865"
"G1800830","-48.0224343936642"
"G1800850","9.25544356813854"
"G1800870","-15.6015821071508"
"G1800890","5.72467763662039"
"G1800910","-4.05881250841824"
"G1800930","-7.05464589280959"
"G1800950","-7.77273216592631"
"G1800970","-7.16253185697676"
"G1800990","13.3760037749086"
"G1801010","47.7875558006923"
"G1801030","-1.00407958538819"
"G1801050","11.5576920056498"
"G1801070","4.85071025714448"
"G1801090","3.40992193691725"
"G1801110","14.5198743451283"
"G1801130","-20.2422144073368"
"G1801150","64.0343079431944"
"G1801170","-41.3886911968944"
"G1801190","25.2715870569055"
"G1801210","-25.4688872023614"
"G1801230","7.58916254458649"
"G1801250","7.07118931114009"
"G1801270","-0.221033096982217"
"G1801290","-19.3459589510244"
"G1801310","-54.6497431665647"
"G1801330","-16.7275635866906"
"G1801350","96.9515015175431"
"G1801370","-8.93357090946645"
"G1801390","-17.4937310064118"
"G1801410","-0.0292579306417061"
"G1801430","12.6594839518489"
"G1801450","-20.9310636970556"
"G1801470","39.2750607406794"
"G1801490","-35.2039165149955"
"G1801510","2.27874455930469"
"G1801530","-19.1216755274081"
"G1801550","55.8405257854115"
"G1801570","-24.7643412800945"
"G1801590","40.7282367026477"
"G1801610","-98.0313877943949"
"G1801630","-7.58502829848883"
"G1801650","-36.3132120155802"
"G1801670","13.6556476703717"
"G1801690","-7.71004046506774"
"G1801710","107.496121131615"
"G1801730","2.76429034208577"
"G1801750","-13.8798085287691"
"G1801770","28.1257206129817"
"G1801790","-18.7925160647403"
"G1801810","19.724196656531"
"G1801830","-31.7477009767375"
"G1900010","-1.90511783208008"
"G1900030","7.23683081073169"
"G1900050","-4.32646599133917"
"G1900070","-0.244492561456159"
"G1900090","-5.66926368046619"
"G1900110","-3.64684930530998"
"G1900130","2.32972623055948"
"G1900150","-7.91096766913982"
"G1900170","-7.42230583002912"
"G1900190","2.14329251937965"
"G1900210","1.61834511361402"
"G1900230","4.13459598578568"
"G1900250","1.40514763800655"
"G1900270","1.99607218169113"
"G1900290","-5.38187735971443"
"G1900310","-8.88470353157004"
"G1900330","0.861484177867311"
"G1900350","9.03524363366952"
"G1900370","17.5612803892321"
"G1900390","2.43416364840412"
"G1900410","0.745548537080168"
"G1900430","11.3659660031906"
"G1900450","-0.011285059281347"
"G1900470","-8.40328676775282"
"G1900490","-0.565854330859058"
"G1900510","-2.23967615632405"
"G1900530","-8.24671152362928"
"G1900550","0.0346906198409334"
"G1900570","0.792671003396552"
"G1900590","0.700202781113793"
"G1900610","2.69998345828262"
"G1900630","-0.909973322000338"
"G1900650","13.6611532177883"
"G1900670","2.65400347679861"
"G1900690","1.0706433669717"
"G1900710","9.26279075216548"
"G1900730","-0.432492191810985"
"G1900750","-10.0913216491019"
"G1900770","-3.39838819154486"
"G1900790","9.46410795478111"
"G1900810","0.795325078309455"
"G1900830","3.03755323757273"
"G1900850","3.11649284553305"
"G1900870","-8.06981854627088"
"G1900890","2.2839173048782"
"G1900910","10.1386570930037"
"G1900930","-3.95998770780725"
"G1900950","3.9562991058856"
"G1900970","0.0276409749835029"
"G1900990","-4.28412805536022"
"G1901010","-10.3734114784791"
"G1901030","-0.702399831498937"
"G1901050","-0.478339644638588"
"G1901070","21.4670790267268"
"G1901090","-0.543387213311402"
"G1901110","5.17438839289387"
"G1901130","-4.03131073769526"
"G1901150","7.16645413380837"
"G1901170","5.95771353357984"
"G1901190","-9.59292313041513"
"G1901210","-0.0423561942999718"
"G1901230","-5.79153773960305"
"G1901250","6.42385933890943"
"G1901270","3.82838009722465"
"G1901290","-24.3766618143299"
"G1901310","-3.01683597993146"
"G1901330","-2.45377779741443"
"G1901350","7.62430718886935"
"G1901370","2.92305101494626"
"G1901390","1.05947998185488"
"G1901410","-13.4846570483617"
"G1901430","-8.91162836196541"
"G1901450","2.49225101375311"
"G1901470","4.61152818199855"
"G1901490","4.07658060177615"
"G1901510","2.42542186050231"
"G1901530","-0.783765538081759"
"G1901550","-1.66955897200569"
"G1901570","1.17930685543095"
"G1901590","-21.4972601409773"
"G1901610","7.55720317073344"
"G1901630","-1.37705649618117"
"G1901650","5.28029482152369"
"G1901670","5.97112227493196"
"G1901690","-3.66665610887869"
"G1901710","-5.01779813437844"
"G1901730","-5.80635272063264"
"G1901750","18.8535905796205"
"G1901770","-22.4874148652417"
"G1901790","7.44012861328556"
"G1901810","0.114127247488443"
"G1901830","-7.46947864102992"
"G1901850","0.85345840359517"
"G1901870","-0.550816725964888"
"G1901890","-11.0169368313111"
"G1901910","-0.967543869811046"
"G1901930","0.434938140506426"
"G1901950","14.9348313132939"
"G1901970","3.06173842348512"
"G2000010","5.79807048989678"
"G2000030","-7.77129427667915"
"G2000050","-9.49520503643016"
"G2000070","4.84953244296347"
"G2000090","-9.14308146018913"
"G2000110","22.6667439677514"
"G2000130","-1.29086541726958"
"G2000150","1.05112343321228"
"G2000170","7.42770257643452"
"G2000190","0.46919889800205"
"G2000210","-9.38731779233628"
"G2000230","-6.42327636776836"
"G2000250","6.80417417824274"
"G2000270","4.62257347680857"
"G2000290","-2.02652989232477"
"G2000310","-2.98882592434155"
"G2000330","6.56188689305337"
"G2000350","-2.75532195221622"
"G2000370","-0.744200974103856"
"G2000390","-2.10067799733649"
"G2000410","-0.598801542523314"
"G2000430","7.04018837956722"
"G2000450","10.7401113490429"
"G2000470","7.59779773758503"
"G2000490","-3.69410956005645"
"G2000510","0.857739036746155"
"G2000530","-11.8439649795252"
"G2000550","3.63859587781324"
"G2000570","1.6666139138264"
"G2000590","3.23708168906741"
"G2000610","8.03346370960636"
"G2000630","3.1959900093141"
"G2000650","-3.4351067439612"
"G2000670","-4.16274641440792"
"G2000690","-2.60529477609803"
"G2000710","21.2389364226418"
"G2000730","8.7218752707522"
"G2000750","-0.434032741669434"
"G2000770","-12.9879686151426"
"G2000790","7.94146977950071"
"G2000810","8.36736505161181"
"G2000830","27.4997071148487"
"G2000850","-7.80216156021239"
"G2000870","3.71445591406525"
"G2000890","3.78304380796177"
"G2000910","3.38346849159266"
"G2000930","2.60692305556179"
"G2000950","8.36320870711537"
"G2000970","-5.08998611812521"
"G2000990","5.97343837318346"
"G2001010","4.54841144432399"
"G2001030","7.212366360607"
"G2001050","-26.8804501619625"
"G2001070","-10.9352765456675"
"G2001090","5.62635368924743"
"G2001110","-1.56893739506088"
"G2001130","6.89861521221066"
"G2001150","1.7761636029201"
"G2001170","10.1744866182147"
"G2001190","-3.29735074369487"
"G2001210","-3.82551792703802"
"G2001230","-8.55090083980239"
"G2001250","-1.7849270913066"
"G2001270","-6.37621840474933"
"G2001290","-0.235185016061284"
"G2001310","6.60475338638261"
"G2001330","-1.09650021179769"
"G2001350","3.38055313495013"
"G2001370","1.68305047586856"
"G2001390","4.57458197563149"
"G2001410","9.82682964457056"
"G2001430","-15.6875763985848"
"G2001450","-3.21252418874746"
"G2001470","-4.53722813484987"
"G2001490","15.8213322998682"
"G2001510","6.27191971316139"
"G2001530","9.50708882349087"
"G2001550","6.58914389154957"
"G2001570","18.3164862818672"
"G2001590","2.53936905873135"
"G2001610","1.66846592839725"
"G2001630","0.514951026928041"
"G2001650","8.14809570934685"
"G2001670","3.9189700820631"
"G2001690","-4.41924236489758"
"G2001710","-7.57405311950644"
"G2001730","4.19295223043246"
"G2001750","-4.54416557712616"
"G2001770","8.69764384115495"
"G2001790","0.419063292025107"
"G2001810","-3.93835439157198"
"G2001830","11.4646890146893"
"G2001850","1.12903713902302"
"G2001870",NA
"G2001890","-1.17397906924283"
"G2001910","-11.244223310892"
"G2001930","3.75333690969705"
"G2001950","1.79753012424049"
"G2001970","-14.35563478575"
"G2001990",NA
"G2002010","-1.18235581382347"
"G2002030","9.57593332555775"
"G2002050","-7.48706422400423"
"G2002070","13.7811623852852"
"G2002090","11.0900144314107"
"G2100010","9.82860799733487"
"G2100030","-1.17787502476371"
"G2100050","-5.7506543207577"
"G2100070","-5.43697835714264"
"G2100090","5.10535574583383"
"G2100110","26.8998282550779"
"G2100130","-5.01323517216258"
"G2100150","-10.6404167414101"
"G2100170","-20.4431814962468"
"G2100190","-3.71954344497461"
"G2100210","-8.70975034053318"
"G2100230","43.1183645213566"
"G2100250","-10.1937079070964"
"G2100270","36.9320456243405"
"G2100290","-0.183618353888085"
"G2100310","0.379571360297141"
"G2100330","33.5125986520056"
"G2100350","-3.37129444390899"
"G2100370","-0.102982868740587"
"G2100390","-9.77863072406436"
"G2100410","-45.1281344528245"
"G2100430","-3.01145104773106"
"G2100450","9.40777073268102"
"G2100470","-8.51781853051346"
"G2100490","-16.2062006798059"
"G2100510","-6.52524288234012"
"G2100530","-12.9481725025585"
"G2100550","48.4477217768487"
"G2100570","22.5460262099084"
"G2100590","-14.554165102424"
"G2100610","8.72685608139231"
"G2100630","19.4385860076028"
"G2100650","-21.1540323245071"
"G2100670","-0.857884063743773"
"G2100690","-20.1898729431647"
"G2100710","12.3625497479951"
"G2100730","-31.3767841011295"
"G2100750","-0.446734966103479"
"G2100770","7.24134390380705"
"G2100790","14.7665123098502"
"G2100810","24.8382790549659"
"G2100830","7.32346960824813"
"G2100850","-59.4466617400865"
"G2100870","2.23086989102774"
"G2100890","3.44291507748852"
"G2100910","40.5890030212035"
"G2100930","-15.2773516514689"
"G2100950","-2.90677306097871"
"G2100970","-17.4995788319223"
"G2100990","2.71785164389423"
"G2101010","-29.1586917060192"
"G2101030","37.2015947704433"
"G2101050","-33.1129522690417"
"G2101070","24.9153367529644"
"G2101090","-7.3025551158992"
"G2101110","-9.03945729214579"
"G2101130","-9.70731966960212"
"G2101150","-10.6630680483742"
"G2101170","-4.61209927822482"
"G2101190","5.26871579186997"
"G2101210","19.0787676728479"
"G2101230","-14.2193755103543"
"G2101250","8.19958213172626"
"G2101270","-13.956325245719"
"G2101290","-6.49509848044837"
"G2101310","-6.73197231072333"
"G2101330","-10.5983482176053"
"G2101350","-11.4421180276549"
"G2101370","1.91170768684568"
"G2101390","-6.37298298663515"
"G2101410","-10.2823253060735"
"G2101430","-42.9494975215477"
"G2101450","0.109604451898871"
"G2101470","-10.1630699442877"
"G2101490","-40.5479033150415"
"G2101510","6.04044275903326"
"G2101530","26.3135152293159"
"G2101550","-6.88648400973056"
"G2101570","5.84850983490721"
"G2101590","-5.1070598583233"
"G2101610","-1.43623228155876"
"G2101630","-45.0262280897069"
"G2101650","32.75676656255"
"G2101670","7.63691742619778"
"G2101690","-16.2983107162141"
"G2101710","24.814124095458"
"G2101730","10.8644058755776"
"G2101750","17.7067585717746"
"G2101770","4.51956446727904"
"G2101790","28.7708042089653"
"G2101810","27.5582861734546"
"G2101830","49.4972443203345"
"G2101850","-90.3699944807401"
"G2101870","-35.8580129330621"
"G2101890","-13.519711188611"
"G2101910","17.1386914735557"
"G2101930","7.64281226685675"
"G2101950","7.20206816592545"
"G2101970","-17.0568928626615"
"G2101990","4.34151606139619"
"G2102010","-31.3903648660438"
"G2102030","13.0406170373176"
"G2102050","3.11438294485006"
"G2102070","-3.23667979317305"
"G2102090","46.3153861918451"
"G2102110","-4.74676713132722"
"G2102130","6.39335584031974"
"G2102150","-0.704057517965519"
"G2102170","14.3668349309674"
"G2102190","23.0050075229729"
"G2102210","3.50023146580329"
"G2102230","-33.7715435155581"
"G2102250","-7.97923693856903"
"G2102270","-7.29703887335817"
"G2102290","13.9812015359599"
"G2102310","-16.8599682743184"
"G2102330","-4.93625941309951"
"G2102350","-3.30676798194665"
"G2102370","-11.3078353051209"
"G2102390","-15.8346880027428"
"G2200010","9.19423791539332"
"G2200030","22.0328954503582"
"G2200050","12.4944681446308"
"G2200070","5.51483187331805"
"G2200090","12.9153385992668"
"G2200110","-11.4686464102317"
"G2200130","12.3760239207201"
"G2200150","-1.08105893038437"
"G2200170","4.19349011608995"
"G2200190","-2.03611010718241"
"G2200210","-5.75182189749307"
"G2200230","-17.3271398380278"
"G2200250","11.4519707185402"
"G2200270","5.1745666367438"
"G2200290","-7.1052256910054"
"G2200310","-1.14698023170031"
"G2200330","7.27308049952926"
"G2200350","5.41936011577176"
"G2200370","13.5080710720661"
"G2200390","2.42478816722117"
"G2200410","3.95231797812398"
"G2200430","10.6990015038251"
"G2200450","4.11398162684288"
"G2200470","0.393300732585948"
"G2200490","1.15710733768877"
"G2200510","4.36831339897738"
"G2200530","3.80452313097653"
"G2200550","6.24132737705359"
"G2200570","3.05157584018672"
"G2200590","7.55358674438832"
"G2200610","-4.19626286146707"
"G2200630","7.80955275303984"
"G2200650","-20.4571285760388"
"G2200670","-6.93383499195576"
"G2200690","7.52445892148101"
"G2200710","3.55163713860145"
"G2200730","-0.500927988206366"
"G2200750","-0.508639871888228"
"G2200770","0.307597271616816"
"G2200790","9.35284914573301"
"G2200810","-5.6108610893153"
"G2200830","9.65618490576457"
"G2200850","5.89843458714766"
"G2200870","-18.9513156305097"
"G2200890","-2.25585685338225"
"G2200910","2.23477951428393"
"G2200930","-1.15027391745834"
"G2200950","-5.9436628543865"
"G2200970","-7.76800519575701"
"G2200990","9.42438962002496"
"G2201010","-0.731853264749951"
"G2201030","5.59329144375945"
"G2201050","10.0647895738874"
"G2201070","1.1008816506091"
"G2201090","4.63908742098472"
"G2201110","2.16891115149343"
"G2201130","3.70426141819265"
"G2201150","3.07702529584088"
"G2201170","-10.1097948907769"
"G2201190","-2.42723933583141"
"G2201210","0.255477184704503"
"G2201230","-1.31349682313387"
"G2201250","-8.33075555443112"
"G2201270","-1.54044836562336"
"G2300010","-65.7012814607396"
"G2300030","-50.5924251099162"
"G2300050","-54.1174839327687"
"G2300070","-76.4353525597945"
"G2300090","-68.8034834088491"
"G2300110","-62.2850943384776"
"G2300130","-60.8398833735022"
"G2300150","-82.6478615793299"
"G2300170","-68.5809066800075"
"G2300190","-61.2662862207077"
"G2300210","-30.9571900252059"
"G2300230","-76.2169352999549"
"G2300250","-55.0323161495098"
"G2300270","-75.2209831302837"
"G2300290","-63.1025818326178"
"G2300310","-69.5772811446562"
"G2400010","-6.16616181974399"
"G2400030","-0.422945096763917"
"G2400050","-3.75462087615641"
"G2400090","-5.1501032456901"
"G2400110","7.00229038603239"
"G2400130","4.41669936361218"
"G2400150","5.98234595864761"
"G2400170","8.88222858458524"
"G2400190","-9.69127358451173"
"G2400210","8.69367446809246"
"G2400230","-4.35590167839525"
"G2400250","1.68411612225688"
"G2400270","-4.07892544667015"
"G2400290","7.03448372431084"
"G2400310","1.6313009623506"
"G2400330","-0.683124518174683"
"G2400350","4.52141394161486"
"G2400370","-4.3715612955793"
"G2400390","16.382643615825"
"G2400410","-7.33303330378729"
"G2400430","14.7035544199416"
"G2400450","0.769531333948816"
"G2400470","11.4965137535161"
"G2405100","5.62600798629231"
"G2500010","-74.0636991094493"
"G2500030","-77.6271501502484"
"G2500050","-69.5293249598513"
"G2500070","-44.8052106600278"
"G2500090","-62.7333889731503"
"G2500110","-45.0517634297958"
"G2500130","-33.560959787453"
"G2500150","-55.317872999844"
"G2500170","-52.286382802545"
"G2500190","-177.512085091184"
"G2500210","-66.9752423975543"
"G2500230","-47.2596640734867"
"G2500250","-77.915531266485"
"G2500270","-38.8933729637445"
"G2600010","-24.6993247276086"
"G2600030","9.897829300258"
"G2600050","0.819423433102693"
"G2600070","-1.28728209800302"
"G2600090","-18.2305781877579"
"G2600110","94.6603041278046"
"G2600130","16.8646586590774"
"G2600150","31.293164597766"
"G2600170","-9.82367972839217"
"G2600190","-17.0405715980412"
"G2600210","9.65653914389825"
"G2600230","-16.8801687877191"
"G2600250","-16.8433685899877"
"G2600270","3.52177409601688"
"G2600290","17.3849936137806"
"G2600310","-53.2910413011107"
"G2600330","-26.5130092108724"
"G2600350","23.3126180605672"
"G2600370","-7.36270544868388"
"G2600390","-1.58747316330233"
"G2600410","14.2580402493299"
"G2600430","-3.67274104004273"
"G2600450","29.32348349303"
"G2600470","-44.611298574433"
"G2600490","6.70329305239706"
"G2600510","-30.9381115504389"
"G2600530","7.84551421927864"
"G2600550","4.7243803263503"
"G2600570","58.044058287961"
"G2600590","44.0196092377555"
"G2600610","1.7047934980039"
"G2600630","-16.6788957556373"
"G2600650","9.60972866249555"
"G2600670","-4.12362601953796"
"G2600690","32.5439635379135"
"G2600710","-3.80604593138166"
"G2600730","70.7455633341593"
"G2600750","30.7179061467501"
"G2600770","-11.2855140988027"
"G2600790","-25.7238918923045"
"G2600810","32.3049137761114"
"G2600830","12.6048179699151"
"G2600850","-0.0446598903110923"
"G2600870","15.0782191439586"
"G2600890","-54.6467587265502"
"G2600910","-22.2926476792582"
"G2600930","12.7472418329765"
"G2600950","-71.6453913820577"
"G2600970","-20.2526346950143"
"G2600990","-64.9700398491668"
"G2601010","-25.5651898059956"
"G2601030","-7.70049021229067"
"G2601050","-76.2161658038352"
"G2601070","-26.8268065578789"
"G2601090","-2.45789239570398"
"G2601110","23.3814966321899"
"G2601130","-8.98614736882895"
"G2601150","2.40008640989631"
"G2601170","51.0504658357274"
"G2601190","-14.2599141999874"
"G2601210","26.6174634761486"
"G2601230","5.65299109059618"
"G2601250","-13.207832602961"
"G2601270","-5.40818433825473"
"G2601290","53.5798041018567"
"G2601310","36.2303025742847"
"G2601330","11.4701668623871"
"G2601350","11.6527831788366"
"G2601370","-27.5313953590976"
"G2601390","7.64851975645168"
"G2601410","65.789598915708"
"G2601430","-43.5453640081443"
"G2601450","7.88639382686331"
"G2601470","574.593645956777"
"G2601490","13.2980574580291"
"G2601510","-69.3453162981578"
"G2601530","-53.5495799350059"
"G2601550","16.2077246143516"
"G2601570","-31.1866375084087"
"G2601590","13.98831233786"
"G2601610","-4.67887742572619"
"G2601630","-23.4801606192857"
"G2601650","-5.92027495554238"
"G2700010","-0.406036379872186"
"G2700030","-6.19637250078748"
"G2700050","-7.38204091909215"
"G2700070","0.317419611796515"
"G2700090","2.89474484949825"
"G2700110","-7.2678737674613"
"G2700130","-1.3634894865614"
"G2700150","6.47448484419776"
"G2700170","1.27949069197311"
"G2700190","-13.9502170810799"
"G2700210","11.3987129701779"
"G2700230","13.4812381615721"
"G2700250","5.63983870449933"
"G2700270","1.94540430920173"
"G2700290","-17.9273815352509"
"G2700310","16.9883669961794"
"G2700330","-13.5278497002162"
"G2700350","2.21162255024184"
"G2700370","4.0715811359736"
"G2700390","0.263762544898991"
"G2700410","-26.0960570128446"
"G2700430","2.45737929236442"
"G2700450","5.49723109125571"
"G2700470","0.762716684415534"
"G2700490","-0.0881093862304797"
"G2700510","3.73403024789004"
"G2700530","-3.60523386341384"
"G2700550","7.36974573328548"
"G2700570","-3.06051323491113"
"G2700590","-14.2092820231544"
"G2700610","-6.2773162368951"
"G2700630","0.781304265573429"
"G2700650","-3.14759323684473"
"G2700670","-5.77935282277621"
"G2700690","39.4377301175838"
"G2700710","6.10552743355283"
"G2700730","-23.3989002508085"
"G2700750","-0.708423484592375"
"G2700770","-13.0136896309337"
"G2700790","-0.390880919926051"
"G2700810","-10.9014093134762"
"G2700830","-1.9459370479914"
"G2700850","-0.282127528325463"
"G2700870","9.10901338656315"
"G2700890","1.46634833456309"
"G2700910","0.605864047164133"
"G2700930","9.72402369325079"
"G2700950","5.24153728976461"
"G2700970","2.27352408025178"
"G2700990","-1.23515699732016"
"G2701010","0.85479355409207"
"G2701030","3.99727940795702"
"G2701050","6.6003247282603"
"G2701070","3.52177577361704"
"G2701090","-2.38132605028532"
"G2701110","-23.9351979450191"
"G2701130","-17.0972454672635"
"G2701150","10.1331392562444"
"G2701170","4.71095082592355"
"G2701190","-10.5295655013989"
"G2701210","-27.5805673047002"
"G2701230","3.03043250619153"
"G2701250","0.426984282207384"
"G2701270","5.47370872360476"
"G2701290","-10.5746155712187"
"G2701310","-0.308608100934198"
"G2701330","-8.26643254088252"
"G2701350","-19.7999293284687"
"G2701370","-3.41183648697684"
"G2701390","13.2312365778511"
"G2701410","-8.99254999647534"
"G2701430","-4.47490122217395"
"G2701450","-7.23292157079995"
"G2701470","-0.0909948992323292"
"G2701490","-26.3152898870787"
"G2701510","-12.6671057959669"
"G2701530","0.220974434027109"
"G2701550","-4.57103973215761"
"G2701570","14.1912176219097"
"G2701590","-12.7474705642079"
"G2701610","9.18239783604493"
"G2701630","8.37055091973788"
"G2701650","-5.42866729782277"
"G2701670","-32.270402509773"
"G2701690","-8.59859505895429"
"G2701710","-6.6915292910371"
"G2701730","-7.74906405442027"
"G2800010","-7.42030337039368"
"G2800030","-2.45603899854402"
"G2800050","1.55797811000084"
"G2800070","2.31895029432225"
"G2800090","-1.13510290232549"
"G2800110","7.91564377050584"
"G2800130","-14.3542016288216"
"G2800150","-48.3147700808144"
"G2800170","1.21975725165101"
"G2800190","30.4696452881176"
"G2800210","-44.4609152849188"
"G2800230","7.09025671313084"
"G2800250","-10.2791141241049"
"G2800270","3.0043573888405"
"G2800290","0.848837722520756"
"G2800310","38.233044109096"
"G2800330","-4.92631375151979"
"G2800350","-0.0300347795463096"
"G2800370","6.73616821751468"
"G2800390","2.29966354317116"
"G2800410","-2.83337202203461"
"G2800430","7.19617131534863"
"G2800450","4.04124436317691"
"G2800470","2.04119816779947"
"G2800490","-1.50471993081503"
"G2800510","-33.3725434221183"
"G2800530","46.7516823209972"
"G2800570","-17.7937669453367"
"G2800590","0.12493865660021"
"G2800610","-19.9234774988332"
"G2800630","2.63528576527594"
"G2800650","-7.66333914809784"
"G2800670","-18.3448678806193"
"G2800690","5.25591231981783"
"G2800710","19.5748747507197"
"G2800730","10.3759518319565"
"G2800750","-0.172198924940665"
"G2800770","27.7211953041108"
"G2800790","14.0713030014065"
"G2800810","46.8803477770787"
"G2800830","28.6291124165356"
"G2800850","-1.26426614707894"
"G2800870","-2.85796859048"
"G2800890","2.03539880611547"
"G2800910","-4.45483871863872"
"G2800930","-10.388698497178"
"G2800950","-4.96518722080174"
"G2800970","12.8349450149935"
"G2800990","-7.07807876530374"
"G2801010","3.27428000905962"
"G2801030","8.48272970297424"
"G2801050","10.2515522293187"
"G2801070","1.49340377852522"
"G2801090","-6.16603261629787"
"G2801110","11.7994191316049"
"G2801130","2.91453415062628"
"G2801150","-4.06243364388333"
"G2801170","-15.6202460468745"
"G2801190","-7.41175321996666"
"G2801210","8.76811799247376"
"G2801230","24.4358855517208"
"G2801250","41.8009451793726"
"G2801270","1.43032160430837"
"G2801290","-14.2850548265723"
"G2801310","3.81270140033775"
"G2801330","10.8779473256077"
"G2801350","7.2791353877252"
"G2801370","6.16550960009438"
"G2801390","-1.07666472292767"
"G2801410","21.505431130735"
"G2801430","-8.62131912838561"
"G2801450","-9.54372319005971"
"G2801470","18.3883376783754"
"G2801490","-1.46463464632885"
"G2801510","-11.2125601497871"
"G2801530","30.5576132794051"
"G2801550","7.25087539556335"
"G2801570","17.8235738172722"
"G2801590","15.0511205526828"
"G2801610","8.74975798829647"
"G2801630","-2.09824858502132"
"G2900010","23.0973543244869"
"G2900030","5.45924593112275"
"G2900050","-20.3744723202125"
"G2900070","-1.58917777953832"
"G2900090","-2.88385586217817"
"G2900110","-5.82227522651186"
"G2900130","-0.558920450779277"
"G2900150","18.7440268144192"
"G2900170","-88.9931955570852"
"G2900190","-1.21054862319792"
"G2900210","-0.776087117475719"
"G2900230","2.2665813828034"
"G2900250","-7.61220369340754"
"G2900270","-14.8107478816971"
"G2900290","0.53571204079527"
"G2900310","-27.9572124060153"
"G2900330","3.15294643873644"
"G2900350","-86.1596136484166"
"G2900370","2.2656675541306"
"G2900390","-6.39881935476796"
"G2900410","13.6614213294159"
"G2900430","3.47260930340289"
"G2900450","21.9483593467318"
"G2900470","-0.543737115140053"
"G2900490","9.56626893258441"
"G2900510","-1.98899403502241"
"G2900530","-19.9749395964984"
"G2900550","-42.2626786062093"
"G2900570","-9.60926246073872"
"G2900590","28.1082491261789"
"G2900610","7.20456558005105"
"G2900630","-6.37624419594421"
"G2900650","-3.29194066715771"
"G2900670","-7.10823009603098"
"G2900690","3.83431078835871"
"G2900710","-25.2960624234662"
"G2900730","-1.65941480515428"
"G2900750","8.82121173508328"
"G2900770","-3.80077046871733"
"G2900790","-8.16555726399558"
"G2900810","5.20231968241092"
"G2900830","-1.84000830617229"
"G2900850","-11.5777721210496"
"G2900870","4.87660797975737"
"G2900890","3.79035004540862"
"G2900910","4.63339294610199"
"G2900930","-44.0190373044204"
"G2900950","0.476019333835087"
"G2900970","-0.0857784032423772"
"G2900990","-26.840008393817"
"G2901010","-11.5808488723035"
"G2901030","-44.2583775254626"
"G2901050","25.804360707663"
"G2901070","12.037200434384"
"G2901090","14.356837678205"
"G2901110","12.395845850968"
"G2901130","-9.45045130336286"
"G2901150","2.00475088172959"
"G2901170","-3.26354422550273"
"G2901190","19.8686708004463"
"G2901210","3.08957900364159"
"G2901230","8.32862345129376"
"G2901250","-24.0406204088211"
"G2901270","-7.4851989114282"
"G2901290","17.342267798701"
"G2901310","-2.99563587697743"
"G2901330","-15.80890114397"
"G2901350","-17.3699527831253"
"G2901370","-0.991961824771496"
"G2901390","-2.01906040626033"
"G2901410","-32.9283233416964"
"G2901430","-14.352188881204"
"G2901450","4.7158564781935"
"G2901470","-1.98756149905131"
"G2901490","-35.4558608465474"
"G2901510","43.1814532104516"
"G2901530","21.1160040835534"
"G2901550","-11.3082443825185"
"G2901570","-13.3798440147722"
"G2901590","-1.39363985377018"
"G2901610","-0.572044370082635"
"G2901630","9.47548740107342"
"G2901650","0.761187016235348"
"G2901670","-17.4007767085999"
"G2901690","27.0864846736465"
"G2901710","4.7802938647371"
"G2901730","15.5562154567333"
"G2901750","26.3620944093389"
"G2901770","-1.92196744272436"
"G2901790","17.4723023262883"
"G2901810","-17.6527958105327"
"G2901830","10.5066493512033"
"G2901850","-7.71355626766001"
"G2901860","-8.00020606802302"
"G2901870","35.1360707184602"
"G2901890","5.28388067520471"
"G2901950","4.86319122347035"
"G2901970","19.3016584090961"
"G2901990","1.17881095908661"
"G2902010","-8.03910185170204"
"G2902030","0.911656442577361"
"G2902050","23.7679283643819"
"G2902070","-14.4574486069958"
"G2902090","16.1933500685381"
"G2902110","23.1979171610817"
"G2902130","24.2932666743016"
"G2902150","3.46509801449662"
"G2902170","11.6582228143933"
"G2902190","9.13934554044088"
"G2902210","-5.49885188520903"
"G2902230","3.00133679771754"
"G2902250","25.6122200237019"
"G2902270","-11.4916058163255"
"G2902290","43.3792867058914"
"G2905100","-5.27558763720244"
"G3000010","2.19752482586384"
"G3000030","6.44927531569656"
"G3000050","1.1485213134661"
"G3000070","-10.9491049216086"
"G3000090","-3.17187091433761"
"G3000130","5.16812298716768"
"G3000150","14.9169541191888"
"G3000170","-4.05314161129391"
"G3000190","-34.5408287796891"
"G3000210","8.74861710836046"
"G3000230","11.2528492098794"
"G3000250","20.9065286291271"
"G3000270","-3.80418069988712"
"G3000290","13.1359982026363"
"G3000310","-2.21618114819176"
"G3000330",NA
"G3000350","3.15453095031788"
"G3000390","-10.8034629749906"
"G3000410","-15.9376432600529"
"G3000430","-3.87578450004829"
"G3000450","-2.27231588021819"
"G3000470","-3.97934910259673"
"G3000490","0.731567746543978"
"G3000510","-19.5445502814469"
"G3000530","-2.75223212502322"
"G3000550","82.1946019887511"
"G3000570","-7.90280992009296"
"G3000590","15.8842916745895"
"G3000610","-15.1052600756324"
"G3000630","6.40924319886068"
"G3000650","-7.78766169328844"
"G3000670","-7.76780567907193"
"G3000710","-2.91954461222083"
"G3000730","22.3857098579708"
"G3000750",NA
"G3000770","-8.98214774649695"
"G3000790",NA
"G3000810","-0.90397760142931"
"G3000830","5.29483418482459"
"G3000850","-21.2081847820805"
"G3000870","2.79894440379041"
"G3000890","8.67715051975156"
"G3000910","32.0611398882336"
"G3000930","1.06918862169185"
"G3000950","-4.08215707069385"
"G3000970","-8.55785101013775"
"G3000990","7.63725714063617"
"G3001010","4.41763452487291"
"G3001050","53.2741219211839"
"G3001070","-8.68577252067632"
"G3001090","11.8905320315322"
"G3001110","-2.22057940374253"
"G3100010","-2.00894760393926"
"G3100030","-6.35998493268116"
"G3100110","-8.24355536736885"
"G3100130","-1.13753070040515"
"G3100150","16.7073796374695"
"G3100170","-0.847556122625898"
"G3100190","-3.56268139550522"
"G3100210","10.2371665498215"
"G3100230","19.6865239839078"
"G3100250","5.33051933702185"
"G3100270","-2.28416473015847"
"G3100290","7.44823546451454"
"G3100310","4.20139319097259"
"G3100330","7.81923096878944"
"G3100350","-17.0682770175225"
"G3100370","6.05707749045939"
"G3100390","-1.26053173399353"
"G3100410","-4.18992486464048"
"G3100430","-14.1813489171076"
"G3100450","-0.355264837903363"
"G3100470","1.85019996011106"
"G3100490","-5.93088829481673"
"G3100510","-11.4474743468771"
"G3100530","-3.21790223675026"
"G3100550","4.06367945843746"
"G3100570","-2.41988346202184"
"G3100590","4.95508279519977"
"G3100610","-8.00880443677005"
"G3100630","-0.967222278467458"
"G3100650","-1.28527205819851"
"G3100670","-7.98555179215709"
"G3100690","-2.46307437511729"
"G3100710","25.9863217003692"
"G3100730","6.39947565157782"
"G3100770","-3.12504412986488"
"G3100790","-11.3852201141026"
"G3100810","7.87942321243702"
"G3100830","-9.01683005520248"
"G3100870","-4.6071414336302"
"G3100890","-7.18904168099867"
"G3100930","-12.9321775487469"
"G3100950","-4.65827019087791"
"G3100970","-0.233425153949848"
"G3100990","7.80965434682628"
"G3101010","3.77994294479621"
"G3101050","2.27440106081859"
"G3101070","9.8943163542184"
"G3101090","2.09573424553682"
"G3101110","1.18414772648337"
"G3101190","9.70146867348194"
"G3101210","1.25121230279694"
"G3101230","5.65104474428833"
"G3101250","4.06670966500741"
"G3101270","-11.6780773637386"
"G3101290","-0.186792617020995"
"G3101310","-2.82015910565427"
"G3101330","1.38976451748085"
"G3101350","-4.05941602472694"
"G3101370","-1.85293628008048"
"G3101390","13.3451269499521"
"G3101410","0.966055721983205"
"G3101430","6.40055254832597"
"G3101450","2.85976303045767"
"G3101470","0.157579754315498"
"G3101490","-7.49199375241905"
"G3101510","1.11970317527379"
"G3101530","2.23108655118996"
"G3101550","-3.26815032843684"
"G3101570","-4.42838061127213"
"G3101590","-11.0123667182778"
"G3101610","4.15602757213899"
"G3101630","-12.7489029046377"
"G3101670","2.64935856719308"
"G3101690","3.46429436558783"
"G3101730","25.0711915188966"
"G3101750","1.11695402306243"
"G3101770","2.80912167762332"
"G3101790","-5.64668215963284"
"G3101810","0.633330409023717"
"G3101850","2.57288831425442"
"G3200010","-2.0112939945917"
"G3200030","-0.690856786623349"
"G3200050","-0.166426770374277"
"G3200070","0.133507569310561"
"G3200130","-4.42704718387342"
"G3200150","12.2545957439189"
"G3200170","-1.11937626847933"
"G3200190","2.64794221465042"
"G3200210","-4.18075605087037"
"G3200230","1.70903369469061"
"G3200270","2.43255762363947"
"G3200290","7.07634559141505"
"G3200310","-0.405897782030561"
"G3200330","-7.84682246362878"
"G3205100","-0.224362000962342"
"G3300010","-58.3864187052424"
"G3300030","-62.5290876606554"
"G3300050","-58.1272130056712"
"G3300070","-84.4262539488928"
"G3300090","-69.1613748820176"
"G3300110","-68.4697259361486"
"G3300130","-52.7684845895265"
"G3300150","-64.6501963281055"
"G3300170","-55.6434597621001"
"G3300190","-76.0687009995203"
"G3400010","8.08599522376123"
"G3400030","2.94444887739744"
"G3400050","4.45890457698811"
"G3400070","2.50231921859417"
"G3400090","-5.97950004097494"
"G3400110","4.6965506778113"
"G3400130","-6.14880846542439"
"G3400150","5.02426729308144"
"G3400170","-7.314413616308"
"G3400190","-13.352374186064"
"G3400210","-6.70074266373525"
"G3400230","-3.03020165961784"
"G3400250","0.270299275993886"
"G3400270","-1.87370976268471"
"G3400290","4.0332418203336"
"G3400310","3.49603522589453"
"G3400330","-9.86353668331726"
"G3400350","11.1892006595627"
"G3400370","9.35725818743308"
"G3400390","-5.42332068432711"
"G3400410","-0.533575484579153"
"G3500010","-0.0539193481010109"
"G3500030","-2.66700986842573"
"G3500050","2.99463066728169"
"G3500060","-1.77451846391026"
"G3500070","1.46198718438927"
"G3500090","-2.36692928580424"
"G3500110","5.49866465004253"
"G3500130","-1.46107951166769"
"G3500150","6.40855190785776"
"G3500170","-1.80328518018971"
"G3500190","-5.24740815089479"
"G3500230","8.64358874224985"
"G3500250","1.02710167528241"
"G3500270","-0.479082921886306"
"G3500280","5.26264433356199"
"G3500290","-0.404704159499569"
"G3500310","0.549832840279798"
"G3500330","3.96232628692496"
"G3500350","1.75973019819542"
"G3500370","-0.354534635827485"
"G3500390","-1.53034788081328"
"G3500410","-8.45417822356295"
"G3500430","-1.34289926371126"
"G3500450","1.08162819166648"
"G3500470","-3.04666260470544"
"G3500490","-0.423051476942564"
"G3500510","0.713695786999908"
"G3500530","-0.833364170669112"
"G3500550","-2.9400694588655"
"G3500570","-3.86295582588131"
"G3500590","-0.250876010636566"
"G3500610","-0.0653692840576037"
"G3600010",NA
"G3600030","204.128832708162"
"G3600050","-4.34661141377685"
"G3600070",NA
"G3600090","-91.6685341113146"
"G3600110",NA
"G3600130","24.9941229822559"
"G3600150",NA
"G3600170",NA
"G3600190",NA
"G3600210","94.982338159246"
"G3600230",NA
"G3600250",NA
"G3600270","2.97042772402929"
"G3600290","18.083439258909"
"G3600310","60202.9889724857"
"G3600330","1844.09087082652"
"G3600350",NA
"G3600370","91.2554870946087"
"G3600390","223.495064119923"
"G3600410","887.251836889836"
"G3600430","-308.513360406556"
"G3600450","74.6548640385739"
"G3600470","-0.644459314690697"
"G3600490","113.394043002551"
"G3600510","-8.43980343252686"
"G3600530",NA
"G3600550","9.67634258431257"
"G3600570",NA
"G3600590","3.04927794784624"
"G3600610","-2.50756741423645"
"G3600630","29.782285337672"
"G3600650",NA
"G3600670",NA
"G3600690","28.0728152367947"
"G3600710","-0.504056469812034"
"G3600730","12.5810387340639"
"G3600750","-82.623141501909"
"G3600770",NA
"G3600790","8.52909311709885"
"G3600810","-4.53602026007742"
"G3600830","-335.192126366462"
"G3600850","-4.81338584251306"
"G3600870","1.11718188372031"
"G3600890","198.48084256027"
"G3600910",NA
"G3600930",NA
"G3600950",NA
"G3600970",NA
"G3600990",NA
"G3601010","-133.821508156992"
"G3601030","-0.544285986920986"
"G3601050","4.05233382501998"
"G3601070",NA
"G3601090",NA
"G3601110","28.3810623676547"
"G3601130",NA
"G3601150",NA
"G3601170","-27.8669364276617"
"G3601190","-1.32729209797736"
"G3601210","32.3425500212135"
"G3601230","3941.64440342504"
"G3700010","1.5456426288482"
"G3700030","0.704302354755834"
"G3700050","-5.99539836557795"
"G3700070","2.33098325741641"
"G3700090","-3.79964512998252"
"G3700110","0.0729709430569732"
"G3700130","-17.3938056023333"
"G3700150","-12.8326504005776"
"G3700170","-5.46805999788997"
"G3700190","0.10517853381134"
"G3700210","0.505005132748685"
"G3700230","-0.832886297439603"
"G3700250","-1.39580432381587"
"G3700270","0.324985599014087"
"G3700290","-12.7619710441026"
"G3700310","16.0861238585344"
"G3700330","-1.78139736449197"
"G3700350","0.367595112451012"
"G3700370","7.67937064612154"
"G3700390","2.39135004323913"
"G3700410","-1.77838793410515"
"G3700430","0.531549348898188"
"G3700450","2.60037704779158"
"G3700470","-14.6678520970999"
"G3700490","-15.5079460879296"
"G3700510","1.63973219196123"
"G3700530","8.02640762533263"
"G3700550","6.26446865942115"
"G3700570","-5.52131360250666"
"G3700590","-0.325533516814006"
"G3700610","-10.5113915881039"
"G3700630","-0.070778433161772"
"G3700650","9.42510003120468"
"G3700670","-1.85827230873884"
"G3700690","1.56195468999553"
"G3700710","0.0439011027990361"
"G3700730","1.83581664148394"
"G3700750","-6.98020768411854"
"G3700770","8.80309078377376"
"G3700790","13.5970824099335"
"G3700810","-0.211360337592157"
"G3700830","-3.12534957502638"
"G3700850","6.05977999667034"
"G3700870","-1.00542040643799"
"G3700890","-1.6390730073626"
"G3700910","1.36101331568924"
"G3700930","-16.9500357402878"
"G3700950","-26.3647379970345"
"G3700970","-3.15511349330545"
"G3700990","-0.599944426178184"
"G3701010","1.62207935126778"
"G3701030","32.8491071519155"
"G3701050","-5.25407239161023"
"G3701070","0.105740333196936"
"G3701090","0.986165810979185"
"G3701110","-8.07830781118814"
"G3701130","-4.08011432313649"
"G3701150","-7.28153263387798"
"G3701170","2.60495509350478"
"G3701190","-0.360305531479725"
"G3701210","2.24752202511656"
"G3701230","-11.7064909038085"
"G3701250","3.89494670077464"
"G3701270","-6.65505833081918"
"G3701290","3.57823809509374"
"G3701310","-12.1668653277543"
"G3701330","-10.6968719012243"
"G3701350","-3.81518012084689"
"G3701370","-14.6139362820468"
"G3701390","-12.0997854923333"
"G3701410","-6.87647497416045"
"G3701430","-9.79877731775175"
"G3701450","2.68280315005713"
"G3701470","1.7347709930827"
"G3701490","5.58133289860619"
"G3701510","-0.97139372001419"
"G3701530","8.78014800923354"
"G3701550","3.28699128242116"
"G3701570","-6.35079141654706"
"G3701590","-0.940884745846218"
"G3701610","-0.990454900976626"
"G3701630","2.76836334429666"
"G3701650","11.804546318883"
"G3701670","4.72540860696214"
"G3701690","5.07649516753329"
"G3701710","-6.05411024424227"
"G3701730","4.49289659370983"
"G3701750","1.6276080643871"
"G3701770","52.3110654805421"
"G3701790","0.829912246746861"
"G3701810","-4.127629487283"
"G3701830","2.61517511322557"
"G3701850","-0.811310082578626"
"G3701870","29.4394057599845"
"G3701890","1.91190433207217"
"G3701910","-2.38648430505046"
"G3701930","0.0816778700969593"
"G3701950","-7.05011172927277"
"G3701970","-3.39493848698756"
"G3701990","-4.02042431035594"
"G3800010","6.25858001684313"
"G3800030","5.78511243915433"
"G3800050","-104.45328832699"
"G3800090","10.6516108636956"
"G3800110","-5.10302094690388"
"G3800130","27.0794668774202"
"G3800150","12.8721091664962"
"G3800170","9.58167883158583"
"G3800190","65.6389840624361"
"G3800210","-16.5307734235029"
"G3800230","-0.0166880486764013"
"G3800250","29.7257921020219"
"G3800270","79.6367136230016"
"G3800290","11.4752197816237"
"G3800310","41.7031079185027"
"G3800330",NA
"G3800350","-0.224358612156707"
"G3800370","-5.55497271021214"
"G3800390","31.2072468441703"
"G3800410","-11.6672405864285"
"G3800430","-104.342060600193"
"G3800450","-4.47732673859318"
"G3800470","41.2139062064787"
"G3800490","-11.9524216902878"
"G3800510","18.957436512325"
"G3800530","0.921817810671833"
"G3800550","5.23464456585607"
"G3800570","-0.151343017214153"
"G3800590","-13.2156586311324"
"G3800610","-9.3886212102262"
"G3800630","-56.7446216784478"
"G3800670","57.676227453209"
"G3800690","-37.9827972010234"
"G3800710","-47.9743947217332"
"G3800730","-20.9805739478648"
"G3800750","-4.546298084417"
"G3800770","-30.6346860711474"
"G3800790","8.17419133609411"
"G3800810","11.0626409904147"
"G3800850","-54.7606383252802"
"G3800890","-1.03310456704649"
"G3800930","-5.40218913032441"
"G3800950","-9.28455416378862"
"G3800970","8.01366806035114"
"G3800990","2.49185549721832"
"G3801010","5.96648313783854"
"G3801030","-17.0918100700655"
"G3801050","2.7520233705532"
"G3900010","4.36587417518786"
"G3900030","41.4356262222287"
"G3900050","40.4300341522625"
"G3900070","-15.7149666054289"
"G3900090","-9.99824796114882"
"G3900110","23.7350584088952"
"G3900130","-106.485606770148"
"G3900150","-9.8305731581218"
"G3900170","-20.5311908057574"
"G3900190","25.4076384294852"
"G3900210",NA
"G3900230","-127.741217949805"
"G3900250","1.65824802719079"
"G3900270","-11.0353281462816"
"G3900290","38.3036525436975"
"G3900310","109.573495986948"
"G3900330","385.499182415549"
"G3900350","-37.961946785114"
"G3900370","21.89127791858"
"G3900390","0.514258242917499"
"G3900410","176.890911610897"
"G3900430","-156.207940957308"
"G3900450","-61.2326160955372"
"G3900470","-6.91806455680805"
"G3900490","31.7862668378123"
"G3900510","-31.8351614838409"
"G3900530","0.999515713965927"
"G3900550","-7.79939540028933"
"G3900570","2.89938819827215"
"G3900590","-24.9839026764115"
"G3900610","-8.03691374970317"
"G3900630","-51.4536427432577"
"G3900650","1672.06898288907"
"G3900670","205.710742792013"
"G3900690","3.65486654675038"
"G3900710","-13.6653713794215"
"G3900730","-82.7160638010121"
"G3900750","48.06832189822"
"G3900770","-369.572301904435"
"G3900790","-57.3696314588904"
"G3900810","-193.910523356815"
"G3900830","42.1619585876527"
"G3900850","18.2002773864785"
"G3900870","4.38549791421861"
"G3900890","69.9144507911169"
"G3900910","6157.86459118599"
"G3900930","395.427944483539"
"G3900950","6.95923945632774"
"G3900970","137.439150813515"
"G3900990","6.4409181405"
"G3901010","92.2774765343434"
"G3901030","125.348925279896"
"G3901050","-38.9804599590036"
"G3901070","-54.4075808285101"
"G3901090","-323.37699172307"
"G3901110","-1731.55137904531"
"G3901130","2.41387816485876"
"G3901150","-47.4262289364932"
"G3901170","-18.8746073434744"
"G3901190","-53.7906133692939"
"G3901210","-78.9010909677315"
"G3901230","-36.0338313855337"
"G3901250","-34.5334190929525"
"G3901270","-32.4792460698313"
"G3901290","-35.6057251040688"
"G3901310","44.9201905863569"
"G3901330","5.88121830184542"
"G3901350","-27.913194795202"
"G3901370","10.6674231122269"
"G3901390","-0.957770633349352"
"G3901410","-12.3627241026058"
"G3901430","-367.613307900148"
"G3901450","-15.2261819045089"
"G3901470","-307.672236491378"
"G3901490","296.018058016652"
"G3901510","-13.6463356298782"
"G3901530","38.1148525812864"
"G3901550","-14.7677710891571"
"G3901570","-19.7203550566455"
"G3901590",NA
"G3901610","53.6850792175826"
"G3901630","138.033723250473"
"G3901650","-35.3214907122313"
"G3901670","-10.8511022090904"
"G3901690","-15.0711654953997"
"G3901710","-14.7325137275216"
"G3901730","3.62012084411461"
"G3901750","291.875984996722"
"G4000010","-9.84364524351277"
"G4000030","-7.55647705675331"
"G4000050","-0.0274996319033129"
"G4000070","-16.2138047211692"
"G4000090","-1.15154830339176"
"G4000110","3.19184516423372"
"G4000130","0.641451393768151"
"G4000150","-0.974790895265005"
"G4000170","-8.63417782291418"
"G4000190","-3.10953644048632"
"G4000210","5.59002884478917"
"G4000230","-1.33471157523122"
"G4000250","2.35053653894223"
"G4000270","-1.02407688598568"
"G4000290","-7.99989866452916"
"G4000310","-3.63258969729402"
"G4000330","-10.7268492899434"
"G4000350","0.731153570430816"
"G4000370","2.11161509703793"
"G4000390","-3.69839732904597"
"G4000410","-2.98114200190385"
"G4000430","-13.486442611211"
"G4000450","-8.77843319498171"
"G4000470","-2.24661210243153"
"G4000490","-4.94942148778701"
"G4000510","-1.81787306082323"
"G4000530","-0.212038779332101"
"G4000550","0.953122363082135"
"G4000570","-8.74359192581141"
"G4000590","-9.73802233585787"
"G4000610","-11.9563060873927"
"G4000630","0.221837333303061"
"G4000650","-0.393197886171999"
"G4000670","14.4591644723808"
"G4000690","-16.9611745970101"
"G4000710","3.35416509298228"
"G4000730","-4.41902337527918"
"G4000750","5.78537063547941"
"G4000770","-3.23621010080512"
"G4000790","-2.65740265423322"
"G4000810","-1.61341694220437"
"G4000830","-9.78811923846054"
"G4000850","-7.09464906025884"
"G4000870","-7.17839035765104"
"G4000890","-7.88531085680131"
"G4000910","-11.9821300047331"
"G4000930","-0.495353434868749"
"G4000950","10.0681009954565"
"G4000970","-15.9841534968316"
"G4000990","-1.95631508311704"
"G4001010","0.328324484553026"
"G4001030","-7.03104942088416"
"G4001050","-14.8743543820972"
"G4001070","-15.7274159376724"
"G4001090","-4.05602973419544"
"G4001110","1.6966343979951"
"G4001130","-12.5747183404374"
"G4001150","-15.7822801461711"
"G4001170","-12.7747218721562"
"G4001190","-4.24180668947283"
"G4001210","10.7501045578897"
"G4001230","-10.5973460228225"
"G4001250","-0.176277759730409"
"G4001270","-1.63969519928972"
"G4001290","-8.54848930370365"
"G4001310","6.04575291690547"
"G4001330","-1.57562716558392"
"G4001350","-3.39110949833846"
"G4001370","-1.72324902424113"
"G4001390","2.78726628284638"
"G4001410","-1.15239960804155"
"G4001430","-0.389015480828813"
"G4001450","-13.5534973230319"
"G4001470","-8.52455461913239"
"G4001490","-3.86331727014228"
"G4001510","-1.08003252082158"
"G4001530","-15.8287484989901"
"G4100010","-4.71960395724163"
"G4100030","-11.1326367569616"
"G4100050","-18.104464623994"
"G4100070","-1789.38846834449"
"G4100090","-20.8817830173323"
"G4100110","-1.22687898671815"
"G4100130","2.97847120152992"
"G4100150","0.973724586319731"
"G4100170","-6.61781490354146"
"G4100190","-0.101418560042952"
"G4100210","-16.3510257590652"
"G4100230","2.59458701623313"
"G4100250","-2.69141436087337"
"G4100270","-19.7031888178536"
"G4100290","-1.12278971598301"
"G4100310","-0.223909445614252"
"G4100330","-1.30129892935302"
"G4100350","-3.71667154881781"
"G4100370","-2.68716344592241"
"G4100390","-8.59796721685102"
"G4100410","-12.7192833724894"
"G4100430","-18.1888172876738"
"G4100450","-2.51201203891499"
"G4100470","-12.6116181581339"
"G4100490","-42.5924323317804"
"G4100510","-5.09892270845583"
"G4100530","1.35007429795286"
"G4100570","-25.7798690779119"
"G4100590","-12.5606831095235"
"G4100610","-2.95605893523168"
"G4100630","-6.95205253556443"
"G4100650","-13.3748660649673"
"G4100670","-15.1792533699606"
"G4100690","13.6875566237838"
"G4100710","-23.3211816981119"
"G4200010","4.40218008622753"
"G4200030",NA
"G4200050","71427.3174764754"
"G4200070","20.7356056009997"
"G4200090","-26.6931526237015"
"G4200110","3.31041588154599"
"G4200130","-128.359556209117"
"G4200150",NA
"G4200170","6.37066648953667"
"G4200190","-1547.25201175813"
"G4200210",NA
"G4200230",NA
"G4200250","-40.9453985181159"
"G4200270",NA
"G4200290","-1.6853349779452"
"G4200310","-176.625724794401"
"G4200330",NA
"G4200350",NA
"G4200370","-19.1628981287894"
"G4200390","-11.4496199070969"
"G4200410","-6.75970898612834"
"G4200430","-4.68816349298513"
"G4200450","-2.71224811460195"
"G4200470","1546.76175526212"
"G4200490","-40.6790748670741"
"G4200510","-54.2063029333407"
"G4200530","78.0652477105992"
"G4200550","-8.92450599915307"
"G4200570","-7.5325438483498"
"G4200590",NA
"G4200610","-117.789949918521"
"G4200630",NA
"G4200650","255.074821184826"
"G4200670","-107.412465507528"
"G4200690","-64.0253085287095"
"G4200710","1.52907049106495"
"G4200730","250.851744616544"
"G4200750","-16.2105397981615"
"G4200770","1.64962723100136"
"G4200790","42.2686898214164"
"G4200810",NA
"G4200830","-147.14341931162"
"G4200850","-56.8002145175238"
"G4200870","-295.315358266157"
"G4200890","-4.19043113206143"
"G4200910","-0.713391817761765"
"G4200930","-3662.05800437743"
"G4200950","4.98277388416732"
"G4200970","-49.3848380725122"
"G4200990","25.0378177190907"
"G4201010","1.35842213005601"
"G4201030","-37.7510214890425"
"G4201050","3594.57898349596"
"G4201070","16.6603999366351"
"G4201090","151.787182019088"
"G4201110","-110.548918536668"
"G4201130",NA
"G4201150",NA
"G4201170",NA
"G4201190","-292067.567884705"
"G4201210","-59.1842305165854"
"G4201230","21.5398548737794"
"G4201250","60586.7807138194"
"G4201270","1078.2197566049"
"G4201290",NA
"G4201310",NA
"G4201330","-0.544278771595885"
"G4400010","-57.0619614513803"
"G4400030","-12.7921012182972"
"G4400050","-1.97467582295044"
"G4400070","-5.81926129683102"
"G4400090","-38.5644306247556"
"G4500010","-2.08835135432761"
"G4500030","0.987000037212672"
"G4500050","-16.6850639598539"
"G4500070","-2.80770082822876"
"G4500090","-6.5184869040145"
"G4500110","7.93398837745092"
"G4500130","1.46734564018094"
"G4500150","-2.44080140510171"
"G4500170","0.102253921327963"
"G4500190","-1.43267816846116"
"G4500210","-2.23328448729415"
"G4500230","-1.43678294288467"
"G4500250","0.0932145934288578"
"G4500270","0.461018015958294"
"G4500290","-10.1369874828941"
"G4500310","-0.362412282637048"
"G4500330","9.93730293510437"
"G4500350","6.86492260264438"
"G4500370","-5.87459441050611"
"G4500390","-9.15276263572258"
"G4500410","-2.69548203135767"
"G4500430","-6.91700333458123"
"G4500450","-0.745873695264036"
"G4500470","-4.53722873673304"
"G4500490","0.00056411978792759"
"G4500510","-9.68972940622688"
"G4500530","-6.15450200886536"
"G4500550","6.78007673131391"
"G4500570","1.27874399798832"
"G4500590","-2.73813499572581"
"G4500610","2.46252494227782"
"G4500630","-3.8747777905062"
"G4500650","-9.74232900660399"
"G4500670","-10.7771138661483"
"G4500690","-7.61497995701088"
"G4500710","-3.24634105251818"
"G4500730","-2.38608985192154"
"G4500750","-9.81394525467681"
"G4500770","-1.75892956040114"
"G4500790","-1.78943253234867"
"G4500810","-2.2161619194987"
"G4500830","-2.19101916901365"
"G4500850","-13.4592405496186"
"G4500870","-8.8266910913124"
"G4500890","-3.04304892314895"
"G4500910","-3.52031223737892"
"G4600030","-9.28743639770334"
"G4600050","-15.9659298452189"
"G4600070","-7.20140827251739"
"G4600090","-2.40863927515926"
"G4600110","10.2181142044976"
"G4600130","0.444189196658179"
"G4600150","15.4897472054673"
"G4600190","-13.7849307212749"
"G4600230","-12.7564257936797"
"G4600250","-115.577148192693"
"G4600270","10.5639931940096"
"G4600290","-6.33938023920719"
"G4600310","-8.38192631816459"
"G4600330","-5.72986007474027"
"G4600350","10.8803370718175"
"G4600370","-18.1113297084395"
"G4600390","-4.50820350307285"
"G4600410","33.907582055454"
"G4600430","-44.2845549537384"
"G4600450","-7.09382506753781"
"G4600470","-1.95688024978681"
"G4600490","26.1209409548233"
"G4600510","65.5834863658988"
"G4600530","-3.18875920465054"
"G4600550","-1.77339954238446"
"G4600570","-17.9047192700739"
"G4600590","11.8624747210804"
"G4600610","123.604562422515"
"G4600650","-15.1438862798226"
"G4600670","13.608511425615"
"G4600690","-5.67481494152998"
"G4600710","4.54846112823142"
"G4600730","3.16858363947512"
"G4600770","26.0087075341015"
"G4600790","-11.7440533692639"
"G4600810","5.19291226295104"
"G4600830","-5.21299622125457"
"G4600850","-15.5146351179922"
"G4600870","-12.6337755221116"
"G4600890","52.1964439225383"
"G4600910","-243.089623614858"
"G4600930","14.1073725830983"
"G4600950",NA
"G4600970","-11.399822643082"
"G4600990","-11.13571886081"
"G4601010","2.78767931307749"
"G4601030","-4.64782281837244"
"G4601050","1.43385824837731"
"G4601070","-22.0681717679141"
"G4601090","35.5520312856497"
"G4601110","32.3681161310557"
"G4601130","14.9439347080322"
"G4601150","-26.9660069298117"
"G4601210","-8.7067664157295"
"G4601230","-7.64320747307002"
"G4601250","7.33290516592516"
"G4601270","-8.66544949556582"
"G4601290","31.0033296273714"
"G4601350","-2.06648180579402"
"G4700010","-0.763437816247789"
"G4700030","3.20503637728046"
"G4700050","31.076204550046"
"G4700070","1.48771342659627"
"G4700090","-3.48471233703386"
"G4700110","-2.38913246324677"
"G4700130","3.27483974719101"
"G4700150","-10.4122684230592"
"G4700170","2.40823175438085"
"G4700190","-2.2203152833752"
"G4700210","5.01643341541517"
"G4700230","-6.49822453999593"
"G4700250","-3.58530281385896"
"G4700270","-18.8513413595465"
"G4700290","-9.47847680003043"
"G4700310","-2.85631862527722"
"G4700330","4.52828780290527"
"G4700350","-1.85945576367769"
"G4700370","3.59845916878681"
"G4700390","-12.6873573723112"
"G4700410","-1.87486534179566"
"G4700430","-13.6527158778158"
"G4700450","-12.3960504972815"
"G4700470","-5.17686941852777"
"G4700490","0.937011952359452"
"G4700510","-3.69544077406459"
"G4700530","-0.742089187324751"
"G4700550","-3.20474943948102"
"G4700570","4.46323839212145"
"G4700590","-0.574040332440887"
"G4700610","-2.17519974093136"
"G4700630","-1.84755584276499"
"G4700650","-1.5299711244212"
"G4700670","4.10976468219791"
"G4700690","0.315542402466602"
"G4700710","-12.0891435364808"
"G4700730","-1.40642895999774"
"G4700750","27.8526688608717"
"G4700770","-12.0500782721617"
"G4700790","-3.96404977905661"
"G4700810","-21.1088956542775"
"G4700830","4.16833059688139"
"G4700850","-8.14491859929868"
"G4700870","9.71361429901826"
"G4700890","9.64359003862985"
"G4700910","-7.67584283213993"
"G4700930","-0.949870508513084"
"G4700950","4.4161806419816"
"G4700970","17.5592681470946"
"G4700990","-10.3999416644321"
"G4701010","-26.8831620481805"
"G4701030","0.89837880784703"
"G4701050","-5.72061488500704"
"G4701070","-1.96576592710545"
"G4701090","15.6647508422801"
"G4701110","4.7792087566435"
"G4701130","-4.19062383146126"
"G4701150","1.28531620972138"
"G4701170","6.50636341017682"
"G4701190","-5.91414497190939"
"G4701210","-2.30590173771144"
"G4701230","2.71505646936149"
"G4701250","-1.48233479861795"
"G4701270","-6.90130632966708"
"G4701290","-4.54724487476457"
"G4701310","5.3873621935373"
"G4701330","1.64529307531692"
"G4701350","-28.2839638000532"
"G4701370","-11.0643207343355"
"G4701390","-8.95086647745799"
"G4701410","-6.74033446264767"
"G4701430","-0.877002081485558"
"G4701450","-2.7879328080258"
"G4701470","1.57807934394203"
"G4701490","-3.17455061278922"
"G4701510","-5.23357922372509"
"G4701530","2.41501546940496"
"G4701550","-1.99525832294092"
"G4701570","0.375852629850334"
"G4701590","9.85555451305502"
"G4701610","-17.9586621715082"
"G4701630","-9.28080704879488"
"G4701650","6.68369671762843"
"G4701670","-25.5247407753668"
"G4701690","-0.800098693722045"
"G4701710","-7.67180430925802"
"G4701730","-7.63958072868774"
"G4701750","-6.02609241433323"
"G4701770","0.835738850558197"
"G4701790","-5.83963831603877"
"G4701810","-1.262867943443"
"G4701830","-3.21713978860748"
"G4701850","-9.20928006610684"
"G4701870","-1.32331197887615"
"G4701890","-5.24490738029176"
"G4800010","-2.99807544043572"
"G4800030","-5.70343087214447"
"G4800050","-1.26052714417571"
"G4800070","6.00824492672768"
"G4800090","-0.68990986106493"
"G4800110","9.0485548842461"
"G4800130","-0.808138665797088"
"G4800150","1.16597494643683"
"G4800170","2.58636642486136"
"G4800190","-0.813577933425435"
"G4800210","-1.41911715161683"
"G4800230","0.478887092506535"
"G4800250","0.000885332432721442"
"G4800270","3.6615951144772"
"G4800290","-3.14764891228467"
"G4800310","7.17752063913479"
"G4800350","4.19742629719134"
"G4800370","-2.46096149063463"
"G4800390","-1.9032277489309"
"G4800410","-4.50523478917015"
"G4800430","-8.50155952663047"
"G4800470","16.0266288623852"
"G4800490","4.25573450022005"
"G4800510","-2.31906657574219"
"G4800530","-11.4435024262827"
"G4800550","-0.948639734342759"
"G4800570","-5.42596068283114"
"G4800590","3.28132321839201"
"G4800610","0.5236447171728"
"G4800630","5.15034971822653"
"G4800650","1.61072794682978"
"G4800670","0.792892460344356"
"G4800690","16.2743326756724"
"G4800710","14.0158526913318"
"G4800730","-4.91374821975958"
"G4800750","2.83541307821038"
"G4800770","-3.98094238080298"
"G4800790","8.32482833291221"
"G4800810","-10.669816341312"
"G4800830","0.360371210915415"
"G4800850","-1.98713604164372"
"G4800870","2.15341001442796"
"G4800890","10.1221625758311"
"G4800910","0.225291903125333"
"G4800930","2.16366033779829"
"G4800950","10.7258409408021"
"G4800970","-2.20007426211623"
"G4800990","-8.9655046440511"
"G4801010","34.7539657129583"
"G4801030","2.60996820321847"
"G4801050","0.883131304112679"
"G4801070","-14.0659519831887"
"G4801110","2.03580905302827"
"G4801130","-0.459190409753799"
"G4801150","-1.57046370615613"
"G4801170","-0.948849566576702"
"G4801190","-1.22936621777425"
"G4801210","-1.23679182906344"
"G4801230","-9.89041194575411"
"G4801250","12.6349448123561"
"G4801270","-6.69494779399976"
"G4801290","-13.3855545535892"
"G4801310","-0.306971032540672"
"G4801330","-9.69658601870466"
"G4801350","-3.8710993292607"
"G4801390","-4.19562457177657"
"G4801410","3.55836996158737"
"G4801430","-4.93537504706339"
"G4801450","-2.57386361444074"
"G4801470","0.0468146972727768"
"G4801490","-0.393146867853722"
"G4801510","1.54427039520273"
"G4801530","0.240962960021987"
"G4801550","11.2214986314952"
"G4801570","1.13860190815573"
"G4801590","-7.81780785040205"
"G4801610","4.74489300896611"
"G4801630","-1.62176030156406"
"G4801650","-3.86939755269159"
"G4801670","-1.4342786361422"
"G4801690","-3.2990473631075"
"G4801710","-6.36023372985373"
"G4801750","-14.5678104690532"
"G4801770","2.06324054292"
"G4801790","3.03511995374518"
"G4801810","1.3268033489669"
"G4801830","-0.99175161002474"
"G4801850","10.0838481388217"
"G4801870","2.6691153662812"
"G4801890","-1.12043820180482"
"G4801910","16.1100925553022"
"G4801930","-1.87328909981575"
"G4801950","-4.53048052736872"
"G4801970","23.8897063069874"
"G4801990","7.09063648944719"
"G4802010","2.7598942815847"
"G4802030","0.651932492824957"
"G4802050","-0.648007698793576"
"G4802070","-0.758888302930095"
"G4802090","5.53697188894269"
"G4802110","6.46843700733184"
"G4802130","-1.30280263190974"
"G4802150","-1.15578626835574"
"G4802170","7.74481437855779"
"G4802190","-2.57797675845164"
"G4802210","5.34589768238158"
"G4802230","-7.45898808404475"
"G4802250","-4.58172105413753"
"G4802270","1.4072100614651"
"G4802310","-4.95791120925109"
"G4802330","2.12069851089283"
"G4802370","22.6363136590232"
"G4802390","8.88983216187359"
"G4802410","1.13773749760533"
"G4802430",NA
"G4802450","-4.13414866561452"
"G4802470","1.62677950181594"
"G4802490","9.49867376870188"
"G4802510","0.582636798260216"
"G4802530","-1.96498344507447"
"G4802550","9.69572245258883"
"G4802570","-2.40627596146106"
"G4802590","0.201760144115405"
"G4802650","-2.12094284175985"
"G4802670","-20.0763688057027"
"G4802710","-0.550815332390514"
"G4802730","-12.3986887227367"
"G4802750","-1.14942348320158"
"G4802770","1.34371010370438"
"G4802790","1.62639600652846"
"G4802810","7.12733115093257"
"G4802830","7.22080581948991"
"G4802850","-5.65729247919409"
"G4802870","-0.403198566993171"
"G4802890","6.86985655436173"
"G4802910","6.97387337080108"
"G4802930","-0.142961894270066"
"G4802950","-12.0599978486488"
"G4802970","5.46894066611647"
"G4802990","-0.0573997449103089"
"G4803030","-1.67887759408785"
"G4803050","12.8942568502986"
"G4803070","4.01676403030618"
"G4803090","1.7535530999299"
"G4803130","-10.2388363970978"
"G4803150","-3.79385479589587"
"G4803170","-3.86764867152191"
"G4803190","19.6782109031912"
"G4803210","1.6249399437472"
"G4803230","2.00164021014159"
"G4803250","-1.02105191900702"
"G4803270","16.1950640190313"
"G4803290","0.0520976549330301"
"G4803310","-6.27294324376017"
"G4803330","-3.66461409789809"
"G4803350","13.8068458433519"
"G4803370","-5.00757775063996"
"G4803390","-0.0553374294701102"
"G4803410","-1.82403603303963"
"G4803430","8.94756582112868"
"G4803450",NA
"G4803470","-7.557621932405"
"G4803490","-1.42866392170298"
"G4803510","4.84794417999851"
"G4803530","-7.75677882816216"
"G4803550","3.89165818241809"
"G4803570","17.1564399951014"
"G4803610","5.15008064581673"
"G4803630","-3.32897257790427"
"G4803650","5.57900631347634"
"G4803670","1.74946167981637"
"G4803690","-9.79800694751979"
"G4803710","12.6452790358285"
"G4803730","-7.07807448979797"
"G4803750","4.50481367060993"
"G4803770","0.781658058042616"
"G4803790","-7.39485591945496"
"G4803810","0.223879749383286"
"G4803830","-4.12629947013658"
"G4803850","-8.24293895812982"
"G4803870","8.28119887739533"
"G4803890","3.2757841769278"
"G4803910","-16.5194980030938"
"G4803950","0.166347569167978"
"G4803970","0.589207109678493"
"G4803990","10.5488822381452"
"G4804010","-0.955632120416352"
"G4804030","7.63151157554035"
"G4804050","-3.8159161645092"
"G4804070","0.809667257838418"
"G4804090","7.54244839587496"
"G4804110","-2.89819456854274"
"G4804130","-15.2469037539015"
"G4804150","4.89101618075002"
"G4804170","9.68901131357075"
"G4804190","-9.66959411858656"
"G4804210","2.43848468008781"
"G4804230","0.676343933599606"
"G4804250","2.5861415487826"
"G4804270","-3.80236072063387"
"G4804290","-1.54829892047447"
"G4804330","-9.34244669171472"
"G4804350","-5.81864133117"
"G4804370","4.86441080767656"
"G4804390","0.216511160267868"
"G4804410","-3.50320196602304"
"G4804450","-11.6861913115119"
"G4804470","-51.0522608740134"
"G4804490","5.00317984029265"
"G4804510","2.37941028896282"
"G4804530","-0.711800413515196"
"G4804550","-0.653177150123229"
"G4804570","6.36792233701667"
"G4804590","-1.56180516213063"
"G4804610","1.93454002685024"
"G4804630","2.24062614850103"
"G4804650","4.24145840862864"
"G4804670","1.35524987544231"
"G4804690","-5.40186937736334"
"G4804710","-5.70693251345783"
"G4804730","0.275052437671588"
"G4804750","9.70981749368194"
"G4804770","-0.0234549925785937"
"G4804790","-0.0636076131388102"
"G4804810","-1.59931029712839"
"G4804830","13.7105625774163"
"G4804850","0.50575186691991"
"G4804870","3.83186013268649"
"G4804890","-5.34657957952888"
"G4804910","-5.22801283550748"
"G4804930","-3.84988588834826"
"G4804950","-11.1572446803093"
"G4804970","4.77292476855107"
"G4804990","-1.82297773412615"
"G4805010","0.70850994778823"
"G4805030","17.5178954581858"
"G4805050","-15.684613052154"
"G4805070","-13.7709178852264"
"G4900010","14.301001129473"
"G4900030","1.91982895055405"
"G4900050","3.66869785351863"
"G4900070","2.9401572335004"
"G4900110","2.71055794122028"
"G4900130","8.62954698729665"
"G4900150","-7.20935286276873"
"G4900170","-3.35574184795642"
"G4900190","1.37295303190088"
"G4900210","-2.98825958918554"
"G4900230","16.0458091921513"
"G4900250","4.66254211372114"
"G4900270","7.59330248316688"
"G4900290","-2.33180033945243"
"G4900310",NA
"G4900350","4.57348805319469"
"G4900370","-1.03374895741223"
"G4900390","3.77604121754232"
"G4900410","4.13733798675685"
"G4900430","-0.567214064460255"
"G4900450","6.19565232808624"
"G4900470","-1.08071916262759"
"G4900490","1.9676511605937"
"G4900510","10.0875522026056"
"G4900530","2.87681035218379"
"G4900550","-15.1048581178984"
"G4900570","4.20658530486218"
"G5000010",NA
"G5000030","-1034.42682237858"
"G5000050","1340.49414609831"
"G5000070",NA
"G5000090","76.3371675934927"
"G5000110",NA
"G5000130",NA
"G5000150",NA
"G5000170","94.6795859008501"
"G5000190","-8794.38553761432"
"G5000210","-5778.02261867795"
"G5000230",NA
"G5000250","-27.9587106973464"
"G5000270","-43.2010563548925"
"G5100010","-5.34812481857713"
"G5100030","-5.05872735459973"
"G5100050","0.895066310474442"
"G5100070","-10.9022091988476"
"G5100090","-4.09311159086883"
"G5100110","-11.0174157218032"
"G5100130","-1.03631732978254"
"G5100150","-11.9798258783583"
"G5100170","14.6957693735714"
"G5100190","-7.26607596138566"
"G5100210","-33.9490644607729"
"G5100230","-29.9176633389091"
"G5100250","4.42855966055878"
"G5100270","7.84499612684861"
"G5100290","-16.3560910981275"
"G5100310","-0.0448496068087441"
"G5100330","-12.7171592298577"
"G5100350","-1.88429088094788"
"G5100360","-12.7680870483893"
"G5100370","-0.983509571879558"
"G5100410","-3.1236444008605"
"G5100430","16.186444894954"
"G5100450","16.0370770704437"
"G5100470","-16.0720950952036"
"G5100490","4.66228785485818"
"G5100510","-4.37698746060688"
"G5100530","-12.163568349799"
"G5100570","11.0712460821665"
"G5100590","1.06938490734428"
"G5100610","13.8667100193471"
"G5100630","0.00526356861752292"
"G5100650","-30.8409232032711"
"G5100670","-12.7599931976162"
"G5100690","2.90770644564391"
"G5100710","-30.3878954182481"
"G5100730","5.33409534285422"
"G5100750","1.80060469412896"
"G5100770","-10.3067280005663"
"G5100790","-4.59720284876608"
"G5100810","-32.0490869948618"
"G5100830","2.43397376168453"
"G5100850","1.16880932422392"
"G5100870","-0.120769075268745"
"G5100890","-6.08178592692571"
"G5100910","-42.5045014247501"
"G5100930","9.89579600863525"
"G5100950","12.0652092571219"
"G5100970","4.57195255488346"
"G5100990","9.26646018285135"
"G5101010","12.455104672819"
"G5101030","9.22633788494642"
"G5101050","2.47167025207146"
"G5101070","-4.68813013382483"
"G5101090","6.37831250604868"
"G5101110","-1.79135526893947"
"G5101130","3.82968747992463"
"G5101150","-41.6008655530549"
"G5101170","-7.89656432200652"
"G5101190","-15.5700585919564"
"G5101210","7.15960846412315"
"G5101250","44.6312940363598"
"G5101270","-15.6120004484856"
"G5101310","-0.257722455365106"
"G5101330","0.031012807475486"
"G5101350","14.8562396591297"
"G5101370","-16.1657157097132"
"G5101390","12.3547366260601"
"G5101410","-2.74636626074042"
"G5101430","-2.20520947111657"
"G5101450","6.02303760583185"
"G5101470","9.65585719867332"
"G5101490","0.896498369387868"
"G5101530","6.06434659251461"
"G5101550","-6.85548087075835"
"G5101570","28.9305242757626"
"G5101590","-20.4712640362207"
"G5101610","-9.45595275633611"
"G5101630","-19.2990745468623"
"G5101650","10.5394233242437"
"G5101670","-4.41130203739064"
"G5101690","-12.8876461001018"
"G5101710","-9.39577353887628"
"G5101730","-3.7629391218367"
"G5101750","-9.54006975455145"
"G5101770","16.6661004291337"
"G5101790","-12.0670627187598"
"G5101810","34.5288967251158"
"G5101830","-7.01059410890132"
"G5101850","-7.53142950869204"
"G5101870","-1.10696235437083"
"G5101910","-2.34778346917784"
"G5101930","6.00479241075095"
"G5101950","1.94805072104306"
"G5101970","14.6538675685004"
"G5101990","8.07078027688462"
"G5105100","2.57669841199768"
"G5105150","-6.50837248163805"
"G5105200","-11.5208054995111"
"G5105300","19.3221124351359"
"G5105400","-1.10614793785033"
"G5105500","-2.54955890638474"
"G5105700","5.38565512495811"
"G5105800","-35.9911842312007"
"G5105900","-9.77317536318824"
"G5105950","15.6567737424094"
"G5106000","40.280235267329"
"G5106100","31.5582920807034"
"G5106200","-8.93222613286343"
"G5106300","10.844390146145"
"G5106400","-0.292047446108711"
"G5106500","11.0816786896436"
"G5106600","-42.464569449931"
"G5106700","4.18314521210355"
"G5106780","31.3703746375743"
"G5106800","10.4598859481133"
"G5106830","-8.53738667538123"
"G5106850","-63.2794299871195"
"G5106900","-1.56554656898372"
"G5107000","2.55131606077865"
"G5107100","-3.1678035400565"
"G5107200","-18.9231739912235"
"G5107300","-0.798460385127144"
"G5107350","20.7076164488728"
"G5107400","5.98378221749612"
"G5107500","-65.0006200505997"
"G5107600","-0.534213035208234"
"G5107700","-6.20750034325204"
"G5107750","4.17114915031812"
"G5107900","12.7595141270481"
"G5108000","1.48642598515904"
"G5108100","0.968260701557533"
"G5108200","-12.6664310754501"
"G5108300","32.2201128679383"
"G5108400","-21.7227913784994"
"G5300010","-4.58213113110155"
"G5300030","-1.24718535218299"
"G5300050","-0.840750429878125"
"G5300070","0.838944016856196"
"G5300090","-26.9166240245587"
"G5300110","-14.3480975705444"
"G5300130","20.9262100760507"
"G5300150","56.4900396182115"
"G5300170","-4.88249904244584"
"G5300190","-5.40204951247965"
"G5300210","-4.88172531711281"
"G5300230","-11.0696873384629"
"G5300250","-3.4018017798826"
"G5300270","-213.220920959406"
"G5300290","101.277498286144"
"G5300310","216.536391820475"
"G5300330","-16.5858724060858"
"G5300350","-16.0835405643437"
"G5300370","-10.8106500294249"
"G5300390","5.45941897164693"
"G5300410","-60.4750431169221"
"G5300430","-13.3787702828097"
"G5300450","-402.980458791652"
"G5300470","-1.57594889983538"
"G5300490","661.039053776986"
"G5300510","-5.49345945836701"
"G5300530","7.40657030346741"
"G5300550","22.7131426036954"
"G5300570","3.79481767722157"
"G5300590","-61.4543339388448"
"G5300610","-5.73421243144773"
"G5300630","-3.49118554098021"
"G5300650","4.00909910843969"
"G5300670","140.261013006259"
"G5300690","-749.145082426147"
"G5300710","2.42723565977777"
"G5300730","-0.512715385820622"
"G5300750","0.281294274565782"
"G5300770","2.32726502931275"
"G5400010","121.252052073908"
"G5400030","7.33237530246554"
"G5400050","76.1628581087308"
"G5400070","261.124888227508"
"G5400090","-4418.948108378"
"G5400110","5.92538836180514"
"G5400130",NA
"G5400150","-578.466592965715"
"G5400170",NA
"G5400190","-40.2322365969233"
"G5400210","-5182.38444673676"
"G5400230","41.129668089837"
"G5400250","-20.5348054953412"
"G5400270","43.5985358575147"
"G5400290","137.683851054897"
"G5400310","9.93329733074502"
"G5400330","246.436939005664"
"G5400350","57.0794096402198"
"G5400370","20.7025863310006"
"G5400390","42.6189049891153"
"G5400410","-315.078223782755"
"G5400430","14.6462352929366"
"G5400450","-25.6646669478967"
"G5400470","0.234869402352658"
"G5400490","3594.79351623035"
"G5400510",NA
"G5400530","-17.7108805828437"
"G5400550","12.1716833333875"
"G5400570","-6.08351452364897"
"G5400590","7.84701062863193"
"G5400610","761.888069538919"
"G5400630","-11.8496065999011"
"G5400650","-11.1495071724634"
"G5400670","-136.473848533774"
"G5400690",NA
"G5400710","-12.9006330040441"
"G5400730","-268.263778892523"
"G5400750","-26.5292845660734"
"G5400770","138.798461769233"
"G5400790","-3.70017165349272"
"G5400810","82.2295706761822"
"G5400830","84.5238182696242"
"G5400850",NA
"G5400870","506.741546537846"
"G5400890","95.7698723640709"
"G5400910","255.32685538079"
"G5400930","11.1052454072769"
"G5400950",NA
"G5400970","-78.9750118955192"
"G5400990","-8.34186946109725"
"G5401010","-84.6353189629924"
"G5401030",NA
"G5401050","270.525201031958"
"G5401070","84.2784149153987"
"G5401090","36.6919118150679"
"G5500010","33.8955657878226"
"G5500030","3.18419764373932"
"G5500050","-2.08499341859305"
"G5500070","11.5723700561514"
"G5500090","12.5095994014101"
"G5500110","5.79404039268281"
"G5500130","-8.13194196500722"
"G5500150","27.3349977414134"
"G5500170","-9.42136097295258"
"G5500190","14.1668158171869"
"G5500210","-16.2235938416743"
"G5500230","3.42520404239014"
"G5500250","-2.83838877606773"
"G5500270","-28.3084180855873"
"G5500290","-5.0210576137817"
"G5500310","3.55720595442887"
"G5500330","-7.99812445336767"
"G5500350","2.88975964499966"
"G5500370","25.8117820770491"
"G5500390","79.7683221804656"
"G5500410","12.9803461641088"
"G5500430","-10.7283761189385"
"G5500450","-7.16444252772137"
"G5500470","22.4623576237595"
"G5500490","-33.6939089404453"
"G5500510","-10.5683968877775"
"G5500530","23.7614219804585"
"G5500550","5.00717040266148"
"G5500570","30.7845361836102"
"G5500590","-0.48316546232071"
"G5500610","52.1091270286082"
"G5500630","-6.95891532116753"
"G5500650","-27.4319550920651"
"G5500670","3.43582635921309"
"G5500690","1.18309494754973"
"G5500710","-2.71978328718525"
"G5500730","3.84698403306125"
"G5500750","-4.0313606852801"
"G5500770","-10.719810301469"
"G5500780","13.0602262503768"
"G5500790","1.9210304462142"
"G5500810","-3.4766869380099"
"G5500830","17.0797043356452"
"G5500850","7.05188674377314"
"G5500870","52.3869545193729"
"G5500890","-2.66873136882183"
"G5500910","4.16671996386359"
"G5500930","-2.36016888993834"
"G5500950","5.08013624357642"
"G5500970","-13.5980709484901"
"G5500990","-9.5596181718838"
"G5501010","2.05367318321781"
"G5501030","-3.14203846839206"
"G5501050","3.68495871382431"
"G5501070","0.337164781138656"
"G5501090","-5.73933938279891"
"G5501110","-21.8304692414578"
"G5501130","-4.36587414973505"
"G5501150","-5.45589998217351"
"G5501170","22.086316451084"
"G5501190","21.9311270879507"
"G5501210","-16.7350952386237"
"G5501230","-12.1677765802369"
"G5501250","13.4084090434411"
"G5501270","-0.644162519572162"
"G5501290","1.84080674217225"
"G5501310","-3.2801154278822"
"G5501330","-5.42720774574622"
"G5501350","226.193906568419"
"G5501370","9.60849970827612"
"G5501390","-98.0766122091953"
"G5501410","4.95644044717264"
"G5600010","-4.0694698646147"
"G5600030","-5.46156767626173"
"G5600050","-18.0185568406002"
"G5600070","-3.01027846040903"
"G5600090","-0.0470910381373544"
"G5600110","-3.62462957034529"
"G5600130","-13.7770719686977"
"G5600150","-2.8023542495857"
"G5600170","-0.674858015140049"
"G5600190","-0.104511186816389"
"G5600210","-11.1682030658945"
"G5600230","0.727121087376599"
"G5600250","-6.01355663727293"
"G5600270","-2.81619912447616"
"G5600290","-5.67642473021384"
"G5600310","-2.94302440462323"
"G5600330","-5.40989908395992"
"G5600350","6.38040983198985"
"G5600370","2.22139166744118"
"G5600390","5.62520689076199"
"G5600410","-4.91124106630211"
"G5600430","-6.90176260958376"
"G5600450","-6.0921912226534"
