"countyID","coeff_r_25_p_14"
"G0100010","-0.515653415863043"
"G0100030","-0.533960091944103"
"G0100050","-0.130896377728274"
"G0100090","-0.50019685576489"
"G0100110","-13.5464507834124"
"G0100130","13.4766383292377"
"G0100150","0.859722701493751"
"G0100190","0.0100902981620587"
"G0100210",NA
"G0100290",NA
"G0100310","-0.239735709975014"
"G0100330","0.0829187429640584"
"G0100350","-0.458681978502011"
"G0100390","-0.50427588687372"
"G0100410","1.09785187428755"
"G0100430","0.0883789374501683"
"G0100450","0.0494221862982478"
"G0100470","0.0652976208925048"
"G0100490","0.192489347945929"
"G0100510","1.56384193260728"
"G0100530","-0.769501633751195"
"G0100550","-0.554534012289303"
"G0100570","0.149097216497496"
"G0100590","0.024843495130346"
"G0100610","0.19801050017693"
"G0100630","1.23437097837687"
"G0100650","1.16659741054846"
"G0100670","0.210336987224465"
"G0100690","0.0882821871352173"
"G0100710","0.288646206844158"
"G0100750","-0.0667696269554738"
"G0100770","0.60396372462294"
"G0100790","0.179372650550326"
"G0100830","0.435685086730461"
"G0100850","1.64360697057008"
"G0100870","-4.06955753934916"
"G0100890","0.395929455823046"
"G0100910","-3.28348496668479"
"G0100930","0.743939573852054"
"G0100950","0.224110956571052"
"G0100970","12.8188428254068"
"G0100990","-0.657431018976816"
"G0101010",NA
"G0101030","0.506418503737887"
"G0101050","-0.272723666557037"
"G0101070","-0.0902349799180454"
"G0101090","0.11869124775788"
"G0101110","0.011726519039361"
"G0101130","-1.20390986319715"
"G0101170","0.616508232559022"
"G0101190","-0.0127433241524481"
"G0101210","0.284353457029404"
"G0101230",NA
"G0101250","0.139428765842076"
"G0101270",NA
"G0101290","0.0401074611893222"
"G0101310","3.79245928995116"
"G0400030","0.966591975770618"
"G0400090","-1.39949750295292"
"G0400120",NA
"G0400130","1.33699487858928"
"G0400210","1.32430628235538"
"G0400270",NA
"G0500010","-2.58948710335433"
"G0500030","1.17244609081104"
"G0500170","0.242141659068333"
"G0500190",NA
"G0500210","0.144362594936242"
"G0500290","-0.551439038493844"
"G0500310","0.0818248036177645"
"G0500330","-1.06575297286878"
"G0500350","0.691532082444536"
"G0500370","-5.42377747657144"
"G0500410","0.224971946793526"
"G0500430","-0.958079003433903"
"G0500450","10.3044833739849"
"G0500470","3.01696266002509"
"G0500550","-0.266307077078167"
"G0500630","1.00328213685854"
"G0500670","0.0341949689256635"
"G0500690","1.44895665389349"
"G0500710","2.32364009385341"
"G0500730","-0.726086969601171"
"G0500750","-1.83628665150488"
"G0500770","-1.90203918803624"
"G0500790","-4.34673733263814"
"G0500810","1.23505695814684"
"G0500830","0.376084891028697"
"G0500850","0.574080983564804"
"G0500910","0.0504720430960969"
"G0500930","-0.417101872191128"
"G0500950","0.557459255305033"
"G0501050","-0.230873115045059"
"G0501070","-0.157224760106679"
"G0501110","-2.64415203831854"
"G0501150","0.84181889065579"
"G0501170","0.0430988707290137"
"G0501190","0.136312859343287"
"G0501210","-0.745980257216575"
"G0501230","-5.34547606607348"
"G0501310","1.51627608529996"
"G0501450","-3.96667735456038"
"G0501470","-0.00304962343948477"
"G0501490","1.6777979924019"
"G0600070","2.67878972857173"
"G0600110","1.04421832056281"
"G0600130",NA
"G0600190","0.778869808176158"
"G0600210","0.405728947471986"
"G0600230",NA
"G0600250","-706.214181347101"
"G0600290","1.93598100160962"
"G0600310","0.71387688503218"
"G0600390","-0.271834340667578"
"G0600470","0.600427570644967"
"G0600610",NA
"G0600650",NA
"G0600670","0.0566949281142518"
"G0600710","-3.50892644664619"
"G0600770","0.728746425082861"
"G0600830",NA
"G0600950","0.20168837150159"
"G0600990","-0.483504124596262"
"G0601010","0.724124194615971"
"G0601030","1.07467705861784"
"G0601070","0.464250145700796"
"G0601130","-0.333218262551981"
"G0601150","-4.21596599818034"
"G0800010","1.36695403464938"
"G0800050",NA
"G0800090","0.588928098121537"
"G0800110","0.0943879045040639"
"G0800130","-0.1194311837758"
"G0800170","0.0400792454285314"
"G0800250",NA
"G0800290","-0.0433908005947266"
"G0800390","-0.480203427061566"
"G0800410",NA
"G0800550",NA
"G0800610","0.186951601765406"
"G0800630","0.0960690206207823"
"G0800670",NA
"G0800690","-0.0633030659394788"
"G0800710",NA
"G0800730","0.299772479479959"
"G0800750","0.0471792549745635"
"G0800770","0.908409626308595"
"G0800830","5.44672014292451"
"G0800850","-0.0348677625332394"
"G0800870","0.334403078440115"
"G0800890","0.210602576284512"
"G0800950","0.111142665961863"
"G0800990","0.4991681013532"
"G0801010","0.0956029823626133"
"G0801150","0.364125937483059"
"G0801210","0.453438678222416"
"G0801230","-0.0643985878476753"
"G0801250","0.432827024664293"
"G1000010","0.622856061910774"
"G1000030","0.548718646614616"
"G1000050","0.752962327177343"
"G1200010","0.0676264321750214"
"G1200130","-0.533815105561951"
"G1200230","0.599062249028286"
"G1200290",NA
"G1200330","0.836460811706674"
"G1200390","-0.347113347787218"
"G1200410","-2.10747249074128"
"G1200470","-0.53592086624159"
"G1200590","-0.0300064027604446"
"G1200630","-0.124988689121977"
"G1200650","-0.878534786118448"
"G1200670",NA
"G1200730",NA
"G1200750","-3.68208598857787"
"G1200790","0.0630606182442868"
"G1200910","-1.16345008150073"
"G1201070","2.72886149140116"
"G1201090",NA
"G1201130","-2.17349191650923"
"G1201210","0.456005999979453"
"G1201310","0.380677159700305"
"G1201330","-1.01962591857472"
"G1300010","0.280951600092305"
"G1300030","-0.105764735970837"
"G1300050","0.618787832293211"
"G1300070","-0.254028177919179"
"G1300150","-0.769227967907351"
"G1300170","-0.0979228712018054"
"G1300190","-0.0153072971468427"
"G1300210","0.428460914832569"
"G1300230","0.794666672708593"
"G1300250","0.0225285299814097"
"G1300270","-0.073105933174845"
"G1300290","1.22584076861138"
"G1300310","1.21062244749477"
"G1300330","-0.232237814296651"
"G1300370","0.201903123583676"
"G1300430","0.205144902546405"
"G1300450",NA
"G1300550","0.237494451415685"
"G1300610","-2.27265347960154"
"G1300650","-2.21295769254343"
"G1300690","-0.0358479211514291"
"G1300710","-1.56081880728927"
"G1300750","-0.85380296216312"
"G1300770","-1.21149594040323"
"G1300810","-0.489346494336861"
"G1300850",NA
"G1300870","-0.182091941585205"
"G1300910","-0.278093344417797"
"G1300930","1.24231970500237"
"G1300950","0.800161469233316"
"G1300990","-0.129925901894056"
"G1301010","-0.461366262655007"
"G1301030","-0.17200766966126"
"G1301050","-0.0395832912827048"
"G1301070","-0.398327060827405"
"G1301090","-0.0164586874672483"
"G1301150","-0.278639897619483"
"G1301190","0.446767010523763"
"G1301250","-0.857604262554609"
"G1301290","-0.610968750643229"
"G1301310","-0.357390917098967"
"G1301330",NA
"G1301370",NA
"G1301390","-0.653189816147722"
"G1301470","-0.336671519438526"
"G1301490","0.204692996857615"
"G1301510","-1.43239668340007"
"G1301530","1.26439974155316"
"G1301550","-0.734257967168192"
"G1301570","0.0691974083447474"
"G1301590",NA
"G1301610","0.269809669889401"
"G1301630","-0.101094284589691"
"G1301650","0.311660273728923"
"G1301670","0.396950657029187"
"G1301710","-0.477547697100423"
"G1301730","-0.752238985740431"
"G1301750","0.147724968487573"
"G1301770","1.40730030203943"
"G1301830","0.186543090799068"
"G1301850","-0.363876310594829"
"G1301870",NA
"G1301890",NA
"G1301930","-0.283005233585722"
"G1301950","-0.29392394488304"
"G1301970","0.704252165843459"
"G1301990","0.184170713318067"
"G1302010","0.0207507182766137"
"G1302050","0.0965553466913649"
"G1302070","0.352263346904261"
"G1302090","-0.173753540754117"
"G1302110","0.962858022073615"
"G1302130","0.152436276052545"
"G1302170","0.73545849135597"
"G1302190","0.55459363406883"
"G1302210","0.138666478358987"
"G1302250","-0.823343810791254"
"G1302290","1.57174020015785"
"G1302310","0.228501659246214"
"G1302330","-0.455292378164343"
"G1302350","-0.0619039972321941"
"G1302370",NA
"G1302430","0.820627171068728"
"G1302490","-1.35311281083823"
"G1302510","-0.0741274034373521"
"G1302530","-0.150000549972176"
"G1302590","-1.23024139221985"
"G1302610","0.187843627768024"
"G1302670","0.16876447475134"
"G1302690","0.372519377788173"
"G1302710","-0.235099952194741"
"G1302730","-0.110172389067818"
"G1302750","-0.453350898326343"
"G1302770","0.44110215439133"
"G1302790","-0.0558070906595743"
"G1302830","6.89731729256439"
"G1302870","-0.11014365603583"
"G1302890","-0.936790911819747"
"G1302910","0.111974318652274"
"G1302930","0.553385483145581"
"G1302950","0.3642143856055"
"G1302970","0.456737244427793"
"G1302990","0.760634513939493"
"G1303010","1.54087185517926"
"G1303030","0.102706956607152"
"G1303050","0.12016680693784"
"G1303070","-0.211616001161117"
"G1303090","1.27131918399133"
"G1303110","-0.318721051425995"
"G1303130","-0.200486588345671"
"G1303150","0.784827619706556"
"G1303170","0.787508518520692"
"G1303190","0.556331482493583"
"G1303210","0.0183032523459298"
"G1600010","0.53636573218532"
"G1600110",NA
"G1600190","0.736829611469949"
"G1600270","0.404176447050848"
"G1600310","0.988696005650329"
"G1600390","-0.0689473314501704"
"G1600410","1.33785461616824"
"G1600430",NA
"G1600450","0.474382611571809"
"G1600470","-0.0352412200033623"
"G1600510","-19.6334824205546"
"G1600530","0.566739019212123"
"G1600630","0.196550764073475"
"G1600670","-0.309605192813036"
"G1600710",NA
"G1600730","0.239236879834036"
"G1600750","0.199691898806724"
"G1600770","0.784805956983658"
"G1600830","0.251432549900403"
"G1600870","0.549522130338856"
"G1700010","1.78616560873156"
"G1700030","1.30604855192716"
"G1700050","-2.13445747060841"
"G1700070","-0.495898568797938"
"G1700090","2.09108919183404"
"G1700110","0.0242333952845359"
"G1700130","0.37271574798876"
"G1700150","-0.172993452247683"
"G1700170","1.27817289334007"
"G1700190","-0.861037844033543"
"G1700210","1.35201866223279"
"G1700230","-5.12020582570995"
"G1700250","-8.05555916550774"
"G1700270","-2.66411502684782"
"G1700290","-0.0479831573198174"
"G1700310","-0.0865595443447028"
"G1700330","-4.0693732128734"
"G1700350","-1.96232986420582"
"G1700370","-0.0787000130168133"
"G1700390","0.248837445026813"
"G1700410","0.182258382244408"
"G1700430","0.693917566289105"
"G1700450","0.996812402024638"
"G1700470","-2.15431345857862"
"G1700490","-4.07612625379607"
"G1700510","-3.72712160067887"
"G1700530","0.886691948313359"
"G1700550","-4.0806930337927"
"G1700570","0.598632535802869"
"G1700590","-0.136487061003916"
"G1700610","-0.534814231717286"
"G1700630","0.47121133817904"
"G1700650","-2.37290027414593"
"G1700670","1.89348191364879"
"G1700690","6.72325614979721"
"G1700710","0.206121781502081"
"G1700730","-0.0530439436830542"
"G1700750","0.868991786940431"
"G1700770","-1.59428736060119"
"G1700790","-4.02863087002363"
"G1700810","-6.70974568073532"
"G1700830","-0.63448171405782"
"G1700850","-0.329409053874485"
"G1700870","-0.520646657347704"
"G1700890","-0.0155468585728109"
"G1700910","0.151579999587639"
"G1700930","0.194500271596866"
"G1700950","0.0506519982114865"
"G1700970","1.27671641179393"
"G1700990","0.168810103715524"
"G1701010","-7.84936972976412"
"G1701030","-0.0990448861025004"
"G1701050","0.70319805926877"
"G1701070","0.663097225346882"
"G1701090","0.789731197781004"
"G1701110","-0.284440226772918"
"G1701130","0.729002671701466"
"G1701150","0.759523242929189"
"G1701170","1.58625624997946"
"G1701190","-0.441098051356938"
"G1701210","-5.91811721341616"
"G1701230","0.0364010210044243"
"G1701250","0.534792364319212"
"G1701270","-1.69402712860275"
"G1701290","1.52185632516861"
"G1701310","0.130372206255033"
"G1701330","1.43050229015173"
"G1701350","0.62173168909851"
"G1701370","2.08358629463412"
"G1701390","0.165469118787706"
"G1701410","-0.200149616657575"
"G1701430","-0.0214810571549617"
"G1701450","-4.97460345278698"
"G1701470","0.850443300311421"
"G1701490","0.661211001024719"
"G1701510","6.06064974973239"
"G1701530","0.259654282201783"
"G1701550","0.285017116523321"
"G1701570","-4.76190243677166"
"G1701590","-5.54019118836559"
"G1701610","0.0888806838408536"
"G1701630","-0.388178996761706"
"G1701650","-2.61129525738619"
"G1701670","1.62698076098597"
"G1701690","1.28787478215268"
"G1701710","1.92579210844994"
"G1701730","-0.869041894440443"
"G1701750","-0.0399493265805203"
"G1701770","-0.430105065870019"
"G1701790","0.19900335368374"
"G1701810","-0.0519032940859207"
"G1701830","-1.05405277397722"
"G1701850","-4.09836422824975"
"G1701870","0.226666266775819"
"G1701890","-3.48431173288622"
"G1701910","-3.25811900224901"
"G1701930","-2.17750666894883"
"G1701950","-0.0936513368639239"
"G1701970","0.152005643025007"
"G1701990","-3.74375996819692"
"G1702010","-0.243257724383231"
"G1702030","0.300553262861071"
"G1800010","0.449278347272136"
"G1800030","-0.560760725386599"
"G1800050","-3.36814738269064"
"G1800070","-1.3133636102189"
"G1800090","-1.05965364649416"
"G1800110","-0.356932903456266"
"G1800130","-16.5239227382898"
"G1800150","-0.359457545693229"
"G1800170","0.0450257208593612"
"G1800190","-0.363238181226956"
"G1800210","-0.730327236423916"
"G1800230","-0.243969654655977"
"G1800250","-47.6637965468739"
"G1800270","-3.29352226814619"
"G1800290","-2.52380139714126"
"G1800310","-2.85754070787848"
"G1800330","0.315709033205686"
"G1800350","-0.630543512136724"
"G1800370","-2.92184662574938"
"G1800390","1.71516310280374"
"G1800410","-3.88453215580236"
"G1800430","6.61205748545559"
"G1800450","-1.22583619808007"
"G1800470","-2.73571594460227"
"G1800490","-0.623552221942441"
"G1800510","-2.26991994552663"
"G1800530","0.475811407544339"
"G1800550","-6.59265882714329"
"G1800570","0.0871966573592343"
"G1800590","-1.01983161719836"
"G1800610","-1.68384750213753"
"G1800630","-0.691331031910149"
"G1800650","-1.95229092690923"
"G1800670","-1.98837194751503"
"G1800690","-0.253696471436886"
"G1800710","-1.70523627315244"
"G1800730","-0.715168220543694"
"G1800750","0.155910655535021"
"G1800770","10.4055359432773"
"G1800790","-2.30733947204039"
"G1800810","-2.29845865063349"
"G1800830","-0.321198373014333"
"G1800850","-0.40648056862127"
"G1800870","0.224923266763928"
"G1800890","-0.446525537670593"
"G1800910","-0.845866393410608"
"G1800930","-3.26254031128854"
"G1800950","-0.307776286681427"
"G1800970","-0.919561579814158"
"G1800990","-0.502842062640884"
"G1801010","-2.3805354768466"
"G1801030","-0.0371846059382907"
"G1801050","-2.33887159252859"
"G1801070","-0.887573660791697"
"G1801090","-2.25420061526996"
"G1801110","-1.90586896774945"
"G1801130","0.210984284740284"
"G1801150","5.51611148153361"
"G1801170","-4.91089672767389"
"G1801190","-1.56111992193573"
"G1801210","-2.077648134455"
"G1801230","-5.40256607922512"
"G1801250","2.0832631090611"
"G1801270","-1.31437911096234"
"G1801290","-1.84384029804809"
"G1801310","-0.870987049517305"
"G1801330","-0.852057994121531"
"G1801350","-0.448662380704973"
"G1801370","-2.84363046190795"
"G1801390","-2.71859484655426"
"G1801410","-0.680391794987004"
"G1801430","-0.0271284133380397"
"G1801450","-3.47097742363632"
"G1801470","-3.31432064387154"
"G1801490","-0.0119073034409324"
"G1801510","-1.50315003830433"
"G1801530","1.20160841011191"
"G1801550","0.344239343435641"
"G1801570","-0.746083564976384"
"G1801590","-0.082314177984429"
"G1801610","-2.37837396751955"
"G1801630","-2.93493704714049"
"G1801650","-0.855224254770967"
"G1801670","-2.26943614523381"
"G1801690","1.48805823648038"
"G1801710","-0.966670320514221"
"G1801730","-3.75173020878799"
"G1801750","-2.631659781385"
"G1801770","-5.50008270499524"
"G1801790","-1.91915702373312"
"G1801810","-1.0590644624398"
"G1801830","-0.0106168954496747"
"G1900010","0.348111581489431"
"G1900030","0.216929102875718"
"G1900050","-0.104120132324075"
"G1900070","1.27858437927954"
"G1900090","-0.15922598370171"
"G1900110","-0.183842034617903"
"G1900130","-0.196471308078175"
"G1900150","-0.0151060040443541"
"G1900170","-0.210716120913845"
"G1900190","-0.170160324918623"
"G1900210","-0.13220888635257"
"G1900230","-0.277186340263803"
"G1900250","-0.121097662872962"
"G1900270","-0.186336647993323"
"G1900290","-0.0041689527194271"
"G1900310","0.0165447905931831"
"G1900330","-0.0459816684434503"
"G1900350","-0.0956420863454759"
"G1900370","-0.252958676927608"
"G1900390","1.35382008481428"
"G1900410","-0.109605079189651"
"G1900430","0.203594898719159"
"G1900450","0.332944669986375"
"G1900470","-0.371581555193035"
"G1900490","0.185652957743358"
"G1900510","1.98415487163691"
"G1900530","1.18302414856973"
"G1900550","0.0398213935096121"
"G1900570","1.20390313014155"
"G1900590","-0.0925458388143929"
"G1900610","0.607420206700785"
"G1900630","-0.110059437442107"
"G1900650","0.550728052149325"
"G1900670","-0.24583767505097"
"G1900690","0.153866534109802"
"G1900710","0.280104348937678"
"G1900730","-0.132997381385255"
"G1900750","0.119530303448093"
"G1900770","-0.184418817193036"
"G1900790","-0.160535384860493"
"G1900810","-0.0530101836604715"
"G1900830","-0.0443404828255669"
"G1900850","-0.084045857974031"
"G1900870","1.53192042893075"
"G1900890","-0.505435690313671"
"G1900910","-0.00411652917385101"
"G1900930","-0.194935718080001"
"G1900950","0.352950184684534"
"G1900970","0.140749781190482"
"G1900990","0.208651021664247"
"G1901010","1.70685667740731"
"G1901030","0.373330183228996"
"G1901050","0.42816564953583"
"G1901070","0.975096548604153"
"G1901090","-0.109756541998605"
"G1901110","1.69699158112546"
"G1901130","0.0342778211495683"
"G1901150","0.79651410415103"
"G1901170","0.998918670431039"
"G1901190","-0.185529175306059"
"G1901210","0.55842556316363"
"G1901230","0.710077352333493"
"G1901250","0.649579141999185"
"G1901270","0.0648330463680733"
"G1901290","0.306558355403519"
"G1901310","-0.257199279979417"
"G1901330","-0.116632155131884"
"G1901350","1.20076389721881"
"G1901370","0.00901404337137674"
"G1901390","0.339055427478619"
"G1901410","-0.149747352310527"
"G1901430","-0.110510791767892"
"G1901450","0.454983361271983"
"G1901470","-0.0565387949464354"
"G1901490","-0.05134207871793"
"G1901510","-0.0187529020292162"
"G1901530","0.203393393339328"
"G1901550","0.0458509971984992"
"G1901570","0.121755684123118"
"G1901590","0.935638760515372"
"G1901610","-0.32604240858441"
"G1901630","0.286130313569688"
"G1901650","-0.15229697135294"
"G1901670","-0.119506003083347"
"G1901690","-0.0578694963815927"
"G1901710","0.0518045772740652"
"G1901730","0.47606941300819"
"G1901750","0.885466326276571"
"G1901770","1.83020551539387"
"G1901790","1.54024322303611"
"G1901810","1.00884029684208"
"G1901830","0.84664638363852"
"G1901850","1.38304558905555"
"G1901870","-0.0678089972364998"
"G1901890","-0.153640193253485"
"G1901910","-0.108903810259734"
"G1901930","-0.201734627787141"
"G1901950","-0.228928257647216"
"G1901970","0.147628358977386"
"G2000010","0.369760929853493"
"G2000030","0.214852834056456"
"G2000050","-0.478681965042053"
"G2000070","-0.224449254886151"
"G2000090","-0.138284785664983"
"G2000110","1.90504790258003"
"G2000130","-0.409366618688227"
"G2000150","-0.475580786979718"
"G2000170","0.80174044973792"
"G2000190","-0.714667828866017"
"G2000210","0.926341864168591"
"G2000230","-0.938765307023793"
"G2000250","-0.570913321706335"
"G2000270","-1.15531306508043"
"G2000290","0.50188286896581"
"G2000310","0.223244051436901"
"G2000330","0.987646661080355"
"G2000350","0.780598027836735"
"G2000370","0.745120319924245"
"G2000390","-0.710261107931741"
"G2000410","-2.00311084362094"
"G2000430","-0.436057571033797"
"G2000450","-0.427088715897196"
"G2000470","-0.218309066103596"
"G2000490","0.504409388349491"
"G2000510","-1.49080072985521"
"G2000530","3.8391095745742"
"G2000550","-0.305656591391966"
"G2000570","-0.180088716914482"
"G2000590","1.95448017616109"
"G2000610","-0.827575659309446"
"G2000630","-0.615873824231061"
"G2000650","-0.891117905063564"
"G2000670","-0.175863335375001"
"G2000690","-0.109119255692876"
"G2000710","-0.291362393146825"
"G2000730","-0.23830806127794"
"G2000750","-0.200707943661054"
"G2000770","1.41057262513102"
"G2000790","-0.352364536995383"
"G2000810","-1.05362631937727"
"G2000830","-3.19787586757538"
"G2000850","0.199133138830038"
"G2000870","-0.920177080130557"
"G2000890","0.374268371356592"
"G2000910","0.419237981144566"
"G2000930","-0.383180236730687"
"G2000950","1.38013709541498"
"G2000970","-0.226571206351974"
"G2000990","-0.445810169241955"
"G2001010","0.936506009738466"
"G2001030","2.35912304979899"
"G2001050","-1.02587884794655"
"G2001070","0.0621982747569404"
"G2001090","-0.380012883952642"
"G2001110","-0.366907630877868"
"G2001130","-0.404422579764156"
"G2001150","-0.406088042156786"
"G2001170","-0.647543584473047"
"G2001190","1.02211681099844"
"G2001210","-0.181913544089516"
"G2001230","0.0315524094518804"
"G2001250","0.230536362626495"
"G2001270","-0.310000236240497"
"G2001290","-0.0531870809647376"
"G2001310","-0.603820906928086"
"G2001330","0.347193670334532"
"G2001350","-0.420009510280289"
"G2001370","-0.501253823083232"
"G2001390","-0.215442788269514"
"G2001410","-0.521027141024296"
"G2001430","-1.62960937761057"
"G2001450","-1.16912455386315"
"G2001470","-0.69878165856765"
"G2001490","-0.503434627416757"
"G2001510","-1.26399346342063"
"G2001530","-0.555683379861893"
"G2001550","-1.23880625899617"
"G2001570","-0.878303284325542"
"G2001590","0.0512987852678751"
"G2001610","0.358754189682049"
"G2001630","-0.219319298875271"
"G2001650","-0.323168986202684"
"G2001670","-1.31394687695745"
"G2001690","-0.529896840927537"
"G2001710","-0.179548501668547"
"G2001730","-0.27371706857148"
"G2001750","-1.5628837615965"
"G2001770","0.237829817147852"
"G2001790","-0.407961468244036"
"G2001810","-0.293324491753173"
"G2001830","-1.58764941081263"
"G2001850","-0.0548373663229209"
"G2001870","-0.1129466251403"
"G2001890","-0.0912300847892588"
"G2001910","-0.808773022420121"
"G2001930","-0.259017687223155"
"G2001950","-0.106991589940911"
"G2001970","-1.73451208224277"
"G2001990","-0.286610912981841"
"G2002010","-0.853128330093679"
"G2002030","-0.412858577777215"
"G2002050","0.091859246845246"
"G2002070","-0.681728030039939"
"G2002090","-1.71274079869912"
"G2100010","-1.02286253881186"
"G2100030","0.859467169795728"
"G2100050","19.2201121758995"
"G2100070","-0.659678229628158"
"G2100090","-0.168521993985752"
"G2100110","-0.198226526019978"
"G2100150","3.98584607036785"
"G2100170","0.186340309145339"
"G2100210","-0.307921368261788"
"G2100230","-4.89510086126851"
"G2100270","-1.03532003110177"
"G2100290","-1.14362243058455"
"G2100310","-1.01097692911551"
"G2100330","-2.01942215534714"
"G2100350","-0.377328262153607"
"G2100370","-9.15033526192621"
"G2100390","0.130719107100446"
"G2100410","-8.56432652399032"
"G2100430","0.521894774665152"
"G2100450","-0.180890589443897"
"G2100470","-1.44767561604289"
"G2100490","0.106596715465893"
"G2100510","0.289887935266209"
"G2100530","0.865719153863774"
"G2100550","-2.04004587555071"
"G2100570","-1.29899062187995"
"G2100590","-1.06597331234451"
"G2100610","-2.31258687192045"
"G2100650","-0.155216435973078"
"G2100670","-0.0906154468532921"
"G2100690","0.00255620316570181"
"G2100730","-3.58586798537364"
"G2100750","-1.43671297331438"
"G2100770","-0.000926840898151584"
"G2100790","-0.277170005025684"
"G2100810","-6.58300973069623"
"G2100830","0.29302316029312"
"G2100850","-0.367579850747968"
"G2100870","-0.178121245862153"
"G2100890","-0.233209462382544"
"G2100910","-3.17153278184011"
"G2100930","-0.857306368439532"
"G2100970","0.588295406230859"
"G2100990","-0.146493522435173"
"G2101010","-0.557084528702473"
"G2101030","-1.43259275274806"
"G2101050","0.461295283760386"
"G2101070","-0.822601771340731"
"G2101090","-3.3015857882139"
"G2101110","4.43501334354556"
"G2101130","-0.466886880204667"
"G2101170",NA
"G2101210","-0.070894890874825"
"G2101230","1.38535733944821"
"G2101250","0.406834101592309"
"G2101350","-0.543727414467962"
"G2101370","0.589056503454652"
"G2101390","-2.27279194936389"
"G2101410","-0.239401736124484"
"G2101430","-3.22586612480678"
"G2101450","0.211686506973145"
"G2101490","-0.172762913175786"
"G2101510","-0.336681116228043"
"G2101550","0.135524037350783"
"G2101570","0.379162038387365"
"G2101610","0.573659333352027"
"G2101630","-2.0196256952215"
"G2101650",NA
"G2101670","-0.466018398377453"
"G2101690","-0.98400505344142"
"G2101710","-0.236029948166271"
"G2101730","0.104916300619836"
"G2101750","0.233380860061212"
"G2101770","2.41350211843342"
"G2101790","3.28303654008663"
"G2101810","1.07913721927697"
"G2101830","-1.0498751224572"
"G2101850","-0.2823139491144"
"G2101870","-0.944591463621554"
"G2101910","-1.26884263251149"
"G2101970","-1.33903034819524"
"G2101990","-0.51510712322935"
"G2102010",NA
"G2102030","-0.608212473691698"
"G2102050","-0.982402668776698"
"G2102070","-0.202270872085957"
"G2102090","-0.125207698875546"
"G2102110","-0.981442277120045"
"G2102130","-0.670789551015569"
"G2102150","-1.15673647729677"
"G2102170","0.0126705275702212"
"G2102190","-0.708981476074122"
"G2102210","-2.08649658238593"
"G2102230","4.67977200384958"
"G2102250","0.00694614273277009"
"G2102270","-0.103379853115208"
"G2102290","-0.264148752752119"
"G2102310","-0.199665882758903"
"G2102330","-0.291118815635617"
"G2102350","-0.523805114793559"
"G2102370",NA
"G2102390","-0.383078469081844"
"G2200010","-0.521523208451109"
"G2200030","-0.930531522710424"
"G2200070","-3.41197472592581"
"G2200090","-0.41424826650508"
"G2200110","0.548175644544994"
"G2200150","1.05141108335252"
"G2200170","1.15085213559072"
"G2200190","-0.117487622937323"
"G2200210","-1.59931426401976"
"G2200230","0.617486184440034"
"G2200250","-0.557765734118437"
"G2200290","-0.399593164456939"
"G2200310","23.8805120649918"
"G2200350","-0.375058326246975"
"G2200370","-0.291441951482956"
"G2200390","-2.66543654497075"
"G2200410","-0.339596353814206"
"G2200430","-0.159791817618209"
"G2200450","-0.704199416490617"
"G2200470","-0.677407761499693"
"G2200530","-0.428274398028404"
"G2200550","-0.369141530792978"
"G2200650","-0.150859973026615"
"G2200670","-0.479554357865313"
"G2200690","-0.206907864818589"
"G2200730","-1.53001600604038"
"G2200770","-0.843210324049886"
"G2200790","-0.224644901061882"
"G2200810","-1.40328113062234"
"G2200830","-0.0506443728208811"
"G2200930",NA
"G2200970","0.232030972859768"
"G2200990","-0.693703197929206"
"G2201010","-4.06138271967104"
"G2201050",NA
"G2201070","-0.350774503585131"
"G2201130","-0.583336164099122"
"G2201170","1.75785559502158"
"G2201210","-0.501561240676552"
"G2201230","-0.732110324621541"
"G2201250","-0.5907473603504"
"G2400010","-6.26831573092735"
"G2400030","-1.66354896263396"
"G2400050","-1.43238827658303"
"G2400090","-1.19166450985124"
"G2400110","-1.25233055138298"
"G2400130","-1.12097304870822"
"G2400150","-1.20942666470121"
"G2400170","-0.0216771038154526"
"G2400190","-1.59188431468753"
"G2400210","-2.20133824888483"
"G2400230","-4.43741137535874"
"G2400250","-1.82994282618737"
"G2400270","-0.736861644876209"
"G2400290","-0.258397815154927"
"G2400310","-3.29712167906994"
"G2400330","-1.14774289358859"
"G2400350","-0.808756050565254"
"G2400370","-1.12760316099214"
"G2400390","-2.43687358317409"
"G2400410","-0.38531110655447"
"G2400430","-3.18840651049986"
"G2400450","-0.15940626285573"
"G2400470","-1.19953977992673"
"G2600010","5.45070210343681"
"G2600050","-0.47502491969562"
"G2600070","0.739481285244934"
"G2600090","-3.4280934433398"
"G2600110","-1.94615672793641"
"G2600150","0.729409240451728"
"G2600170","-3.11754691866214"
"G2600190","-7.26956693449139"
"G2600210","0.0862459815967951"
"G2600230","1.59063032840383"
"G2600250","1.45544657204856"
"G2600270","-0.0168790654461139"
"G2600290","-1.85608921619385"
"G2600310","-30.3837328701519"
"G2600350","-2.96124838823914"
"G2600370","1.56167898573643"
"G2600410","1.01486300560697"
"G2600430",NA
"G2600450","1.57989105614865"
"G2600470","-2.33961110283835"
"G2600490","1.80842091591045"
"G2600510","-4.8643391251914"
"G2600550","-1.96019514672867"
"G2600570","1.00705210828556"
"G2600590","2.21919078836419"
"G2600630","-0.862122349300814"
"G2600650","1.67460865867494"
"G2600670","0.901797453718463"
"G2600690","-0.08552483743257"
"G2600730","2.98388211830783"
"G2600750","2.16408673171229"
"G2600770","0.389871571202858"
"G2600790","-9.30498334983903"
"G2600810","-1.19326618638911"
"G2600850",NA
"G2600870","2.36975810586997"
"G2600890","1.56962101553485"
"G2600910","3.06819128784274"
"G2600930","1.64182362626969"
"G2600990","-11.3580117106985"
"G2601010","-2.06070185677609"
"G2601030",NA
"G2601050","2.82676718699974"
"G2601070","2.21515675844294"
"G2601090","-1.02815283819348"
"G2601110","0.362909613576233"
"G2601130","0.850101989812455"
"G2601150","0.416980183921369"
"G2601170","3.11974128853951"
"G2601190","1.15108242823717"
"G2601210","-7.08076715059794"
"G2601230","0.647161992104212"
"G2601250","-2.46791305458949"
"G2601270","1.53244793361658"
"G2601290","0.305715701937459"
"G2601330","-1.15575737026506"
"G2601350",NA
"G2601370","-4.06752544157341"
"G2601390","0.0931454240652841"
"G2601410","-0.486795854412195"
"G2601450","1.05877669201207"
"G2601470","97.6730386712662"
"G2601490","1.98809289796416"
"G2601510","3.09530509935038"
"G2601550","2.13010895990933"
"G2601570","0.0113923609555126"
"G2601590","-0.987861578373662"
"G2601610","2.97303145123137"
"G2601630","-7.78496478543532"
"G2601650","2.18676080973551"
"G2700010","5.17169512829428"
"G2700030","0.509853317173643"
"G2700050","-1.90042560675792"
"G2700070","-20.4963853534184"
"G2700090","-1.60258095816199"
"G2700110","1.22021590677277"
"G2700130","0.206340527759996"
"G2700150","0.0920316161704601"
"G2700170","0.490680241669091"
"G2700190","-0.748912340978018"
"G2700210",NA
"G2700230","0.439890089983311"
"G2700250","0.163940491666321"
"G2700270","0.948977087901522"
"G2700290","0.533636006746688"
"G2700330","0.20796926292747"
"G2700350","0.931506244184296"
"G2700370","-0.474718049461264"
"G2700390","0.132672408664042"
"G2700410","-1.05904765960581"
"G2700430","0.137580658789336"
"G2700450","0.551404328945346"
"G2700470","0.0292550834633547"
"G2700490","0.316962893353933"
"G2700510","0.411417269604771"
"G2700530","1.04162345696237"
"G2700550","0.253233042250518"
"G2700570","57.8991890218005"
"G2700590","-0.135228673375589"
"G2700630","0.263839448959632"
"G2700650","0.363251825397573"
"G2700670","0.00376606574826914"
"G2700690","6.687207332954"
"G2700710",NA
"G2700730","0.703476428456202"
"G2700770",NA
"G2700790","-0.114476666474908"
"G2700810","0.182858011691549"
"G2700830","0.114913192637761"
"G2700850","-0.3855825324918"
"G2700870","0.863413005085232"
"G2700890","1.54217920293803"
"G2700910","0.216960375374408"
"G2700930","-0.131147976628244"
"G2700950","-0.109528678633677"
"G2700970","-0.0840298511670929"
"G2700990","0.0276620486793293"
"G2701010","-0.0298401059514004"
"G2701030","0.0823979507115388"
"G2701050","-0.0147183430641721"
"G2701070","0.0673033610885423"
"G2701090","0.43321870381986"
"G2701110","0.128300647227871"
"G2701130","3.68236318927525"
"G2701150","0.0705531363916074"
"G2701170","0.00321490755195558"
"G2701190","-0.895097895287948"
"G2701210","-0.0993590872764847"
"G2701250","0.48259545225843"
"G2701270","0.170715714503546"
"G2701290","0.210526855100789"
"G2701310","-0.0448741953234112"
"G2701330","-0.139882168322935"
"G2701350","-0.304360777739527"
"G2701390","-0.649037007589676"
"G2701410","0.042294687669391"
"G2701430","-0.273574454905246"
"G2701450","-0.852486022035672"
"G2701470","0.0448018086603849"
"G2701490","0.426787943546938"
"G2701510","-0.0852116622218492"
"G2701530","-0.25171600906775"
"G2701550","1.06517838681859"
"G2701570","0.315178206014191"
"G2701590","0.0858982919604646"
"G2701610","0.0407950889160781"
"G2701630","-1.51688446996095"
"G2701650","0.423654739275823"
"G2701670","1.06705446615894"
"G2701690","0.685266471657092"
"G2701710","-1.52862311705984"
"G2701730","0.25098797085112"
"G2800010","-0.107456850606835"
"G2800030","-0.412160006283142"
"G2800070","0.908402133333416"
"G2800090","-1.15324658074784"
"G2800110","-0.742585426207918"
"G2800130","-1.94842091702045"
"G2800150","-0.48188005233699"
"G2800170","-1.37454183983365"
"G2800210","-1.75758881847961"
"G2800250","-1.27123144780932"
"G2800270","-0.53579858307944"
"G2800310","-1.50367801580971"
"G2800330","-0.439711443906692"
"G2800390","0.267200570955374"
"G2800410",NA
"G2800430","5.27875981118441"
"G2800490","-0.941026498660123"
"G2800510","-0.490730658035274"
"G2800530","-0.650397993646979"
"G2800550","-0.627120794675881"
"G2800570","-0.86717982111645"
"G2800630","-3.00198708029118"
"G2800650",NA
"G2800710","0.971164803858359"
"G2800730",NA
"G2800770","-0.47715236124533"
"G2800810","-1.13342593329642"
"G2800830","-0.974609026789169"
"G2800870","-1.06760572373463"
"G2800890","-0.738087368904297"
"G2800930","-1.36707549029549"
"G2800950","-0.414174852464101"
"G2800970","-0.486182709120365"
"G2801010","-0.2397415465301"
"G2801030","-0.850513856544604"
"G2801070","0.825575352616337"
"G2801150","0.0460831507599886"
"G2801170","-1.21083684059499"
"G2801190","-0.0369971406332211"
"G2801210","-1.30029034469433"
"G2801230","-0.0839625260927187"
"G2801250","-0.326983449473629"
"G2801270","-1.58916894398247"
"G2801330","-1.08468615474506"
"G2801350","-0.440447703491591"
"G2801370","0.105880826534704"
"G2801390","-0.38239913874779"
"G2801410","0.666640790971116"
"G2801430","4.23254755758574"
"G2801450","-2.79489558667886"
"G2801470","5.26826369860264"
"G2801490","-0.889610521945833"
"G2801510","-1.16852546822848"
"G2801550","-0.571914183801169"
"G2801570",NA
"G2801610","-6.17387539990697"
"G2801630","-1.38875308690366"
"G2900010","0.905735484393949"
"G2900030","0.379977449897938"
"G2900050","-0.00736679027987169"
"G2900070","-0.405165984294125"
"G2900090","2.21121657875005"
"G2900110","0.542420971382572"
"G2900130","2.05073824473718"
"G2900150","-0.257980379420983"
"G2900170","1.22985372693755"
"G2900190","0.540601821943263"
"G2900210","-0.897864267537713"
"G2900230","-0.977516687719114"
"G2900250","-0.173631115914576"
"G2900270","-0.687697641850936"
"G2900310","-0.149642504161215"
"G2900330","-0.994292064563419"
"G2900370","0.672413831126781"
"G2900390","0.328110601283134"
"G2900410","0.350641917954836"
"G2900430","2.0001824903696"
"G2900450","-1.48911128486261"
"G2900470","-0.296550530878119"
"G2900490","-0.213560039160252"
"G2900510","-1.38509100623185"
"G2900530","-3.2963771342827"
"G2900550",NA
"G2900570","0.752754413588348"
"G2900590","-3.22343140025721"
"G2900610","-0.0195713412540276"
"G2900630","-0.180291491637772"
"G2900690","-0.0371693302926218"
"G2900710","-0.657434329566606"
"G2900730","-0.314735853477015"
"G2900750","-0.438610892739184"
"G2900770","5.52803641426015"
"G2900790","-1.52166000369783"
"G2900810","0.029928125808428"
"G2900830","0.524602259862202"
"G2900850","-0.947185692067042"
"G2900870","0.209870328407336"
"G2900890","-3.36095389664175"
"G2900910","2.85854106796539"
"G2900950","-1.44209934939372"
"G2900970","-0.110662250803504"
"G2900990","-3.02412242743425"
"G2901010","0.210893323869075"
"G2901030","0.0364913602074306"
"G2901050","-1.62772264364921"
"G2901070","-0.00650389104269523"
"G2901090","1.97357442462804"
"G2901110","1.18749442645191"
"G2901130","-5.55177462661017"
"G2901150","-1.48932643842961"
"G2901170","-1.12193626137331"
"G2901190",NA
"G2901210","0.0682849285084243"
"G2901230","-2.391271711229"
"G2901250","-1.86369947936045"
"G2901270","0.761843893014147"
"G2901290","-0.799964804939951"
"G2901310","-0.560595827830516"
"G2901330","0.186538820093765"
"G2901350","2.90080270753929"
"G2901370","0.414161057505597"
"G2901390","-1.78319562180637"
"G2901410","0.20066362562966"
"G2901430","0.520349353166123"
"G2901450","0.504396359193249"
"G2901470","0.268427514642455"
"G2901510","-1.03525570408984"
"G2901550","0.259975956189976"
"G2901570","-0.280894069279686"
"G2901590","-0.254469455098896"
"G2901610",NA
"G2901630","-0.128782728391072"
"G2901650","-0.862647189827129"
"G2901670","-3.95645015801837"
"G2901690","3.32567863016321"
"G2901710","-1.57895592077175"
"G2901730","-2.54020070262124"
"G2901750","1.72635573973801"
"G2901770","0.368748881196089"
"G2901810","2.18300047313882"
"G2901830","-1.36351220443918"
"G2901850","0.191859055103284"
"G2901860","-0.649650561584961"
"G2901870","3.00245354066492"
"G2901890","-2.67311781988961"
"G2901950","0.0600319293140523"
"G2901970","-1.9174456522541"
"G2901990","1.34646346752626"
"G2902010","0.720195927698541"
"G2902050","0.461324922947824"
"G2902070","0.323345241598713"
"G2902090",NA
"G2902110","0.172854250586579"
"G2902150","12.6024059384074"
"G2902170","1.22096533618492"
"G2902190","-0.164970480741836"
"G2902230","6.33809961849428"
"G2902250","-0.360051865257505"
"G2902270","0.529407143432851"
"G2902290",NA
"G3000030","-0.791545442225985"
"G3000090","-0.117217410287076"
"G3000110",NA
"G3000150",NA
"G3000170","-0.190585992199537"
"G3000190",NA
"G3000210","-0.851540193132712"
"G3000250","0.0999329092383924"
"G3000330",NA
"G3000470","0.814677103729776"
"G3000550","40.0931877555759"
"G3000650",NA
"G3000790","-0.275806987411942"
"G3000830","0.361688798621975"
"G3000850",NA
"G3000870","-0.349754869345412"
"G3000910",NA
"G3000950","0.504495996140074"
"G3001010",NA
"G3001030",NA
"G3001050","5.48453515696785"
"G3001090","-3.81890275365206"
"G3001110","-0.0390415647336671"
"G3100010","0.025230373524557"
"G3100030","0.0780877662538918"
"G3100070","0.613157242104918"
"G3100110","0.211392865563463"
"G3100130","-0.0649752575112436"
"G3100150","-2.27890234833187"
"G3100170","0.198139871029052"
"G3100190","0.136930965773988"
"G3100210","0.250313933289728"
"G3100230","0.160530607928243"
"G3100250","0.301467139797912"
"G3100270","0.419386237219449"
"G3100290","0.39999201239125"
"G3100310","0.302499153706899"
"G3100330","0.0457017181920093"
"G3100350","-0.0123407889607429"
"G3100370","0.621586624961211"
"G3100390","0.199717589651086"
"G3100410","0.0667678384013041"
"G3100430","0.206406465893545"
"G3100450","0.349188675963103"
"G3100470","0.17157340603686"
"G3100490","0.0415206719449001"
"G3100510","0.485111193588862"
"G3100530","0.458653942246485"
"G3100550","0.586606077873655"
"G3100570","0.227852113376393"
"G3100590","0.169794471767563"
"G3100610","-0.14664208388131"
"G3100630","-0.116979085527034"
"G3100650","-0.229243332554919"
"G3100670","0.414487599248843"
"G3100690","0.0356315945835376"
"G3100710","-0.159974013501548"
"G3100730","0.034948242050595"
"G3100770","0.0695303391763114"
"G3100790","0.46417374257653"
"G3100810","0.170597356355775"
"G3100830","-0.14134714758715"
"G3100850",NA
"G3100870","-0.0771669390976407"
"G3100890","0.192091460647651"
"G3100930","0.0635701335868504"
"G3100950","0.372834967158871"
"G3100970","0.537552206084305"
"G3100990","0.111821459764435"
"G3101010","0.136500162442274"
"G3101030","1.04489456325068"
"G3101050","0.172688741362517"
"G3101070","0.352878907490421"
"G3101090","0.322791494500698"
"G3101110","0.0468101619515111"
"G3101130","0.294834113265855"
"G3101190","0.208683729111534"
"G3101210","0.426774269432863"
"G3101230","0.206995027201575"
"G3101250","0.129522262246883"
"G3101270","0.345668598669257"
"G3101290","0.10666997303889"
"G3101310","0.332902941177622"
"G3101330","0.525875428653619"
"G3101350","0.212275057856431"
"G3101370","0.135810699470045"
"G3101390","0.121748024353021"
"G3101410","0.415406467667979"
"G3101430","0.279812213811978"
"G3101450","-0.182194960904462"
"G3101470","0.429677739905694"
"G3101490","-0.524124231669249"
"G3101510","0.333626462446276"
"G3101530","0.529886225345622"
"G3101550","0.405350140894252"
"G3101570","-0.0152407330586189"
"G3101590","0.417386660848254"
"G3101610","0.10215748242766"
"G3101630","-0.0374569610466424"
"G3101650","-0.118328417559898"
"G3101670","0.35048384365961"
"G3101690","0.176506037180949"
"G3101730","0.112600006364841"
"G3101750","0.0259598510997829"
"G3101770","0.102037908659579"
"G3101790","0.369082440679887"
"G3101810","-0.170751082001794"
"G3101830","0.717249717470135"
"G3101850","0.209530191339935"
"G3400010",NA
"G3400050","-1.92158431017734"
"G3400110","-1.31431601656063"
"G3400150","0.241988419675303"
"G3400190","-2.34091298453041"
"G3400210","-1.63063448403654"
"G3400230","-2.07490846125986"
"G3400250","0.325237605038135"
"G3400270","-4.37370952106178"
"G3400290","-1.16116516687011"
"G3400330","-0.560406569715768"
"G3400350","-2.86669981759611"
"G3400370","-5.19071462419547"
"G3400410","-4.26114952469505"
"G3500050","8.73067772851103"
"G3500090","-0.225193939156355"
"G3500130","-0.999786955717913"
"G3500150","-0.52418564882792"
"G3500250",NA
"G3500290",NA
"G3500410","3.4923677294204"
"G3500510","1.29269582976032"
"G3500570",NA
"G3500590","0.468965867975237"
"G3600010",NA
"G3600030","-20.1766093303671"
"G3600070",NA
"G3600090","-5.86373458678786"
"G3600110",NA
"G3600130","-15.1954334845538"
"G3600150",NA
"G3600170",NA
"G3600190",NA
"G3600210","-2.58503035485284"
"G3600230",NA
"G3600250",NA
"G3600270","0.850135407637024"
"G3600290","-0.718583500731018"
"G3600310",NA
"G3600330","-352.2084843005"
"G3600350",NA
"G3600370","0.0595001483126961"
"G3600390","329.430929171364"
"G3600430","50.2823796183536"
"G3600450","4.00534208827944"
"G3600490","-4.71652840410712"
"G3600510","-23.7718734193549"
"G3600530",NA
"G3600550","-12.9968528265062"
"G3600570",NA
"G3600630","-2.12921023634982"
"G3600650",NA
"G3600670",NA
"G3600690","-7.54405065779135"
"G3600710","-1.07036916935336"
"G3600730","-5.60207600392883"
"G3600750","17.8062343686374"
"G3600770",NA
"G3600830","-47.5962489973483"
"G3600890","-6.16325932440611"
"G3600910",NA
"G3600930",NA
"G3600950",NA
"G3600970",NA
"G3600990",NA
"G3601010","-72.4806202975155"
"G3601030","0.268123814051995"
"G3601050","-11.0539351277531"
"G3601070",NA
"G3601090",NA
"G3601110","5.12774341658264"
"G3601130",NA
"G3601150",NA
"G3601170","0.45031550745506"
"G3601210","-13.0105581300301"
"G3601230","-65.9431804858963"
"G3700010","0.291926865549879"
"G3700030","-0.201893235376678"
"G3700050","-0.206488132663175"
"G3700070","-0.0443563596370325"
"G3700130","-2.87629345278203"
"G3700150","-1.16830323166745"
"G3700170","-0.937711626725989"
"G3700190","-2.41027370048111"
"G3700210","0.279611406461296"
"G3700230","0.558683770445151"
"G3700250","0.324140893074801"
"G3700270","0.24555858576696"
"G3700290","-0.871530085400215"
"G3700310","-4.0047117587764"
"G3700330","-0.678808645666458"
"G3700350","0.201985141560853"
"G3700370","-0.251782536277981"
"G3700390","-0.0124253438445247"
"G3700410","-0.610591123906787"
"G3700430",NA
"G3700450","0.180240687810769"
"G3700470","-1.21706711213725"
"G3700490","-2.79150718739635"
"G3700510","1.05647359349889"
"G3700530","-0.200260583453071"
"G3700550","-2.36004651122539"
"G3700570","-0.180270535082319"
"G3700590","0.350801565567923"
"G3700610","-2.07703355798015"
"G3700630","-0.0239580001157632"
"G3700650","-1.0137691205995"
"G3700670","0.154340860692646"
"G3700690","0.895698950816947"
"G3700710","0.493833933556856"
"G3700730","-1.10171059032837"
"G3700770","0.416075129997707"
"G3700790","-2.11208594755191"
"G3700810","0.376234087622654"
"G3700830","-0.669174500957205"
"G3700850","-0.478713425028508"
"G3700870","-0.281999045484082"
"G3700890","0.426382593351609"
"G3700910","-0.623095390846987"
"G3700930","0.308157479948922"
"G3700950","-2.39141575785568"
"G3700970","0.257129870255492"
"G3701010","-0.582860686255766"
"G3701030","-1.52018953135473"
"G3701050","1.05586116055866"
"G3701070","-2.582519616417"
"G3701090","0.91582349451148"
"G3701110","0.937125526696522"
"G3701130","-0.969792462090645"
"G3701170","-1.11142783607699"
"G3701190","0.0510221206991504"
"G3701230","-0.245291737922817"
"G3701250","-0.754001739006843"
"G3701270","0.591344361174499"
"G3701290","-4.92820457040728"
"G3701310","-0.558136961503625"
"G3701330","-3.06534573946677"
"G3701350","0.416509613784708"
"G3701370","-2.21436959747252"
"G3701390","-1.28779353404405"
"G3701410","7.67321737739854"
"G3701430","-0.650314557421917"
"G3701450","-0.441797464254481"
"G3701470","-1.94428192880476"
"G3701490","-0.0482696334423948"
"G3701510","-0.0507106439817183"
"G3701530","-1.12864881500778"
"G3701550","1.50281604139371"
"G3701570","-0.126616620698856"
"G3701590","0.26955888444348"
"G3701610","-0.111574466804156"
"G3701630","-0.277612115876942"
"G3701650","0.397342797008914"
"G3701670","0.063645784782049"
"G3701690","-0.237279497908131"
"G3701710","0.130224942329312"
"G3701750","0.30607240780847"
"G3701770","-1.29506971513117"
"G3701790","-0.211686086041621"
"G3701810","0.240338592668797"
"G3701830","1.0555291293209"
"G3701850","1.26280043384916"
"G3701870","-2.43541133140782"
"G3701910","-1.85994322593197"
"G3701930","0.995668467840017"
"G3701950","-0.43576166540932"
"G3701970","0.226844022860986"
"G3800010","-0.380399783158247"
"G3800030","0.324303590599109"
"G3800050","-1.87789432616374"
"G3800090","-0.411560001645946"
"G3800110","0.12687282383555"
"G3800150","-1.49801121756987"
"G3800170","1.17053054096678"
"G3800190","-0.392491660301474"
"G3800210","0.729781551924935"
"G3800230","0.316629760680553"
"G3800250","-0.339818085414594"
"G3800270","-3.86009253500201"
"G3800290","-0.514984855481633"
"G3800310","2.53276083177174"
"G3800330","0.183914367185991"
"G3800350","0.615726520065305"
"G3800370","-0.990101007159198"
"G3800390","-0.924853740562968"
"G3800410","-0.334948751476399"
"G3800430","-0.723396706123117"
"G3800450","-1.59172150341682"
"G3800470","-3.04684036788964"
"G3800490","0.371999650496709"
"G3800510","0.294111785781815"
"G3800530","0.215207029880092"
"G3800550","-0.726166369077924"
"G3800570","-0.1086871516477"
"G3800590","-1.03092971040331"
"G3800610","-0.824851468750753"
"G3800630","1.0038851723442"
"G3800650","1.10636073528214"
"G3800670","16.6058584084933"
"G3800690","1.80054301129268"
"G3800710","0.292705167870157"
"G3800730","-0.817973216027692"
"G3800750","0.0976675088866193"
"G3800770","3.20453913929496"
"G3800790","0.409417208751086"
"G3800810","5.52981232763377"
"G3800830","-10.7596867464862"
"G3800850","0.531658364608857"
"G3800890","-0.574247088026216"
"G3800910","-0.967512872263017"
"G3800930","0.089213440855868"
"G3800950","-0.729711577053325"
"G3800970","0.435738865146291"
"G3800990","-3.84315999207559"
"G3801010","-1.20958059497734"
"G3801030","4.94800850426778"
"G3801050","0.168216832797818"
"G3900010","0.135191066841949"
"G3900030","1.26042736816686"
"G3900050","-7.49728321104703"
"G3900070","0.761376194154197"
"G3900090","-6.37430885512246"
"G3900110","0.681473872148855"
"G3900130","-153.09978764654"
"G3900150","-0.179246129898723"
"G3900170","-4.19721429707239"
"G3900190","-3.3262610364856"
"G3900210",NA
"G3900230","30.2923509775078"
"G3900250","1.94280169450873"
"G3900270","0.619863378007663"
"G3900290","-3.22378201647083"
"G3900310","-4.93257755132694"
"G3900330","-12.6102700575367"
"G3900370","4.37223183143485"
"G3900390","0.879575336210741"
"G3900410","-17.724927581237"
"G3900430","-24.3433525770905"
"G3900450","-6.47054385842242"
"G3900470","31.1480504171309"
"G3900490","-8.8048747659978"
"G3900510","0.341012171823139"
"G3900530","-0.577060168236604"
"G3900550","-4.69555813234045"
"G3900570","7.74034707430258"
"G3900590","-6.28044093084772"
"G3900610","2.48464340688022"
"G3900630","10.1684022364855"
"G3900650","6.22359877303448"
"G3900670","6.32771422031242"
"G3900690","0.200346742589408"
"G3900710","-0.262512554639408"
"G3900730","7.8922624370866"
"G3900750","-5.6554236609043"
"G3900770","-15.6951325781384"
"G3900790","2.34604293855967"
"G3900810","-28.7457465515573"
"G3900830","-1.33992350567119"
"G3900870","-1.75442463535757"
"G3900890","-6.26107601007002"
"G3900910","-615.128424226337"
"G3900930","-28.8615581381125"
"G3900950","1.47177145020988"
"G3900970","-4.02487580040683"
"G3900990","-3.34749703507287"
"G3901010","-24.6869268478119"
"G3901030","-11.2930289341089"
"G3901050","-10.2945684672966"
"G3901070","2.0249534714731"
"G3901090","26.6913206342394"
"G3901110","100.186776654017"
"G3901130","-4.82987713973431"
"G3901150","1.19394566034854"
"G3901170","-2.23504165824965"
"G3901190","-4.97743319261372"
"G3901210","-13.5240081867775"
"G3901230","-23.74060980523"
"G3901250","0.929682846613177"
"G3901270","-10.8576650476102"
"G3901290","-4.26055114237894"
"G3901310","0.559167348458121"
"G3901330","-0.382713966126328"
"G3901350","-5.62968646622308"
"G3901370","2.17624054067521"
"G3901390","-4.26862343456313"
"G3901410","14.7420702916475"
"G3901430","3.15551658084339"
"G3901450","-0.19780220393836"
"G3901470","-17.1609300929423"
"G3901490","5.46025204182887"
"G3901510","-12.9108260071606"
"G3901530","5.6410414560318"
"G3901550","-3.48865675364397"
"G3901570","-3.06476279010509"
"G3901590",NA
"G3901610","1.71421800059741"
"G3901630","46.0940067315761"
"G3901650","0.14721395594885"
"G3901670","-0.667103073890308"
"G3901690","-3.04286234378932"
"G3901710","-0.255834173032042"
"G3901730","-0.760174787033608"
"G3901750","-5.95342694189367"
"G4000030","-0.780772542286111"
"G4000070","-0.0302066604228483"
"G4000090",NA
"G4000110","1.11969892680321"
"G4000130","-0.474055823598557"
"G4000150","-0.816995821067555"
"G4000170","-1.04636378866119"
"G4000230","-0.260629380407365"
"G4000250","0.272346782560177"
"G4000270","-1.86155325430317"
"G4000290",NA
"G4000310","1.08785304501659"
"G4000330","2.84295562517424"
"G4000350","0.578439844669441"
"G4000370","-2.01767168215567"
"G4000390","-0.153734759238445"
"G4000410","-0.0430959767957435"
"G4000430","-4.43670504490769"
"G4000450","-1.20314641578572"
"G4000470","0.435693509082858"
"G4000490","0.544980565925096"
"G4000510","-2.30770725835571"
"G4000530","-0.961790030619522"
"G4000570","0.588362477800994"
"G4000590","-2.97587518369221"
"G4000610","-2.06861461919426"
"G4000630","-0.122138700577508"
"G4000710","0.65502247774948"
"G4000730","-1.54674008721554"
"G4000750",NA
"G4000790","-0.348250808595689"
"G4000810","-0.0195988860163579"
"G4000830","-1.46483007196565"
"G4000870","-0.376180928873936"
"G4000890","-0.14926797230734"
"G4000910","-0.643252064538949"
"G4000930","0.0625087251873354"
"G4000950",NA
"G4000970","-0.0379354862069457"
"G4001010","1.55071021746702"
"G4001030","-0.116435326885161"
"G4001050","1.31436468066498"
"G4001070","-2.45843431097832"
"G4001090","-0.643490312017116"
"G4001110","0.868234123027637"
"G4001130","-0.0843562534259539"
"G4001150","1.40954715319702"
"G4001170","-1.1597349219542"
"G4001190","-0.41503922343434"
"G4001210",NA
"G4001250","-0.168593358860562"
"G4001310","-0.980998438626912"
"G4001350","-0.967275464483755"
"G4001370",NA
"G4001390","-0.357709174630116"
"G4001410","-0.62426725684791"
"G4001430","-0.32847781896874"
"G4001450","-0.430969420532103"
"G4001470","-1.58222293434571"
"G4001490","0.251566183421398"
"G4001530","3.56263115697951"
"G4100030",NA
"G4100050","-0.526630851281065"
"G4100210","-0.493195927446808"
"G4100390",NA
"G4100430",NA
"G4100450","-0.3675505281341"
"G4100470","-0.515742059195662"
"G4100490","-0.0656228783884558"
"G4100510","-0.52369153823402"
"G4100530","-0.39307249930995"
"G4100590","-0.682637801224444"
"G4100670",NA
"G4100710",NA
"G4200010","2.77408441678364"
"G4200030",NA
"G4200050","-13541.1408249105"
"G4200070","-55.5911221189007"
"G4200090","-0.761349721470395"
"G4200110","2.39384699745798"
"G4200130","63.5226237333535"
"G4200150",NA
"G4200170","-0.033054394806959"
"G4200190","-54.0065325289669"
"G4200210",NA
"G4200230",NA
"G4200250","-5.71860070718903"
"G4200270",NA
"G4200290","0.324910967051693"
"G4200310","8.77537200740675"
"G4200330",NA
"G4200350",NA
"G4200370","2.55593608537385"
"G4200390","-3.95656874740133"
"G4200410","0.949253285213351"
"G4200430","1.08311911118461"
"G4200450","10.1339425911881"
"G4200470","-69.3736614475487"
"G4200490","-2.50063187803654"
"G4200510","-536.233150087175"
"G4200530","12.2247067545804"
"G4200550","0.863013514138285"
"G4200570","-0.766759654068681"
"G4200590",NA
"G4200610","-1.15471434042372"
"G4200630",NA
"G4200650","-2298.08412021106"
"G4200670","1.41204828900876"
"G4200690","-1.89936771156274"
"G4200710","0.411161450468486"
"G4200730","-0.595106544026267"
"G4200750","0.302381485226874"
"G4200770","0.248985866073609"
"G4200790","-4.63452090420812"
"G4200810",NA
"G4200830","2.04560831822899"
"G4200850","-0.296179351238963"
"G4200870","11.124391953503"
"G4200890","-4.82752854383383"
"G4200910","6.45396796867354"
"G4200930","268.933076211643"
"G4200950","0.692577965370821"
"G4200970","2.70366175810447"
"G4200990","1.01613261019308"
"G4201030","-2.17878616158623"
"G4201050","-141.538928599529"
"G4201070","3.3540496188907"
"G4201090","31.1917074519365"
"G4201110","0.979018085465274"
"G4201130",NA
"G4201150",NA
"G4201170",NA
"G4201190","14555.6159512529"
"G4201210","-0.803117133725789"
"G4201230","-6.94708651250208"
"G4201250","-25692.9278354827"
"G4201270","-3.16135215018299"
"G4201290",NA
"G4201310",NA
"G4201330","0.95715715610168"
"G4500030","0.353670084409058"
"G4500050","0.0598868037179926"
"G4500070","0.284622514191649"
"G4500090","0.12966324148502"
"G4500110","0.32757858643009"
"G4500130","2.19343336131939"
"G4500150","-0.341732011618364"
"G4500170","-0.0591470623954398"
"G4500190","0.221868481771671"
"G4500210","3.00450595732722"
"G4500230","0.521435330706959"
"G4500250","-0.215253620071959"
"G4500270","-0.0793067608695776"
"G4500290","0.0578198484651771"
"G4500310","-0.245634335901576"
"G4500330","0.140801543341325"
"G4500350","0.100786725595841"
"G4500370","-0.872297767095951"
"G4500390",NA
"G4500410","-0.649972796160884"
"G4500430","-0.825053848745556"
"G4500450","-8.71388133739703"
"G4500490","0.203063256852631"
"G4500510","-1.11260928249907"
"G4500530","0.999407657614072"
"G4500550","-1.53934011688378"
"G4500570","-0.0171056937561874"
"G4500590",NA
"G4500610","-0.328061707857293"
"G4500630","-0.488643933274781"
"G4500670","0.0307321911745988"
"G4500690","0.102355402107544"
"G4500710","-0.617407881119567"
"G4500730","-0.529669634232461"
"G4500750","0.111932831931304"
"G4500790","-0.954873769665369"
"G4500810","0.48781323152154"
"G4500830","-0.0708771468028103"
"G4500850","-0.847416220886032"
"G4500890","-0.978499374696201"
"G4500910","-0.0431193916915376"
"G4600030","-1.36247071105217"
"G4600050","-0.171906728537259"
"G4600070","0.6009237687769"
"G4600090","0.61442642022179"
"G4600110","0.0454567032975925"
"G4600130","-0.338563998587379"
"G4600150","-0.106838241183026"
"G4600170","4.14626558796403"
"G4600190","0.420087581531287"
"G4600210","-0.224155884201703"
"G4600230","-0.133948989607871"
"G4600250","0.583719527543773"
"G4600270","0.973764517536576"
"G4600290","-4.69654770742651"
"G4600310","0.233911578439305"
"G4600330","-0.908124499713426"
"G4600350","-1.29469306762633"
"G4600370","-4.38756130092661"
"G4600390","-2.82999293488055"
"G4600410","-0.118462877226699"
"G4600430","-0.634596509367963"
"G4600450","-1.00126898323374"
"G4600470","0.495825872092679"
"G4600490","-0.772659173942614"
"G4600510","0.526761529395576"
"G4600530","-0.230800171231477"
"G4600550","-0.0383152011969669"
"G4600570","0.136008041326243"
"G4600590","0.00426232256279104"
"G4600610","0.116419317730969"
"G4600630","-0.996760423811798"
"G4600650","1.21183901892806"
"G4600670","0.450685203391608"
"G4600690","-1.48668431626681"
"G4600710","-0.19275490051936"
"G4600730","-0.00847317776450989"
"G4600750","-0.150938603824796"
"G4600770","0.125912269234436"
"G4600790","0.0657355734871735"
"G4600810","0.0684576461844855"
"G4600830","0.335599764579529"
"G4600850","0.241635634696597"
"G4600870","0.360273215586857"
"G4600890","-0.437004354041282"
"G4600910","5.84916472639129"
"G4600930","0.366324865304702"
"G4600950","-0.137219574491111"
"G4600970","0.369617009135486"
"G4600990","-0.0858268950933232"
"G4601010","0.141086406181245"
"G4601030","-0.199782800940639"
"G4601050","0.743089387585152"
"G4601070","-0.0103621800406881"
"G4601090","0.891560134513434"
"G4601110","0.0887369360987942"
"G4601150","-1.57701040132914"
"G4601170","0.0572300045390539"
"G4601190","0.168275569480123"
"G4601210","0.297068347471587"
"G4601230","-0.0604542870480277"
"G4601250","0.551016568321682"
"G4601270","0.270012434813844"
"G4601290","-0.105536894715783"
"G4601350","0.595404538865863"
"G4601370","-0.569511773021656"
"G4700030","-0.188551673541352"
"G4700050","-3.5002417505429"
"G4700070","-0.00938921365061515"
"G4700090","-0.0390872957880074"
"G4700110","-0.256842817891927"
"G4700150","-0.0787153512398523"
"G4700170","-1.23529874060439"
"G4700190","1.47722260432021"
"G4700210","-3.99581320209891"
"G4700230","0.0534601259457169"
"G4700250","-0.330288244542393"
"G4700270","2.84021359946636"
"G4700290","0.179717177014795"
"G4700310","0.0325412747811882"
"G4700330","-0.779919460162829"
"G4700350","-0.330532597105698"
"G4700370","2.76457295508489"
"G4700390","-3.74369430342496"
"G4700410","0.527983983294878"
"G4700430","-1.6921022902958"
"G4700450","-0.400876899368264"
"G4700470","-0.317986022341114"
"G4700490","-0.231656803174929"
"G4700510","-0.340915768986929"
"G4700530","-0.759449133998466"
"G4700550","0.0987570916072362"
"G4700570","-0.469315607772144"
"G4700590","0.343374253664872"
"G4700610","-0.141125969431569"
"G4700630","0.349164135063205"
"G4700650","-0.0519717554381751"
"G4700690","-0.640314995994853"
"G4700710","0.108287002783724"
"G4700730","-0.288165132397985"
"G4700750","-0.382370730532884"
"G4700770","-1.04512150259395"
"G4700790","-1.87717450708909"
"G4700810","0.880047467696321"
"G4700850","-1.15399598050447"
"G4700870","0.112668108531718"
"G4700890","-0.0390225764307093"
"G4700910","-0.433281569887756"
"G4700930",NA
"G4700950","-1.79471256487919"
"G4700970","-0.244948072813942"
"G4700990","-0.451807051869221"
"G4701030","-0.151693768939381"
"G4701050","-0.663497447368511"
"G4701070","-0.722603371320985"
"G4701090","0.915482977796652"
"G4701110","-0.254386004297575"
"G4701130","-0.58337595397358"
"G4701150","-0.274493907030164"
"G4701170","-0.339070389157743"
"G4701190","-0.967294375607994"
"G4701210","-0.0390376624598771"
"G4701230","-0.707841975568797"
"G4701250","1.11364442507539"
"G4701270","0.42216297104138"
"G4701310","-1.80501444032481"
"G4701330","-0.236333430416387"
"G4701350","-1.13361966357596"
"G4701370","-6.97921703326527"
"G4701390","-0.594496290174372"
"G4701410","0.883406865172778"
"G4701430","-0.53916465046235"
"G4701470","-0.428650922790203"
"G4701490","-0.279016464315922"
"G4701530","0.183296574591602"
"G4701550","1.29268814903176"
"G4701570","0.28390269079564"
"G4701590","0.000855908021734561"
"G4701610","-1.88284262679966"
"G4701630","-0.605579105477403"
"G4701650","-1.28880283268601"
"G4701670","-0.458678004882781"
"G4701690","-1.2395231323406"
"G4701750","4.5456240747216"
"G4701770","0.0629336181705317"
"G4701790","0.132811549452513"
"G4701810","-0.941322432050964"
"G4701830","-1.12906913701381"
"G4701850","-0.582153692992625"
"G4701870","-0.82056606021506"
"G4701890","-0.636911142903867"
"G4800010","-0.167781072137065"
"G4800030","-0.629983658154515"
"G4800050",NA
"G4800090","0.0152307556704942"
"G4800110","-2.31263728539113"
"G4800130","-0.344571664321947"
"G4800150","-0.263492283577411"
"G4800170","-0.438678408658336"
"G4800210","-0.0520765027332265"
"G4800230","-0.111969429263253"
"G4800250","-0.112890957851844"
"G4800270","-0.0453007586352485"
"G4800290","0.135175842697603"
"G4800350","-1.30501311361678"
"G4800370","0.286995319956543"
"G4800390","2.06485573992238"
"G4800410","-1.44619001601936"
"G4800450","2.88415823964373"
"G4800490","-0.25352503527263"
"G4800510","1.01217881579394"
"G4800550","0.0690509265317227"
"G4800570","-0.133808492805628"
"G4800590","-0.277336385088386"
"G4800610","1.33534175778553"
"G4800630",NA
"G4800650","-1.3611035659868"
"G4800690","-0.0816441890228152"
"G4800710","-0.296161141352228"
"G4800750","-0.114405939391327"
"G4800770","0.251916910257623"
"G4800790","0.735370557693198"
"G4800810","-0.404861866557887"
"G4800830","-0.265711806785624"
"G4800850","-0.02229577353902"
"G4800870","-0.0623044639456913"
"G4800890","-0.598645541318152"
"G4800910","0.0370977503706388"
"G4800930","2.9952723063789"
"G4800950","-0.263143540749873"
"G4800970","-0.45792957955831"
"G4800990","-0.130922517927412"
"G4801010","4.24672708676002"
"G4801070","-1.29577848441939"
"G4801090","-0.751147673640457"
"G4801110","0.16580404710142"
"G4801130","-1.44352932659352"
"G4801150","-1.8573430494604"
"G4801170","0.104600964868831"
"G4801190","-0.26914931438354"
"G4801210","-0.233249074699598"
"G4801230","-0.505571516730843"
"G4801250","-0.706814522966196"
"G4801270",NA
"G4801290","0.160256141790836"
"G4801310",NA
"G4801330","0.649307837932314"
"G4801370","3.519294457929"
"G4801390","0.00991062954151104"
"G4801410","-1.06587912924781"
"G4801430","1.86147691437077"
"G4801450","0.0243313488209292"
"G4801470","0.134458583105021"
"G4801490","-0.617987571337452"
"G4801510","-0.601319887205088"
"G4801530","-0.226616855089488"
"G4801550","-0.17608019529494"
"G4801570","-0.596813142468594"
"G4801590","0.229628379966264"
"G4801630","0.170096550598966"
"G4801650","14.0046059064568"
"G4801690","-0.386846861500512"
"G4801710","0.14506605828114"
"G4801750","-0.402226035580072"
"G4801770","-0.431596576446115"
"G4801790","-0.0171349435820711"
"G4801810","0.0369770036338724"
"G4801850","6.12489326762031"
"G4801870","0.251278443832806"
"G4801890","-0.120329223718945"
"G4801910","-0.187420780491523"
"G4801930","-1.61728382066779"
"G4801950","0.686408220215971"
"G4801970","-0.0754729645111245"
"G4802010","2.71987383879962"
"G4802050","-0.161078160672555"
"G4802070","-0.36844167773238"
"G4802090","-0.488793156333774"
"G4802110","0.0227509700678374"
"G4802130","-0.165655672421463"
"G4802150","-0.439752242842242"
"G4802170","-0.121573485897634"
"G4802190","0.282013151000869"
"G4802210","-0.078992746509808"
"G4802230","-3.40275723635609"
"G4802250","1.92225392325326"
"G4802270","-1.74539336595295"
"G4802290",NA
"G4802310","0.0143508062163577"
"G4802330","-0.0463665990217223"
"G4802350","-2.1680288727342"
"G4802370","-0.217368462462893"
"G4802390","-0.553814776031606"
"G4802490","-0.21545727503231"
"G4802510","-0.203968276785584"
"G4802530","-0.467500871900917"
"G4802550","0.318166810283493"
"G4802570","-0.0222200558553079"
"G4802630","-0.357208220579824"
"G4802670","0.266698130984067"
"G4802710","2.55011476140815"
"G4802730","-4.67987918935052"
"G4802750","-0.260560686642828"
"G4802770","0.116282326700874"
"G4802790","-0.309029971942342"
"G4802810","-0.762067767366674"
"G4802830","-0.148360011987238"
"G4802850","-0.00907345307256672"
"G4802870","-0.393381540679071"
"G4802910","-0.784879117885295"
"G4802930","0.206479469361393"
"G4802950","-0.0901132174221834"
"G4802970","0.313603501853914"
"G4802990","1.90183519224808"
"G4803030","2.69648779321505"
"G4803050","-1.67326414929383"
"G4803070","-0.21580755405707"
"G4803090","0.170915907240727"
"G4803170","10.572901678627"
"G4803190","-0.237944092869103"
"G4803210","-0.392640557519577"
"G4803250","0.328806175360306"
"G4803270","-0.10938770935721"
"G4803290","-0.651576974742638"
"G4803310","-0.38653052205041"
"G4803330",NA
"G4803350","-0.903825424628171"
"G4803370","0.325544517765344"
"G4803410","-0.101450499539701"
"G4803450","-0.359782472856555"
"G4803490","-0.028346177855495"
"G4803530","-0.512767454218056"
"G4803550","-0.346174835489621"
"G4803570","0.0394994166362907"
"G4803590","-1.3053420484269"
"G4803630","-0.159060038290307"
"G4803670","0.0815989788433133"
"G4803690","-0.0854841795387464"
"G4803710","-0.291128025352862"
"G4803750","-0.0457387400013764"
"G4803810","0.139754928800456"
"G4803830","0.348897826584299"
"G4803870","0.251748315002502"
"G4803890","0.172245028724057"
"G4803910","-1.68832763267221"
"G4803930","-3.6992510676801"
"G4803950","-1.04008753856161"
"G4803970","1.81773175459073"
"G4803990","-0.283409093215673"
"G4804010",NA
"G4804090","-0.844016442932548"
"G4804110","-0.236910466830457"
"G4804130","-0.25620783773816"
"G4804150","-0.830611254453607"
"G4804170","-0.201673492139614"
"G4804210","-0.0766262241300932"
"G4804270","0.987637905764782"
"G4804290","-0.152683859993197"
"G4804310","-0.609522872219833"
"G4804330","-0.561153049128043"
"G4804350","-0.107514973425808"
"G4804370","-0.167934249936797"
"G4804390","-1.63681154375033"
"G4804410","-0.379569903793246"
"G4804450","4.29417161041354"
"G4804470","-0.115072682224123"
"G4804510","-1.19015023390385"
"G4804530","0.0493128772334981"
"G4804590",NA
"G4804610","-0.82379193284418"
"G4804630","-0.00626978385340945"
"G4804670",NA
"G4804690","-0.272185341295484"
"G4804710","2.14863766386574"
"G4804730","-0.250566126399964"
"G4804770","1.96308728561466"
"G4804810","-0.592052773360601"
"G4804830","4.22840175131425"
"G4804850","-3.47137685139095"
"G4804870","-3.33580227017723"
"G4804890","6.16246367377911"
"G4804910","-0.194863102555077"
"G4804930","0.231022994554398"
"G4804950","-0.541289405819687"
"G4804970","3.72232571376759"
"G4804990","0.454473334008254"
"G4805010","-4.64071071225295"
"G4805030","-0.04144057996377"
"G4805070","0.626106565347957"
"G4900010","-30.9455778020941"
"G4900030","-0.360783970753577"
"G4900050","-0.606316109221633"
"G4900070",NA
"G4900110","-0.0446829744392581"
"G4900130","-0.235475550346109"
"G4900150","0.335548309601983"
"G4900210","-15.340574763267"
"G4900230","-0.437999954200715"
"G4900270","-0.323503757020746"
"G4900310",NA
"G4900390","-7.76036854746145"
"G4900410","-3.00882883252781"
"G4900450",NA
"G4900470","-0.71762371219053"
"G4900490","-0.217571752220832"
"G4900570","-0.333998686089053"
"G5100010","-1.61179789295704"
"G5100030","-2.47210260361288"
"G5100050","10.2418741227622"
"G5100070","-0.408849721025847"
"G5100090",NA
"G5100110","-2.27462217029275"
"G5100150","-0.336454291235082"
"G5100170","-1.93344542677746"
"G5100190","-0.462921910347367"
"G5100210","1.64286271460883"
"G5100230","-0.192823229091311"
"G5100250","-1.69885449398285"
"G5100290","-3.370966677815"
"G5100310","-0.942155758201292"
"G5100330","0.809310408025856"
"G5100350","0.478322770775816"
"G5100360","0.849809224438233"
"G5100370","-0.708701760844618"
"G5100410","0.156622889978995"
"G5100430","-4.59416133104007"
"G5100450","9.74332643353142"
"G5100470","-0.310378053102357"
"G5100490","-1.09428009583927"
"G5100530","1.28174699813883"
"G5100570","0.292929264199673"
"G5100610","-1.23150243032511"
"G5100630","-0.77551668947007"
"G5100650","0.611129592826464"
"G5100670","0.0473356116451639"
"G5100690","-3.57912085414512"
"G5100730","-0.437214021345013"
"G5100750","-0.310496744178393"
"G5100770","-1.07728628827623"
"G5100790","-11.0248753558444"
"G5100810","-0.0116204997914948"
"G5100830","-0.381650052744682"
"G5100850","-0.388104025375176"
"G5100870","-2.12451695275765"
"G5100890",NA
"G5100930","0.34618240995888"
"G5100950","-2.97284749570492"
"G5100970","0.643753943923067"
"G5100990","-0.927840387732445"
"G5101010","-0.083684886483383"
"G5101030","1.77570462053317"
"G5101050","0.921026308674388"
"G5101070","-3.2178816354676"
"G5101090","-0.492952926621073"
"G5101110","-0.476322096993121"
"G5101130","0.303900528355027"
"G5101150","1.67678066457838"
"G5101170","0.209831436564956"
"G5101190","0.272620068522751"
"G5101210","0.701861160130584"
"G5101250","-184.641979338134"
"G5101270","0.221809042269654"
"G5101310","-0.000516175838366891"
"G5101330","0.76101370602536"
"G5101350","-0.274114789682698"
"G5101370","-0.27552497558058"
"G5101390","-1.21399273197203"
"G5101410","-0.349378857233288"
"G5101430","-0.307889039216735"
"G5101450","-1.71310587461572"
"G5101470","-2.60141418911401"
"G5101490","0.347292861156147"
"G5101530","-2.86621492237888"
"G5101550","2.59138810529195"
"G5101570","-0.480965900129308"
"G5101590","0.483303123989966"
"G5101610",NA
"G5101630","-0.313287781036729"
"G5101650","-0.446351330175354"
"G5101670","5.60781816072482"
"G5101690","0.479741847726591"
"G5101710","-1.5691004900601"
"G5101730","1.08823509732539"
"G5101750","-0.400819144457185"
"G5101770","0.240104652849988"
"G5101790","2.78409830536427"
"G5101810","2.72241044334643"
"G5101830","0.79576583108903"
"G5101850","1.70523865003304"
"G5101870","-59.4024432352188"
"G5101910","1.19558770241881"
"G5101930","0.697244344312935"
"G5101970","-1.64133296473614"
"G5105500","-0.471317065426273"
"G5108000","-1.17752370425961"
"G5108100","-4.47605928959527"
"G5300010","-8.93215150456923"
"G5300050",NA
"G5300110","1.82567538521952"
"G5300210","0.663848706046747"
"G5300250","0.326213684879868"
"G5300330","3.6606891621677"
"G5300410",NA
"G5300570","1.47514064532502"
"G5300610","1.81974181141714"
"G5300730","1.30571974198453"
"G5300770","0.300959806705945"
"G5400030","-2.82753772820853"
"G5400230",NA
"G5400250",NA
"G5400270",NA
"G5400310","-5.59910249136217"
"G5400350","5.54132016070485"
"G5400370","-4.05477273867224"
"G5400530","3.22818192589634"
"G5400570","1.30102448268602"
"G5400630","-2.45363672263757"
"G5400650",NA
"G5400710","12015.3907946186"
"G5400750",NA
"G5400770","-24.2397840934406"
"G5400830",NA
"G5401070","48.0220786539676"
"G5500010","-2.68580103373691"
"G5500030","0.532309940164497"
"G5500050","0.0927826971578468"
"G5500070","-0.844985114356163"
"G5500090","-0.319282721064087"
"G5500110","-0.329831004665421"
"G5500130","0.114750221826481"
"G5500150","2.05204132891577"
"G5500170","-1.57683459855241"
"G5500190","0.379229229551124"
"G5500210","-1.17277263093972"
"G5500230","0.42838126348276"
"G5500250","-0.139334762209824"
"G5500270","0.184874383718847"
"G5500290","-1.07112174454789"
"G5500330","-1.16601659376806"
"G5500350","-0.383980055950831"
"G5500390","-0.65097419925226"
"G5500430","-0.299904653064793"
"G5500450","-0.519759167771527"
"G5500470","-1.50170932729504"
"G5500490","-1.38534215808364"
"G5500530","-0.659516364195979"
"G5500550","0.362918919777562"
"G5500570","-1.10793131444487"
"G5500590","-0.0110050911303607"
"G5500610","0.584752737721314"
"G5500630","-0.123411773855039"
"G5500650","-0.725811714951647"
"G5500670","0.73915070292576"
"G5500690","0.319067571757844"
"G5500710","0.926025969870271"
"G5500730","0.469005928253818"
"G5500750","0.500770269403755"
"G5500770","-2.08366928922414"
"G5500790","5.42677548583139"
"G5500810","-0.528307227774253"
"G5500830","0.771121764885217"
"G5500870","5.75411785195955"
"G5500890","3.84550509174167"
"G5500910","-0.498319125578093"
"G5500930","-0.944864024923361"
"G5500950","-0.146897377381675"
"G5500970","0.00792434036895266"
"G5500990","0.740874324445217"
"G5501010","0.405477365580329"
"G5501030","0.535817249062811"
"G5501050","-0.151603916034249"
"G5501070","0.402408711902188"
"G5501090","-2.11608295711234"
"G5501110","0.409088327623071"
"G5501130","0.735026931937354"
"G5501150","0.788857921910812"
"G5501170","1.56305503079129"
"G5501190","2.27933679129155"
"G5501210","-0.404770180337128"
"G5501230","-0.11604360994545"
"G5501270","-0.186850945006597"
"G5501290","0.99695438436584"
"G5501310","0.724438488485925"
"G5501330","0.338166772114683"
"G5501350","2.40358311195887"
"G5501370","-1.03069554669402"
"G5501390","3.07803110919641"
"G5501410","-0.285526251063056"
"G5600030","-0.534213407392965"
"G5600050","0.196141079405574"
"G5600090","-0.512716116655848"
"G5600130","-6.72043550273998"
"G5600150","-0.236817267851693"
"G5600170",NA
"G5600190",NA
"G5600210","-0.0486094214555621"
"G5600270","-0.176429369761222"
"G5600290","-0.472117867844189"
"G5600310","-0.312828690825616"
"G5600330","-0.0302271260901372"
"G5600430","-0.0922672565721389"
