"countyID","coeff_r_25_p_15"
"G0100010","1.20834484120997"
"G0100030","-0.925082789278796"
"G0100050","0.44132833445142"
"G0100090","-897.800465400205"
"G0100110","-2.84330422259961"
"G0100130","7.22420328544324"
"G0100150","0.838040880194612"
"G0100190","-1.10536900595568"
"G0100210",NA
"G0100290",NA
"G0100310","0.94970601982147"
"G0100330","-0.514381443360615"
"G0100350","-1.96320767472064"
"G0100390","-0.513749469842686"
"G0100410","2.24400782515374"
"G0100430","-0.828903008000047"
"G0100450","0.295742248152481"
"G0100470","-0.6631211492474"
"G0100490","-0.0522717869386023"
"G0100510","2.71894013530959"
"G0100530","-0.728530323035023"
"G0100550","0.383795537589358"
"G0100570","0.327510987654247"
"G0100590","37.5204463921712"
"G0100610","1.84317879415241"
"G0100630","620.189833595828"
"G0100650","-1.69215934077036"
"G0100670","1.3753750403468"
"G0100690","0.206376673400146"
"G0100710","0.212829626576969"
"G0100750",NA
"G0100770","0.135024469627705"
"G0100790","-0.417635518913609"
"G0100830","0.227825995452631"
"G0100850","4.45687644968145"
"G0100870","-5.2307051478449"
"G0100890","0.742085946934331"
"G0100910","62.1398392662437"
"G0100930","1.22591785911833"
"G0100950","0.216434573881996"
"G0100970",NA
"G0100990","-0.677878989082589"
"G0101010","20.8359645320499"
"G0101030","-0.726715358214405"
"G0101050","-7.89044893989649"
"G0101070",NA
"G0101090","0.310705893869983"
"G0101110","0.194350185749864"
"G0101130","-0.620153421510879"
"G0101170","2.43812512467464"
"G0101190","2.13199495064651"
"G0101210","-0.185025415765457"
"G0101230",NA
"G0101250","-0.145703873170762"
"G0101270",NA
"G0101290","2.01756309216677"
"G0101310",NA
"G0400030","0.591778387750161"
"G0400090","0.531737850703539"
"G0400120","0.700448073309663"
"G0400130","0.675854896112262"
"G0400210","1.06680584879344"
"G0400270",NA
"G0500010","2.14570506408165"
"G0500030","-2.24595334995402"
"G0500170","-0.23936423206116"
"G0500190",NA
"G0500210","-1.38656160956573"
"G0500290","0.921356422130032"
"G0500310","-0.764383278223923"
"G0500330","1.92101854208782"
"G0500350","2.62939412944155"
"G0500370","-4.93471805063596"
"G0500410","0.116648364146789"
"G0500430","-6.39941504746458"
"G0500450","-2.35215347725794"
"G0500470",NA
"G0500550","-1.91824216781359"
"G0500630","0.303547967197692"
"G0500670","-0.332447730934864"
"G0500690","-0.270661781090193"
"G0500710","-1.86868812927552"
"G0500730","1.03211188529716"
"G0500750","2.75492120255469"
"G0500770","2.05530373473062"
"G0500790","0.101728856497579"
"G0500810","0.448531242589599"
"G0500830","-0.665802864854388"
"G0500850","-0.660579302650284"
"G0500910","1.88314228156521"
"G0500930","-1.68463751050429"
"G0500950","-1.15827495755461"
"G0501050","-0.290967972608583"
"G0501070","-1.84155318232298"
"G0501110","-0.979361274458856"
"G0501150","3.48555451358259"
"G0501170","-0.118943074916577"
"G0501190","3.83334317623885"
"G0501210","1.18815670561064"
"G0501230","-6.66335252955481"
"G0501310","4.23288493810547"
"G0501450","5.11520641654502"
"G0501470","0.0522119740413942"
"G0501490","-1.30802541883022"
"G0600070","81.7139811445731"
"G0600110","-0.0441964897799019"
"G0600130",NA
"G0600190","0.210672582331796"
"G0600210","-0.919331530205106"
"G0600230",NA
"G0600250","-5.3764482239553"
"G0600290","1.70213469372188"
"G0600310","0.0712735161826215"
"G0600390","-1.01619372875692"
"G0600470","-0.416780749604504"
"G0600610",NA
"G0600650","-1.83089344686313"
"G0600670","-0.0756421087908723"
"G0600710","-0.578229244063903"
"G0600770","0.082411457284278"
"G0600830",NA
"G0600950","-0.789301110141551"
"G0600990","-0.142082686196715"
"G0601010","-0.574429458363306"
"G0601030","27.3890846600198"
"G0601070","-0.363791749971796"
"G0601130","-0.32252996749502"
"G0601150","-9.50414288964833"
"G0800010","0.0203907403680589"
"G0800050",NA
"G0800090","0.770578174760333"
"G0800110","-0.103759910574884"
"G0800130","-0.0276130882096025"
"G0800170","-0.809952121255522"
"G0800250",NA
"G0800290","-0.348010021674135"
"G0800390","-0.401511395579132"
"G0800410",NA
"G0800550",NA
"G0800610","-0.112372282736892"
"G0800630","-0.559964044329685"
"G0800670",NA
"G0800690","-0.771667765626188"
"G0800710",NA
"G0800730","-0.282994203161429"
"G0800750","-0.673853169431843"
"G0800770","-1.02655714659071"
"G0800830","-16.9828111297646"
"G0800850","0.413645408295214"
"G0800870","0.462337945733521"
"G0800890","-0.00952807754881349"
"G0800950","-0.746302308220524"
"G0800990","0.216213552469552"
"G0801010","-0.187269019443658"
"G0801150","-0.715880256589563"
"G0801210","-0.380897451077083"
"G0801230","-0.261977258998919"
"G0801250","0.0827243733764065"
"G1000010","-3.16226271438764"
"G1000030","-3.71526692788827"
"G1000050","-0.245649036698504"
"G1200010",NA
"G1200130",NA
"G1200230","-12.2579240817013"
"G1200290",NA
"G1200330","-1.98213487213334"
"G1200390","-0.525439717344361"
"G1200410",NA
"G1200470","-1.18491015538357"
"G1200590","-0.608372540707373"
"G1200630","-0.783537912611331"
"G1200650",NA
"G1200670",NA
"G1200730",NA
"G1200750",NA
"G1200790","-0.984605665280235"
"G1200910","-1.10296850045258"
"G1201070",NA
"G1201090",NA
"G1201130","4.02958968398715"
"G1201210","-0.637739896707433"
"G1201310","-0.763274868867215"
"G1201330","0.217511486933137"
"G1300010","-0.778460627380439"
"G1300030","1.47856777509854"
"G1300050","-1.58775272563409"
"G1300070","1.28171789565698"
"G1300150","0.826546122605345"
"G1300170","1.4459082306795"
"G1300190","2.04378956680711"
"G1300210","0.904233532606927"
"G1300230","-0.0313728700479627"
"G1300250","1.11117033982013"
"G1300270","1.91613715056397"
"G1300290","0.175765708362798"
"G1300310","1.55445061606806"
"G1300330","1.34214895946034"
"G1300370","0.829556273755161"
"G1300430","5.0157559386626"
"G1300450",NA
"G1300550","-0.00420340402721788"
"G1300610","1.64045974024829"
"G1300650","-1.10523773651472"
"G1300690","0.260887205395662"
"G1300710","-1.75692305989804"
"G1300750","-0.469219558381916"
"G1300770","-0.491691857603061"
"G1300810","3.44018362493742"
"G1300850",NA
"G1300870","1.27705555901846"
"G1300910","0.847238944138752"
"G1300930","1.52495918995135"
"G1300950","-4.73205873468601"
"G1300990","0.875752089143696"
"G1301010","0.928404269126033"
"G1301030","3.21150070875155"
"G1301050","-0.752197422676988"
"G1301070","1.6977712906266"
"G1301090","1.51604459558805"
"G1301150","-0.921004524157927"
"G1301190","0.191683659745182"
"G1301250","0.0286171369425561"
"G1301290","-1.75859545692497"
"G1301310","0.652714837671827"
"G1301330",NA
"G1301370",NA
"G1301390","2.05294621266757"
"G1301470","0.865048959690226"
"G1301490",NA
"G1301510","3.39368692621125"
"G1301530","3.03234349471583"
"G1301550","-1.35916083372211"
"G1301570","0.274634699925155"
"G1301590",NA
"G1301610","2.24767727245264"
"G1301630","0.837838462768138"
"G1301650","1.18251708021766"
"G1301670","2.39168619803164"
"G1301710","-0.680401352698006"
"G1301730","-0.942721241574444"
"G1301750","1.45765597902309"
"G1301770","1.94009207093461"
"G1301830","1.03602134191232"
"G1301850","3.17098948027185"
"G1301870",NA
"G1301890",NA
"G1301930","0.0931209429798189"
"G1301950","0.80793021075605"
"G1301970","0.411516163149132"
"G1301990","0.701861828010345"
"G1302010","1.68480475391387"
"G1302050","0.453368236957438"
"G1302070","0.653722147366823"
"G1302090","-2.66184834272742"
"G1302110","-0.632228239050196"
"G1302130","0.0193248997613727"
"G1302170","2.35447706445944"
"G1302190","0.98956994202323"
"G1302210","0.29971452498276"
"G1302250","-2.69576494776883"
"G1302290","1.75829484849905"
"G1302310","0.676710128031694"
"G1302330","-0.54669354276859"
"G1302350","-0.348223918519938"
"G1302370",NA
"G1302430","1.14243697882455"
"G1302490","-2.86180092375149"
"G1302510","0.431527865540366"
"G1302530","1.48404654303201"
"G1302590","-4.37860810910814"
"G1302610","0.627571912383962"
"G1302670","1.29869565079206"
"G1302690","-1.14881919881614"
"G1302710","-0.350617513092899"
"G1302730","-0.794694755285804"
"G1302750","-0.649257151407462"
"G1302770","0.59645557019563"
"G1302790","1.48699774528015"
"G1302830","8.21410653943173"
"G1302870","0.617514365299814"
"G1302890","-3.40188032145177"
"G1302910","-14.9477996120006"
"G1302930","2.63383166419861"
"G1302950","142.900703251019"
"G1302970","1.16758712070234"
"G1302990","0.602993269442311"
"G1303010","0.486922001345732"
"G1303030","-0.115121501727186"
"G1303050","0.903409194317192"
"G1303070","-0.0506076757332842"
"G1303090","6.7927037982367"
"G1303110","0.185887707957402"
"G1303130","1.70249142505002"
"G1303150","0.708955907717035"
"G1303170","0.418286434845054"
"G1303190","2.13223970507014"
"G1303210","0.664579046756013"
"G1600010","2.22382927214391"
"G1600110",NA
"G1600190","-3.80124780925515"
"G1600270","0.178270715542921"
"G1600310","-2.60949710531216"
"G1600390","-0.144906637158364"
"G1600410","-0.46911206533491"
"G1600430",NA
"G1600450","0.155873610167996"
"G1600470","0.399223427019688"
"G1600510","-2.38740408385017"
"G1600530","0.00667241872379237"
"G1600630","0.255160735331348"
"G1600670","0.587716808724414"
"G1600710",NA
"G1600730","-0.0175347371762253"
"G1600750","-0.546483783471436"
"G1600770","0.289529701141431"
"G1600830","0.415585841532226"
"G1600870","-0.420214153089205"
"G1700010","-2.72041155735457"
"G1700030","1.95445811585131"
"G1700050","-7.84141255494016"
"G1700070","-2.98577704921458"
"G1700090","-1.13933179594256"
"G1700110","-0.382734993373971"
"G1700130","-1.50950688055391"
"G1700150","0.470574653699378"
"G1700170","-1.36536128272781"
"G1700190","-2.02714555904821"
"G1700210","0.357555590615633"
"G1700230","-0.928357942646968"
"G1700250","-8.19302090626842"
"G1700270","-8.7062021562864"
"G1700290","-3.99647395479097"
"G1700310","0.312119236903073"
"G1700330","-5.18500405975695"
"G1700350","-7.74740984954876"
"G1700370","0.341632405000713"
"G1700390","0.437146948614017"
"G1700410","-4.05349036850354"
"G1700430","-0.880197688018063"
"G1700450","-2.80785371033798"
"G1700470","-1.70415639127511"
"G1700490","-7.856380840834"
"G1700510","-9.01657722012311"
"G1700530","-4.04183336872512"
"G1700550","-4.41739289926241"
"G1700570","-0.83118262750895"
"G1700590","-2.05607034412298"
"G1700610","-0.716359371797292"
"G1700630","-1.48258567127494"
"G1700650","-2.90456474691803"
"G1700670","-0.412470002578919"
"G1700690","6.17716358066858"
"G1700710","0.477932782927711"
"G1700730","-0.488290342922961"
"G1700750","-0.280837952036476"
"G1700770","-3.41511853706349"
"G1700790","-6.05828559341396"
"G1700810","-7.86399895600472"
"G1700830","-2.6008094489465"
"G1700850","-0.225333939704274"
"G1700870","-3.35339325901752"
"G1700890","-0.551343936377524"
"G1700910","-2.42697245001956"
"G1700930","-1.37297960299063"
"G1700950","-0.652692796160506"
"G1700970","-1.15575729959118"
"G1700990","-0.279631155606774"
"G1701010","-4.35354364589192"
"G1701030","0.207558759604787"
"G1701050","-2.18241040450043"
"G1701070","-1.30426800583855"
"G1701090","-0.0670736935826194"
"G1701110","-0.134671002782273"
"G1701130","-0.744138334130857"
"G1701150","-1.26540865339846"
"G1701170","-1.33420346689606"
"G1701190","-4.14144686475511"
"G1701210","-8.62494452883072"
"G1701230","-0.48740220504502"
"G1701250","-0.807108941065715"
"G1701270","-3.54185286661825"
"G1701290","-2.02641241772296"
"G1701310","0.914950647512182"
"G1701330","-2.51059968423932"
"G1701350","-4.9331084114939"
"G1701370","-1.67736299811632"
"G1701390","-1.83947095034766"
"G1701410","-0.0532223887982019"
"G1701430","-0.618675937615481"
"G1701450","-5.83072400293024"
"G1701470","-0.0368055202384122"
"G1701490","-1.09537740465993"
"G1701510","0.990641801408222"
"G1701530","-1.24432540549472"
"G1701550","-2.40985080074396"
"G1701570","-0.801438049928987"
"G1701590","-5.45559368752826"
"G1701610","-2.56126421088417"
"G1701630","-3.52370308466965"
"G1701650","-3.4131939835639"
"G1701670","-0.0478076042510122"
"G1701690","-2.04932184892747"
"G1701710","-0.999816676668966"
"G1701730","-5.47416824134681"
"G1701750","-0.712834904158452"
"G1701770","-0.713329099891904"
"G1701790","-0.556220591424527"
"G1701810","-2.09128422708452"
"G1701830","-2.66657066801886"
"G1701850","-3.54370700872429"
"G1701870","0.181382601370444"
"G1701890","-10.0956997885933"
"G1701910","-4.80620346169105"
"G1701930","-3.21283422686889"
"G1701950","-0.102195267385417"
"G1701970","-1.07309246456733"
"G1701990","-3.69358218761389"
"G1702010","-0.708082224448553"
"G1702030","-1.20146648973227"
"G1800010","0.740374248424594"
"G1800030","0.979030381518307"
"G1800050","-1.9894443624978"
"G1800070","-0.0119661308259022"
"G1800090","1.36953849266546"
"G1800110","-2.17065454663786"
"G1800130","-15.4355335232051"
"G1800150","-0.581963513624057"
"G1800170","-0.145966403653253"
"G1800190","-1.01245660515333"
"G1800210","-2.97455968356353"
"G1800230","2.03095506430578"
"G1800250","-49.2465884755898"
"G1800270","-2.62194333525305"
"G1800290","-1.19269567695579"
"G1800310","-1.93491996109513"
"G1800330","1.42726677585457"
"G1800350","0.222314142791267"
"G1800370","-2.38130992331778"
"G1800390","1.97185717350257"
"G1800410","-2.71477912294557"
"G1800430","7.34599026884175"
"G1800450","-1.68825854226199"
"G1800470","-1.56754889555911"
"G1800490","2.36399557631971"
"G1800510","-2.30531098236484"
"G1800530","-7.50140812139712"
"G1800550","-5.86677618819801"
"G1800570","1.5964290862086"
"G1800590","-1.73525720085602"
"G1800610","-3.01134840759712"
"G1800630","-4.09786293784017"
"G1800650","-1.8958495082446"
"G1800670","7.44293646809861"
"G1800690","-0.000801274276524637"
"G1800710","-1.43022437211486"
"G1800730","14.7329601509477"
"G1800750","5.57576515682986"
"G1800770","0.681087958884559"
"G1800790","-0.926646270782188"
"G1800810","-2.91906018649536"
"G1800830","-1.95845604093393"
"G1800850","0.315207125052907"
"G1800870","1.95097299254369"
"G1800890","-1.36731547656191"
"G1800910","-0.96255657418018"
"G1800930","-2.44497023938994"
"G1800950","0.320464465452583"
"G1800970","-3.11442547251173"
"G1800990","-0.442343972292305"
"G1801010","0.57648499883848"
"G1801030","2.9561380554548"
"G1801050","-2.74046085978758"
"G1801070","-1.72671679059323"
"G1801090","-4.87011516278934"
"G1801110","6.91683141526415"
"G1801130","1.81009140165789"
"G1801150","-1.35487802266402"
"G1801170","-3.55019741540786"
"G1801190","-2.68923747131232"
"G1801210","-4.08720194579538"
"G1801230","-1.2487491412097"
"G1801250","0.155872900380114"
"G1801270","-1.68943051595406"
"G1801290","-2.13729691529726"
"G1801310","3.03515738795718"
"G1801330","-4.12009628765121"
"G1801350","-2.32424857792287"
"G1801370","-1.26867875140945"
"G1801390","-3.25611691200231"
"G1801410","5.3732536399795"
"G1801430","0.298193231308682"
"G1801450","-3.139071011434"
"G1801470","-1.3309808078295"
"G1801490","2.12137057991671"
"G1801510","4.90719494188813"
"G1801530","-0.617429475557538"
"G1801550","-0.378324694111541"
"G1801570","-0.526409991025478"
"G1801590","3.17503615543767"
"G1801610","-2.65271481653072"
"G1801630","-2.5572021576467"
"G1801650","-3.85804112058152"
"G1801670","4.12666011646421"
"G1801690","3.03127561139033"
"G1801710","-0.943930968764239"
"G1801730","-2.57479273626532"
"G1801750","-1.4545920162615"
"G1801770","-2.94371613192431"
"G1801790","5.39597648468521"
"G1801810","-0.00618592865500762"
"G1801830","0.407639794568911"
"G1900010","-1.25749046129119"
"G1900030","-1.13365331794277"
"G1900050","-0.0382993597459253"
"G1900070","-1.56225387347591"
"G1900090","-1.37642873331748"
"G1900110","-1.13997426040403"
"G1900130","-0.805607884032451"
"G1900150","-0.463899348377754"
"G1900170","-1.10938368867509"
"G1900190","-0.387556732422083"
"G1900210","-0.0674102180266344"
"G1900230","-1.58937923880594"
"G1900250","-0.891359176042254"
"G1900270","-2.07748782287124"
"G1900290","-0.98498900443481"
"G1900310","-0.907451405892574"
"G1900330","-0.579495557758066"
"G1900350","-0.0869651195813445"
"G1900370","-1.43196873727258"
"G1900390","-0.100557012280376"
"G1900410","0.594509534520745"
"G1900430","-0.0390754762791424"
"G1900450","-1.51897734206356"
"G1900470","-1.47128267928112"
"G1900490","-1.07694129958775"
"G1900510","-2.29482848267952"
"G1900530","-1.50453441488304"
"G1900550","-1.29874080736663"
"G1900570","-0.906396667227244"
"G1900590","0.482592038513267"
"G1900610","-0.209689773046172"
"G1900630","0.46620491000309"
"G1900650","-0.0059478585516429"
"G1900670","-0.931630768296099"
"G1900690","0.344045694208124"
"G1900710","-0.641867235179451"
"G1900730","-1.33133090243376"
"G1900750","0.304251054688806"
"G1900770","-1.415661069093"
"G1900790","-0.867910554541582"
"G1900810","-0.150362420313808"
"G1900830","0.45274657760277"
"G1900850","-0.346400501166398"
"G1900870","-0.78292918068043"
"G1900890","-1.06276686240647"
"G1900910","0.00791783266974986"
"G1900930","-0.665139141502053"
"G1900950","-1.06578600947874"
"G1900970","-1.52226586510956"
"G1900990","-0.252594750765057"
"G1901010","-1.01031920223837"
"G1901030","-0.7968067209674"
"G1901050","-1.13548139823089"
"G1901070","-0.576357999631611"
"G1901090","0.213970320628845"
"G1901110","-1.98429793356796"
"G1901130","-1.74012517354052"
"G1901150","-0.53104229365485"
"G1901170","0.277532526536144"
"G1901190","0.145354238616767"
"G1901210","-0.782290622765153"
"G1901230","-0.248998719774871"
"G1901250","-0.00553798451749474"
"G1901270","-0.22361844509176"
"G1901290","-0.456456958989344"
"G1901310","-0.921113845038645"
"G1901330","-0.868361175757752"
"G1901350","-0.932174946258248"
"G1901370","-0.389606497046567"
"G1901390","-0.733125022810154"
"G1901410","0.0136397739528581"
"G1901430","0.356654250869881"
"G1901450","-0.683175588740072"
"G1901470","0.619783126013949"
"G1901490","-1.26997688476523"
"G1901510","0.339906091751557"
"G1901530","-0.200562480025781"
"G1901550","-0.297065139113667"
"G1901570","-0.324841034037462"
"G1901590","-1.28677170251953"
"G1901610","-1.05855446052412"
"G1901630","-1.13798316806933"
"G1901650","-0.526006765150879"
"G1901670","-0.510876635159668"
"G1901690","-0.282855580416328"
"G1901710","0.196355921444074"
"G1901730","-1.69216878448294"
"G1901750","-0.697410470418773"
"G1901770","-1.30997140335323"
"G1901790","-0.94883184020834"
"G1901810","0.339992413396709"
"G1901830","-0.621727273400811"
"G1901850","-1.43667074901767"
"G1901870","-0.546303824920379"
"G1901890","0.0817919578103423"
"G1901910","-1.22092484858631"
"G1901930","-0.571931409337949"
"G1901950","-0.442336639971918"
"G1901970","0.379074938878864"
"G2000010","-2.22865977017004"
"G2000030","-2.25578612549555"
"G2000050","-3.1877295098257"
"G2000070","0.898910020070365"
"G2000090","-0.344725287003097"
"G2000110","0.270829041970073"
"G2000130","-1.71552933765903"
"G2000150","-2.73280030011628"
"G2000170","-1.09644619685902"
"G2000190","0.899341567391391"
"G2000210","-1.22226506479652"
"G2000230","-1.92637397866695"
"G2000250","-0.22532719599295"
"G2000270","-1.40948017120673"
"G2000290","-0.492719531512149"
"G2000310","-1.49204164623648"
"G2000330","2.53461229488334"
"G2000350","-0.417342014714035"
"G2000370","-0.0219951691793088"
"G2000390","-1.37643592916744"
"G2000410","-2.52231456477855"
"G2000430","-2.11436379524285"
"G2000450","-2.59906754927397"
"G2000470","-0.163901753784014"
"G2000490","-0.815901084637327"
"G2000510","0.244648292280118"
"G2000530","3.44863337711368"
"G2000550","-0.669236209138463"
"G2000570","-0.608086419198631"
"G2000590","-0.317338558246444"
"G2000610","-1.40204859507218"
"G2000630","-1.58556741362708"
"G2000650","-1.08000841591978"
"G2000670","-0.0305598333138487"
"G2000690","-0.171314527497774"
"G2000710","0.0879475307006943"
"G2000730","-2.13423230721248"
"G2000750","-0.203690786444394"
"G2000770","0.279267810088522"
"G2000790","-1.1439735396582"
"G2000810","-0.826499073929695"
"G2000830","-3.9249680054994"
"G2000850","-2.07574832823454"
"G2000870","-5.01874225366088"
"G2000890","-1.66699655805669"
"G2000910","-0.418122301081803"
"G2000930","-0.649356653196194"
"G2000950","2.8233014636383"
"G2000970","-0.248579218213288"
"G2000990","0.210605951874386"
"G2001010","1.09628821570428"
"G2001030","-4.90747260587364"
"G2001050","-2.33919633854295"
"G2001070","-4.37606507708181"
"G2001090","-0.757689200051656"
"G2001110","-3.67993481322353"
"G2001130","-1.22641873512742"
"G2001150","-1.73906216435682"
"G2001170","-1.54645694046882"
"G2001190","1.76142032573599"
"G2001210","-3.13208327629093"
"G2001230","-0.0786104531571298"
"G2001250","-0.91299452824991"
"G2001270","-1.85050689410857"
"G2001290","0.340988333105071"
"G2001310","-1.96092607650031"
"G2001330","-0.988483931778857"
"G2001350","-0.746707572900132"
"G2001370","-1.48588682957643"
"G2001390","-2.23526335280783"
"G2001410","-2.5392848233335"
"G2001430","-0.184179085352572"
"G2001450","0.0374447504460567"
"G2001470","-1.55091602660144"
"G2001490","-0.701787662047359"
"G2001510","-0.499369007984568"
"G2001530","-1.47183451800189"
"G2001550","1.59616326262984"
"G2001570","-1.56762871535198"
"G2001590","-2.53577961214282"
"G2001610","-0.877692624143321"
"G2001630","0.215025679202436"
"G2001650","-0.881704410102076"
"G2001670","-2.24737076978677"
"G2001690","-1.22556905414412"
"G2001710","0.0453037682673339"
"G2001730","-0.92522140853209"
"G2001750","-2.74340649491798"
"G2001770","-0.669987702749631"
"G2001790","-0.980307624212338"
"G2001810","-1.13447754274177"
"G2001830","-3.37993483532271"
"G2001850","-0.479602118762539"
"G2001870","-0.326363008769156"
"G2001890","0.0940954247947331"
"G2001910","-2.0573321324591"
"G2001930","-0.913471551538249"
"G2001950","0.346678061879482"
"G2001970","-1.18736192678577"
"G2001990","-0.685257412226144"
"G2002010","-1.43722164545471"
"G2002030","-0.783992031786066"
"G2002050","-1.26315610385349"
"G2002070","-2.3676256681541"
"G2002090","19.0117152623287"
"G2100010","0.632562611203143"
"G2100030","-0.0834347093222854"
"G2100050","879.335867609533"
"G2100070","-1.64955095777288"
"G2100090","-0.45321919650767"
"G2100110","-0.91653578079405"
"G2100150","-0.112326678578118"
"G2100170","-1.73811670588707"
"G2100210","-2.87363595936061"
"G2100230","1.09860806938518"
"G2100270","-1.51364140905966"
"G2100290","-1.16700191746358"
"G2100310","0.290305176105486"
"G2100330","-2.26236133446956"
"G2100350","-2.66082549385822"
"G2100370","477.618091059979"
"G2100390","-1.23589289558518"
"G2100410","0.150774282112857"
"G2100430","0.405819883327879"
"G2100450","-1.44784376816029"
"G2100470","-3.73476480038908"
"G2100490","-1.01381195782383"
"G2100510","-0.871626434337347"
"G2100530","-0.281067097563009"
"G2100550","-2.44705812851812"
"G2100570","-2.07211434318552"
"G2100590","-1.30330972429177"
"G2100610","-0.410588053753032"
"G2100650","0.458671003082191"
"G2100670","-1.62921804973048"
"G2100690","-1.74566422189152"
"G2100730","-3.98294218506585"
"G2100750","0.397549837365566"
"G2100770","0.543330002883207"
"G2100790","-2.09313645198055"
"G2100810","2.90684187662375"
"G2100830","-1.50671124022667"
"G2100850","-0.98158245722242"
"G2100870","-1.26479962202355"
"G2100890","1.57404970550883"
"G2100910","-1.98642503701047"
"G2100930","-2.3279111592257"
"G2100970","-0.274412446143301"
"G2100990","-1.99035430294999"
"G2101010","-2.00198045654328"
"G2101030","-1.54132034828295"
"G2101050","-1.1146736740725"
"G2101070","-1.26529754888418"
"G2101090","13.2360650887462"
"G2101110","0.806607338692039"
"G2101130","-2.8739743935371"
"G2101170","5.20961428466981"
"G2101210","-0.952375875973245"
"G2101230","-1.22552361062712"
"G2101250","-0.797549656515227"
"G2101350","-0.213276190583133"
"G2101370","-1.77592568798394"
"G2101390","-2.28085257515148"
"G2101410","-3.12770660294478"
"G2101430","-3.07947143362022"
"G2101450","-2.34911026373372"
"G2101490","-1.86274986464944"
"G2101510","-0.446440971557187"
"G2101550","-1.12300731750687"
"G2101570","-1.4285557604818"
"G2101610","-0.451915008401833"
"G2101630","-2.64767261482808"
"G2101650",NA
"G2101670","-4.63713873692514"
"G2101690","0.686549816819961"
"G2101710","-0.626399974436613"
"G2101730","-1.27038923008653"
"G2101750","0.0535353664773651"
"G2101770","1.00875702060146"
"G2101790","-1.04821696368438"
"G2101810","-2.83341354947414"
"G2101830","-0.600124818878092"
"G2101850","1.35847392323701"
"G2101870","0.806405711160151"
"G2101910","-0.300632764129931"
"G2101970","2.40692464085211"
"G2101990","-1.6187736136519"
"G2102010",NA
"G2102030","-0.945711345875077"
"G2102050","-1.00714350840976"
"G2102070","-1.46082438937131"
"G2102090","-5.57070085379848"
"G2102110","-2.39886706988831"
"G2102130","-3.10421531240705"
"G2102150","-1.03293158106228"
"G2102170","-1.11455948272183"
"G2102190","-2.46884388635483"
"G2102210","-3.06026397482958"
"G2102230","2.33732751572563"
"G2102250","-2.15385883532227"
"G2102270","-2.36125337909282"
"G2102290","-3.22626213591437"
"G2102310","-1.03756462925468"
"G2102330","-2.08734118056006"
"G2102350","-1.1470232153961"
"G2102370",NA
"G2102390","-3.24650918919654"
"G2200010","0.791561836715388"
"G2200030","-40.0640814857771"
"G2200070","0.466878622062385"
"G2200090","-0.402925948331076"
"G2200110","4.85494997593652"
"G2200150","1.28584790849188"
"G2200170","-0.900518381399072"
"G2200190","0.63719234709714"
"G2200210","-0.501524617430641"
"G2200230","0.0224290361350359"
"G2200250","-0.107612165794618"
"G2200290","-0.127447517457778"
"G2200310","6.47556765192805"
"G2200350","0.0570225718532389"
"G2200370","0.311650995005164"
"G2200390","-0.345336304990011"
"G2200410","-0.10966791436958"
"G2200430","0.808280829578903"
"G2200450","1.02903246644387"
"G2200470","1.36987429950522"
"G2200530","0.604527600911537"
"G2200550","1.26440791094988"
"G2200650","-0.910902926027039"
"G2200670","0.19789635242016"
"G2200690","-1.53169180619159"
"G2200730","-0.261839352646398"
"G2200770","0.0592405308694939"
"G2200790","-0.351378707733799"
"G2200810","-0.0637671270898813"
"G2200830","-0.320771031610733"
"G2200930",NA
"G2200970","-0.45946701248882"
"G2200990","1.25804826966135"
"G2201010","1.46756174958554"
"G2201050",NA
"G2201070","-1.62670224916183"
"G2201130","0.776666290781694"
"G2201170","8.14393800414341"
"G2201210","1.31732723131306"
"G2201230","-0.673205174100512"
"G2201250","0.388743773910746"
"G2400010","-0.607392998871977"
"G2400030","-1.79295234400594"
"G2400050","2.11726082697179"
"G2400090","-0.230580297634272"
"G2400110","-1.78273688595026"
"G2400130","-11.6084427337788"
"G2400150","-3.22021035271316"
"G2400170","-2.61433279441419"
"G2400190","-1.38441866753791"
"G2400210","-4.31992897204665"
"G2400230","0.925549305270945"
"G2400250","3.74468695534169"
"G2400270","-5.78224071242082"
"G2400290","-13.444477731209"
"G2400310","-3.28861225635461"
"G2400330","-2.98295512989207"
"G2400350","-7.24008702643954"
"G2400370","-5.60288011065989"
"G2400390","-0.955785585392909"
"G2400410","-4.97810343123303"
"G2400430","-5.16813144247477"
"G2400450","-0.579637818204572"
"G2400470","-1.50737198881725"
"G2600010",NA
"G2600050","-2.17308030329524"
"G2600070","-1.09765235387283"
"G2600090","-4.31482429024645"
"G2600110",NA
"G2600150","-7.04500997174638"
"G2600170",NA
"G2600190","-7.58124462141514"
"G2600210","-2.06365660878674"
"G2600230","-5.91067110912417"
"G2600250","-14.3234085424871"
"G2600270","-3.47409741166476"
"G2600290","-4.19326172710264"
"G2600310",NA
"G2600350",NA
"G2600370","42.3770961976176"
"G2600410","1.04286926803817"
"G2600430",NA
"G2600450","-9.61491543227992"
"G2600470","-0.801322830163691"
"G2600490","-0.551592345158847"
"G2600510",NA
"G2600550","-5.90336273107158"
"G2600570",NA
"G2600590","-7.39873376905407"
"G2600630","-6.88788796942597"
"G2600650","-8.8933301964016"
"G2600670","-39.9095020918543"
"G2600690",NA
"G2600730",NA
"G2600750","-15.2251907845167"
"G2600770","-3.10245016884478"
"G2600790",NA
"G2600810","-5.97076174078063"
"G2600850",NA
"G2600870","2.69993859929157"
"G2600890","-4.36676948909394"
"G2600910","-15.4949720834485"
"G2600930","-6.46094690455801"
"G2600990",NA
"G2601010","-6.1983982093231"
"G2601030",NA
"G2601050",NA
"G2601070",NA
"G2601090","-0.91265235318962"
"G2601110",NA
"G2601130","-2.24281646306274"
"G2601150","-15.1982843858692"
"G2601170",NA
"G2601190","0.663042039132106"
"G2601210","2.93221161729679"
"G2601230","-1840.66452002878"
"G2601250","-48.1609241526467"
"G2601270",NA
"G2601290",NA
"G2601330",NA
"G2601350",NA
"G2601370","-17.8118432088717"
"G2601390","-5.48661072375536"
"G2601410","0.117684689406294"
"G2601450",NA
"G2601470","171.811448436783"
"G2601490","-1.08853694140351"
"G2601510","-1.22575513508542"
"G2601550","-6.51062540879058"
"G2601570","-2.10563782653877"
"G2601590","-1.70655128709248"
"G2601610","-20.2866240646704"
"G2601630","-137.182794067105"
"G2601650",NA
"G2700010","0.744309512172127"
"G2700030","0.527222726849525"
"G2700050","5.06505688703494"
"G2700070","-17.4117214067342"
"G2700090","-1.4750089644436"
"G2700110","0.512674460406687"
"G2700130","0.17093391655057"
"G2700150","-0.414964939897672"
"G2700170","1.54819310018956"
"G2700190","1.01962569771148"
"G2700210",NA
"G2700230","0.483919029413654"
"G2700250","-0.231386038241117"
"G2700270","0.673503949599474"
"G2700290","0.024616710220232"
"G2700330","-0.5001784853964"
"G2700350","-1.49953780708465"
"G2700370","0.706307728308912"
"G2700390","0.0579899613012176"
"G2700410","-0.170302839127439"
"G2700430","0.036469432779365"
"G2700450","-0.539175199367407"
"G2700470","-0.100048113274014"
"G2700490","0.76693122470141"
"G2700510","1.26442430930033"
"G2700530","0.957747643504047"
"G2700550","-0.0556549205367235"
"G2700570","-3.0770649059308"
"G2700590","-0.222506711169147"
"G2700630","0.0169325297707737"
"G2700650","-0.927950634176291"
"G2700670","0.470103440867682"
"G2700690","21.0690793932031"
"G2700710",NA
"G2700730","-0.270959116120014"
"G2700770","623.588151674421"
"G2700790","0.0779576565526906"
"G2700810","-0.363638945972099"
"G2700830","-0.262282699930003"
"G2700850","0.771168335535049"
"G2700870","3.14129176800318"
"G2700890","1.30752367999636"
"G2700910","-0.127865241069022"
"G2700930","-0.115570974306761"
"G2700950","-1.55512261841571"
"G2700970","-2.19343988566665"
"G2700990","-0.740171779853586"
"G2701010","-0.456385514894164"
"G2701030","-0.183441004540658"
"G2701050","-0.326840598499603"
"G2701070","-0.461126809124421"
"G2701090","-0.0714319448113834"
"G2701110","0.124991374717254"
"G2701130","0.303825222533444"
"G2701150","-0.192689271779975"
"G2701170","-0.331653675426825"
"G2701190","0.419728398587194"
"G2701210","-0.182318748662269"
"G2701250","0.0981929079083867"
"G2701270","-0.365802502445199"
"G2701290","0.230104091573477"
"G2701310","0.382334673863521"
"G2701330","-0.319781851985488"
"G2701350","2.25068117110546"
"G2701390","0.463132177930884"
"G2701410","-0.590436274357"
"G2701430","0.108625834870448"
"G2701450","-0.605800905919954"
"G2701470","-0.151304791465757"
"G2701490","0.5890215932824"
"G2701510","0.130270391079431"
"G2701530","-1.51915033295883"
"G2701550","2.04748676943312"
"G2701570","0.163956592246224"
"G2701590","-0.597066921333328"
"G2701610","0.236919915985571"
"G2701630","-0.45651174480861"
"G2701650","-0.129912487179414"
"G2701670","2.23170583104816"
"G2701690","0.472570884230984"
"G2701710","-0.748801936385258"
"G2701730","-0.148914773960738"
"G2800010","0.283591446651303"
"G2800030","-2.09418618720424"
"G2800070","-1.67499955857816"
"G2800090","-1.50268396144777"
"G2800110","-0.158420344490073"
"G2800130","-2.50638486986574"
"G2800150","-1.54218629348423"
"G2800170","1.29237516959573"
"G2800210","-5.08599115155737"
"G2800250","-1.80116360663996"
"G2800270","0.380606144813332"
"G2800310","6.18809027600321"
"G2800330","-4.33616112893476"
"G2800390","0.0303005208946627"
"G2800410",NA
"G2800430","-4.81094894266611"
"G2800490","0.695154999975759"
"G2800510","-0.197688033275433"
"G2800530","0.510440386033824"
"G2800550","-0.576657973019513"
"G2800570","0.628859029492782"
"G2800630","-2.94918549272092"
"G2800650",NA
"G2800710","0.617164852021205"
"G2800730",NA
"G2800770","8.715301555778"
"G2800810","-0.296175995960014"
"G2800830","1.17029760465341"
"G2800870","-2.43528008263818"
"G2800890","-1.48378541005652"
"G2800930","-0.893100680767922"
"G2800950","-1.93014307774314"
"G2800970","1.0315110781249"
"G2801010","-1.10532897287349"
"G2801030","-2.39422934507456"
"G2801070","-1.75393993926031"
"G2801150","0.555538704346267"
"G2801170","1.42268080250622"
"G2801190","-0.817679125840442"
"G2801210","0.385069394551425"
"G2801230","-2.2577901897776"
"G2801250","1.49494186140765"
"G2801270","-5.71530166936356"
"G2801330","-0.754722835954903"
"G2801350","-0.345886121533743"
"G2801370","-0.665033937182361"
"G2801390","-1.3265343965477"
"G2801410","0.739792071008631"
"G2801430","1.4351582721834"
"G2801450","1.75979866477589"
"G2801470","7.30938516097405"
"G2801490","-0.892959667122403"
"G2801510","0.0643452572116851"
"G2801550","-2.23262007189095"
"G2801570",NA
"G2801610","8.58035501264149"
"G2801630","-0.144504884993499"
"G2900010","-3.99119562469313"
"G2900030","-1.05113958475478"
"G2900050","-1.39913839913648"
"G2900070","-3.94566453345152"
"G2900090","-2.10933434934586"
"G2900110","-1.40313549382283"
"G2900130","-1.05896676270387"
"G2900150","-2.43139433582098"
"G2900170","-0.163053410668775"
"G2900190","-3.47956409567942"
"G2900210","1.42420990975133"
"G2900230","3.44078795236968"
"G2900250","-3.46226591071165"
"G2900270","-3.46722246875204"
"G2900310","-2.04200542672266"
"G2900330","1.50946876662444"
"G2900370","-2.36472853218069"
"G2900390","0.0467619951125465"
"G2900410","-4.16970144975633"
"G2900430","-12.2918701725016"
"G2900450","-0.34498074735966"
"G2900470","-2.18088698448246"
"G2900490","-2.58422194912237"
"G2900510","-2.88314297676663"
"G2900530","-0.252631686936119"
"G2900550",NA
"G2900570","0.246568194906859"
"G2900590","-3.25602809289611"
"G2900610","-4.39032926889211"
"G2900630","-1.64216574189338"
"G2900690","2.62835917021153"
"G2900710","-4.69497637131166"
"G2900730","-2.3767188227249"
"G2900750","-3.56619358340045"
"G2900770","1.69032833863072"
"G2900790","0.35509775180796"
"G2900810","-2.01280648038783"
"G2900830","-1.41535881927317"
"G2900850","-3.87401777010573"
"G2900870","-0.346730490992665"
"G2900890","0.441969389181992"
"G2900910","-1.64024113184906"
"G2900950","0.925134324972893"
"G2900970","-0.700553628331293"
"G2900990","-4.56881972825174"
"G2901010","-1.97070928828949"
"G2901030","-8.94441966390001"
"G2901050","-1.2260997490124"
"G2901070","-2.87254251001427"
"G2901090","-1.73061864580818"
"G2901110","-5.21966883956524"
"G2901130","-0.292886742142296"
"G2901150","0.283741295324377"
"G2901170","0.249143845606805"
"G2901190",NA
"G2901210","-3.73768298083941"
"G2901230",NA
"G2901250","-3.73450837802727"
"G2901270","-4.5825628037189"
"G2901290","-4.02754378305068"
"G2901310","-3.58448143620232"
"G2901330","-0.701365513597147"
"G2901350","-1.09052612104753"
"G2901370","-5.78443405939504"
"G2901390","-0.737560824248743"
"G2901410","-2.56410371288724"
"G2901430","0.350535676565656"
"G2901450","-4.39062424753083"
"G2901470","-1.3356798682089"
"G2901510","-2.59103480891515"
"G2901550","0.476630174468909"
"G2901570","-4.42079084557877"
"G2901590","-3.26638293238404"
"G2901610",NA
"G2901630","-3.82908444717585"
"G2901650","1.37341359231726"
"G2901670","-0.895541265277465"
"G2901690","1.86265732921807"
"G2901710","0.644930368948621"
"G2901730","-2.93070515155402"
"G2901750","-3.6421098141371"
"G2901770","-2.06811861994207"
"G2901810","-4.15726728510958"
"G2901830","-4.60288281247856"
"G2901850","-0.094212558118305"
"G2901860","-5.3091225995229"
"G2901870","1.98220195596044"
"G2901890","-5.30610324102474"
"G2901950","-2.97520906636544"
"G2901970","-2.18699527374663"
"G2901990","-2.1058733294425"
"G2902010","-0.196920251261433"
"G2902050","-5.53381902474308"
"G2902070","-0.711241215732417"
"G2902090",NA
"G2902110","-2.41487926549374"
"G2902150",NA
"G2902170","-0.482030151693751"
"G2902190","-3.47701400842534"
"G2902230","-0.595463212780786"
"G2902250","3.2905923188175"
"G2902270","-1.55117508736673"
"G2902290",NA
"G3000030","-2.96770507430091"
"G3000090","0.16122126678781"
"G3000110",NA
"G3000150",NA
"G3000170","-0.708529945374725"
"G3000190",NA
"G3000210","-0.301853990189702"
"G3000250","0.346776031880851"
"G3000330",NA
"G3000470","0.131645457613502"
"G3000550","23.4984588245629"
"G3000650",NA
"G3000790","-0.604473287064998"
"G3000830","0.804505529675503"
"G3000850",NA
"G3000870","-0.647683747431297"
"G3000910",NA
"G3000950","0.571599180305642"
"G3001010",NA
"G3001030",NA
"G3001050","22.3748224921648"
"G3001090","-0.974305578388909"
"G3001110","-0.394871044143303"
"G3100010","-0.186452389611463"
"G3100030","-0.165400469669539"
"G3100070",NA
"G3100110","-0.482820672820665"
"G3100130","-0.261524917011703"
"G3100150","-2.25302885304644"
"G3100170","-0.492830448011272"
"G3100190","-0.165370458490879"
"G3100210","-0.701774210955117"
"G3100230","-1.08418952839541"
"G3100250","-2.16438066457514"
"G3100270","-1.06433281553782"
"G3100290","0.262993249255211"
"G3100310","-0.115400216062078"
"G3100330","-1.83863948004972"
"G3100350","-1.38952745012675"
"G3100370","-1.69028524848877"
"G3100390","-1.92421975454505"
"G3100410","-0.219316119016783"
"G3100430","-1.93576570001282"
"G3100450","-0.167924428100216"
"G3100470","-0.112555287725142"
"G3100490","-0.504709928477805"
"G3100510","-1.1087382179409"
"G3100530","-0.322562021045984"
"G3100550","-0.768056200844973"
"G3100570","-0.192285019291615"
"G3100590","-0.411320832931316"
"G3100610","-0.697153668015903"
"G3100630","-0.723270321904892"
"G3100650","-1.12337254263902"
"G3100670","-1.48091916885956"
"G3100690","-0.538145674408339"
"G3100710","-0.212210716446592"
"G3100730","-0.381633607759497"
"G3100770","-0.112925199954415"
"G3100790","0.31248816029996"
"G3100810","-0.0875241450020991"
"G3100830","-0.711756364405587"
"G3100850",NA
"G3100870","-0.595996481248939"
"G3100890","0.386271835684237"
"G3100930","-0.463034437717424"
"G3100950","-1.11710682973542"
"G3100970","-1.53576273509998"
"G3100990","-0.198803043613136"
"G3101010","-0.191519572343488"
"G3101030","0.518510229200296"
"G3101050","-0.129738716849562"
"G3101070","-1.18002510839252"
"G3101090","-1.72086821007978"
"G3101110","-0.248067705273274"
"G3101130","5366.80624380625"
"G3101190","-1.35490594374843"
"G3101210","0.190450631050353"
"G3101230","-0.209832903694225"
"G3101250","-0.890012204762737"
"G3101270","-1.64845442205302"
"G3101290","-0.605813114528683"
"G3101310","-1.96376133528492"
"G3101330","-1.63811476581049"
"G3101350","-0.256716630235843"
"G3101370","-0.234416320930867"
"G3101390","-0.408822915500753"
"G3101410","-0.479138381409595"
"G3101430","-0.375713256255276"
"G3101450","-0.876748437296554"
"G3101470","-1.6641635586077"
"G3101490","-4.65782840238744"
"G3101510","-0.920956364053135"
"G3101530","-1.71239844157991"
"G3101550","-1.21696511112519"
"G3101570","-0.380718302819151"
"G3101590","-0.952916388329977"
"G3101610","-0.593907214973829"
"G3101630","-0.167983735400931"
"G3101650","-0.612518298935924"
"G3101670","-2.40829073487809"
"G3101690","-0.465645150425399"
"G3101730","-2.22295575224907"
"G3101750","-0.361681687762134"
"G3101770","-1.42318284155824"
"G3101790","-1.04444471167822"
"G3101810","-0.762873270530985"
"G3101830",NA
"G3101850","0.187569496389754"
"G3400010",NA
"G3400050","-0.167896122643715"
"G3400110","15.7114407769707"
"G3400150","-15.1890291331031"
"G3400190","-30.1972360936795"
"G3400210","-9.3975228936324"
"G3400230","-15.7230996811983"
"G3400250","-8.16431499697299"
"G3400270","-15.3368841101021"
"G3400290","6.02768285176201"
"G3400330","-3.1210446424757"
"G3400350","-0.970294189821904"
"G3400370","5.67975070758237"
"G3400410","-208.372999078796"
"G3500050","7.43426109490897"
"G3500090","0.446866250169456"
"G3500130","0.561435000956413"
"G3500150",NA
"G3500250",NA
"G3500290",NA
"G3500410","4.05140246358845"
"G3500510","0.717122039456585"
"G3500570",NA
"G3500590","1.74038650118037"
"G3600010",NA
"G3600030",NA
"G3600070",NA
"G3600090",NA
"G3600110",NA
"G3600130",NA
"G3600150",NA
"G3600170",NA
"G3600190",NA
"G3600210",NA
"G3600230",NA
"G3600250",NA
"G3600270","9.91889993672461"
"G3600290","-8.41171996780282"
"G3600310",NA
"G3600330","-337.956580640633"
"G3600350",NA
"G3600370","-9.7533328765846"
"G3600390",NA
"G3600430","1.28382071689731"
"G3600450","-3.86122551570206"
"G3600490","-13.0406017153207"
"G3600510","-3.30489460896042"
"G3600530",NA
"G3600550","3.54617567439753"
"G3600570",NA
"G3600630","-6.90930390096427"
"G3600650",NA
"G3600670",NA
"G3600690","-14.0883330788067"
"G3600710","10.539195052862"
"G3600730","-2.63534129452736"
"G3600750","-1.32981401107356"
"G3600770",NA
"G3600830",NA
"G3600890","-20.133391493906"
"G3600910",NA
"G3600930",NA
"G3600950",NA
"G3600970",NA
"G3600990",NA
"G3601010",NA
"G3601030","15.9910182787378"
"G3601050",NA
"G3601070",NA
"G3601090",NA
"G3601110","78.7179399019195"
"G3601130",NA
"G3601150",NA
"G3601170","-5.23358172290092"
"G3601210","1.20067457120586"
"G3601230",NA
"G3700010","-0.228117777198532"
"G3700030","-0.182475329352408"
"G3700050","0.267673039961226"
"G3700070","0.112931089630734"
"G3700130","-3.40666350079958"
"G3700150","-2.1640710979538"
"G3700170","-2.86307123040191"
"G3700190","-2.35852072486115"
"G3700210","-1.40682306776991"
"G3700230","-0.483786084359882"
"G3700250","-0.628517368464909"
"G3700270","-0.23845593593419"
"G3700290","-0.43475674961058"
"G3700310","0.107447462539171"
"G3700330","-1.32753711036849"
"G3700350","-0.412498073627622"
"G3700370","-1.4666926552373"
"G3700390","-0.185783507331234"
"G3700410","-1.36275445951932"
"G3700430",NA
"G3700450","0.0143682302625635"
"G3700470","-2.26497176204723"
"G3700490","-3.66016963124989"
"G3700510","-0.866624429371267"
"G3700530","0.469210083773391"
"G3700550",NA
"G3700570","-1.22734233579512"
"G3700590","-1.59807885598826"
"G3700610","-2.54254391001892"
"G3700630","1.42093239370508"
"G3700650","-1.94150271453194"
"G3700670","-0.202132753447637"
"G3700690","-1.44367899463154"
"G3700710","0.163818621276993"
"G3700730","-1.87746395203554"
"G3700770","-2.20241801507393"
"G3700790","-1.68529521072569"
"G3700810","-1.15268769539665"
"G3700830","-1.34882303682908"
"G3700850","0.687439347703617"
"G3700870","1.84603516518649"
"G3700890","0.180172680394076"
"G3700910","-1.85048338250002"
"G3700930","-0.575102025890269"
"G3700950","-1.40655864616472"
"G3700970","-0.58870206161534"
"G3701010","-2.32645265957552"
"G3701030","-1.78662949376023"
"G3701050","0.970000233184085"
"G3701070","-2.49525477624811"
"G3701090","0.0553111248448728"
"G3701110","-2.16353787359222"
"G3701130",NA
"G3701170","-1.26810556894977"
"G3701190","-1.12533048945399"
"G3701230","0.345625468642374"
"G3701250","-0.8901350722802"
"G3701270","-3.35134797690504"
"G3701290",NA
"G3701310","-1.11727421120507"
"G3701330","-2.3671022859656"
"G3701350","-0.149236609218213"
"G3701370","-1.22183487260749"
"G3701390","-1.63192738197351"
"G3701410","-7.13928480319725"
"G3701430","-1.63105449616302"
"G3701450","-2.11234535416739"
"G3701470","-2.67671851604934"
"G3701490",NA
"G3701510","-1.00401172715592"
"G3701530","-6.1212196466065"
"G3701550","-1.67115900297932"
"G3701570","-1.18759097612522"
"G3701590","-0.612635079058432"
"G3701610","-1.02816005246198"
"G3701630","-1.84494164849058"
"G3701650","-0.759211624742031"
"G3701670","-0.483413381493405"
"G3701690","-0.142001543948768"
"G3701710","-0.938743133889765"
"G3701750","1.2143191574139"
"G3701770","1.37142959684199"
"G3701790","-1.17293714786983"
"G3701810","0.293443421012769"
"G3701830","0.0118657972559056"
"G3701850","-2.6375346197352"
"G3701870","-2.52727169847487"
"G3701910","-2.64308730514748"
"G3701930","-1.04100717388731"
"G3701950","-2.25959027084533"
"G3701970","-1.26056553069676"
"G3800010","0.385237715299258"
"G3800030","-0.510487033037063"
"G3800050","-0.516209140581052"
"G3800090","0.162564800191424"
"G3800110","-0.0769569815582857"
"G3800150","-3.9654346821493"
"G3800170","-0.199570306085677"
"G3800190","5.88659109079331"
"G3800210","-0.393423460512422"
"G3800230","-0.498765120405236"
"G3800250","-0.77060190688609"
"G3800270","-6.54227107359873"
"G3800290","-1.75464691399187"
"G3800310","2.90837589967229"
"G3800330","1.01308346333661"
"G3800350","-0.156752323686905"
"G3800370","-1.49134512724666"
"G3800390","1.87648707080817"
"G3800410","-0.0728467755951325"
"G3800430","4.28175147393938"
"G3800450","1.73600481523207"
"G3800470","-2.8883786218719"
"G3800490","0.95963133262498"
"G3800510","-1.90265739358793"
"G3800530","-0.10867918984963"
"G3800550","-0.390594636573105"
"G3800570","-0.0044988551234062"
"G3800590","0.0734832599545426"
"G3800610",NA
"G3800630","0.765987626025093"
"G3800650","-1.30522099843265"
"G3800670","11.0962566445764"
"G3800690","1.99964076504984"
"G3800710","1.98177737132565"
"G3800730","4.27684301460117"
"G3800750","0.206249082381421"
"G3800770","2.81591655775827"
"G3800790","-0.108800586109653"
"G3800810","0.388050298265998"
"G3800830","-22.8008049572635"
"G3800850","1.23398130171133"
"G3800890","-0.616229350135033"
"G3800910","1.76769104365723"
"G3800930","-0.3627805874062"
"G3800950","3.13125321607242"
"G3800970","-0.187403937612048"
"G3800990","5.53736852978725"
"G3801010","0.520568805028777"
"G3801030","-8.29527499086326"
"G3801050","0.197458483927837"
"G3900010","-1.84228022139037"
"G3900030","-13.0787265049359"
"G3900050",NA
"G3900070",NA
"G3900090","54.1388973926562"
"G3900110","-7.7739316103812"
"G3900130",NA
"G3900150","-1.04226559830492"
"G3900170","-3.86462364603891"
"G3900190",NA
"G3900210",NA
"G3900230","-34.8941267462235"
"G3900250","-1.17224021910282"
"G3900270","-0.472050090030446"
"G3900290",NA
"G3900310",NA
"G3900330",NA
"G3900370","-6.89059922023901"
"G3900390","-4.10818399296403"
"G3900410",NA
"G3900430",NA
"G3900450","-517.910616050881"
"G3900470","1.88908924931229"
"G3900490",NA
"G3900510","-3.72482353977726"
"G3900530","-7.62595311424864"
"G3900550",NA
"G3900570","-0.017620223718127"
"G3900590",NA
"G3900610","0.595096697172547"
"G3900630","6.95527230923911"
"G3900650","-4.40011629245636"
"G3900670",NA
"G3900690","-4.77509519187601"
"G3900710","-2.4800292484089"
"G3900730","33.3457435647318"
"G3900750",NA
"G3900770",NA
"G3900790","-1.4669494751325"
"G3900810",NA
"G3900830",NA
"G3900870","-3.58133876710392"
"G3900890",NA
"G3900910","336.999254625034"
"G3900930",NA
"G3900950","3.40061129683411"
"G3900970","-2.02087588655377"
"G3900990",NA
"G3901010",NA
"G3901030",NA
"G3901050","6.84135798069089"
"G3901070","-7.40064178590529"
"G3901090","-16.1261227219964"
"G3901110",NA
"G3901130","-8.25311559274359"
"G3901150",NA
"G3901170",NA
"G3901190",NA
"G3901210",NA
"G3901230",NA
"G3901250","-5.13522403905811"
"G3901270",NA
"G3901290","-7.18841896411107"
"G3901310","-2.92268810560904"
"G3901330",NA
"G3901350","-5.94463060454749"
"G3901370","-11.0858034918132"
"G3901390",NA
"G3901410","-11.2658605801698"
"G3901430",NA
"G3901450","-1.43144616833185"
"G3901470",NA
"G3901490","-7.74374209050408"
"G3901510",NA
"G3901530",NA
"G3901550",NA
"G3901570",NA
"G3901590",NA
"G3901610","-7.58266286717104"
"G3901630","0.467339448155344"
"G3901650","-1.19885989843624"
"G3901670",NA
"G3901690",NA
"G3901710","-3.52679490773694"
"G3901730","12.585010176783"
"G3901750",NA
"G4000030","-0.65749338786701"
"G4000070","-0.774031143355814"
"G4000090",NA
"G4000110","0.0744453335982953"
"G4000130","-2.00646898796035"
"G4000150","-0.401643578147996"
"G4000170","-1.75180632381769"
"G4000230","-0.288103197643882"
"G4000250","1.36737161334257"
"G4000270","-1.51118267125067"
"G4000290",NA
"G4000310","-682.155454845579"
"G4000330","0.809852029509732"
"G4000350","-1.99964139607865"
"G4000370","-5.37316252150824"
"G4000390","-0.526012151911218"
"G4000410","-0.446174990690611"
"G4000430",NA
"G4000450","-47.4367289878579"
"G4000470","0.596024992532523"
"G4000490","-1.17992008288141"
"G4000510","-1.03533956650524"
"G4000530","-1.24083471717503"
"G4000570","10.575448653061"
"G4000590","-38.2477717707773"
"G4000610","3.21201871400838"
"G4000630","-0.955608376612278"
"G4000710","-0.367345129459664"
"G4000730","-1.00777298526451"
"G4000750",NA
"G4000790","-1.11082707365448"
"G4000810","-0.752599002973296"
"G4000830","-1.85452218380036"
"G4000870","-0.751185229847561"
"G4000890","-0.506714749232118"
"G4000910","9.29351657106804"
"G4000930","-0.413860921466162"
"G4000950",NA
"G4000970","-1.23059976485888"
"G4001010","0.239236372790756"
"G4001030","-1.00570178732024"
"G4001050","-1.13252274011046"
"G4001070","-1.27474294473405"
"G4001090","-0.570452200614038"
"G4001110","-0.957207728401742"
"G4001130","-0.0150887603710932"
"G4001150","-2.56464226932856"
"G4001170","-0.588770152648395"
"G4001190","-0.817280748824587"
"G4001210",NA
"G4001250","-1.29936312971986"
"G4001310","1.14592511113233"
"G4001350","-1.57560759003807"
"G4001370",NA
"G4001390","0.161771741064663"
"G4001410","-0.689577444463111"
"G4001430","-0.121155693033985"
"G4001450","-0.813303559745375"
"G4001470","-0.854280834378536"
"G4001490","-1.85695669660986"
"G4001530","-0.416366462188637"
"G4100030",NA
"G4100050",NA
"G4100210","-0.251182885596568"
"G4100390",NA
"G4100430",NA
"G4100450","-0.151657279130585"
"G4100470",NA
"G4100490","0.204230539018715"
"G4100510",NA
"G4100530",NA
"G4100590","-0.524657110804337"
"G4100670",NA
"G4100710",NA
"G4200010","-1.10888269610943"
"G4200030",NA
"G4200050",NA
"G4200070",NA
"G4200090","3.18998491297013"
"G4200110",NA
"G4200130",NA
"G4200150",NA
"G4200170","-7.40615253262002"
"G4200190",NA
"G4200210",NA
"G4200230",NA
"G4200250",NA
"G4200270",NA
"G4200290","-4.69683521649814"
"G4200310",NA
"G4200330",NA
"G4200350",NA
"G4200370",NA
"G4200390",NA
"G4200410",NA
"G4200430",NA
"G4200450",NA
"G4200470",NA
"G4200490",NA
"G4200510","-171.563433802727"
"G4200530",NA
"G4200550","-17.881698651403"
"G4200570","-12.486933501007"
"G4200590",NA
"G4200610",NA
"G4200630",NA
"G4200650",NA
"G4200670",NA
"G4200690",NA
"G4200710","-29.7477638534012"
"G4200730",NA
"G4200750",NA
"G4200770",NA
"G4200790",NA
"G4200810",NA
"G4200830",NA
"G4200850",NA
"G4200870",NA
"G4200890",NA
"G4200910",NA
"G4200930",NA
"G4200950",NA
"G4200970",NA
"G4200990",NA
"G4201030",NA
"G4201050",NA
"G4201070",NA
"G4201090",NA
"G4201110","-5.21306986855007"
"G4201130",NA
"G4201150",NA
"G4201170",NA
"G4201190",NA
"G4201210",NA
"G4201230",NA
"G4201250",NA
"G4201270",NA
"G4201290",NA
"G4201310",NA
"G4201330","7.741991868265"
"G4500030","0.539656254201496"
"G4500050","-0.132237233446288"
"G4500070","-0.824134323349634"
"G4500090","-0.568903268223878"
"G4500110","-0.349103740827803"
"G4500130",NA
"G4500150","0.498532060911563"
"G4500170","-2.36608180538071"
"G4500190","-0.0822602782431556"
"G4500210","1.89159935061416"
"G4500230","1.85877791182759"
"G4500250","0.547654354771199"
"G4500270","0.497792517294793"
"G4500290","-0.236421356347982"
"G4500310","-0.125617571963511"
"G4500330","-0.0429137917856512"
"G4500350","0.275836067002773"
"G4500370","0.0686003701911334"
"G4500390",NA
"G4500410","1.28335987083315"
"G4500430","1.83676614049958"
"G4500450","4.82268104437807"
"G4500490","-0.141111369783556"
"G4500510","-0.339791521036392"
"G4500530","5.28958787231065"
"G4500550","1.33937675352285"
"G4500570","6.80609577539778"
"G4500590",NA
"G4500610","-0.29743032552096"
"G4500630","2.87045325831781"
"G4500670","-0.814213817236366"
"G4500690","0.854026870031513"
"G4500710","-0.105784215480904"
"G4500730","0.156809601046181"
"G4500750","0.88430646789386"
"G4500790","1.37974509239107"
"G4500810","-0.173702897316159"
"G4500830","-1.00850812640028"
"G4500850","1.08677727387457"
"G4500890","1.86879688342079"
"G4500910","1.55292057759828"
"G4600030","1.31874430126891"
"G4600050","-1.3917641426123"
"G4600070","-0.411008236606032"
"G4600090","-1.95064707837832"
"G4600110","-0.326724017791692"
"G4600130","1.03719004297662"
"G4600150","-0.771624858803839"
"G4600170","0.505619422657927"
"G4600190","0.938669841170904"
"G4600210","-0.898445392837336"
"G4600230","-1.28810406825062"
"G4600250","-1.45700245228617"
"G4600270","-1.74226268506159"
"G4600290","4.63326493225624"
"G4600310","-0.557423778131469"
"G4600330","0.693575410805695"
"G4600350","3.11937974910753"
"G4600370","2.44501848301575"
"G4600390","1.66785963087004"
"G4600410","-1.14996686881141"
"G4600430","-1.42810427769287"
"G4600450","-1.81235883024753"
"G4600470","0.379651880146175"
"G4600490","-1.62965812975188"
"G4600510","0.402930724150495"
"G4600530","-1.34335317721059"
"G4600550","-0.498651963198478"
"G4600570","0.196456286613529"
"G4600590","-0.606798970127729"
"G4600610","-1.66188983628882"
"G4600630","-0.58910974811919"
"G4600650","1.45121912658189"
"G4600670","-2.76358721752386"
"G4600690","-1.61825209570181"
"G4600710","-0.0948898031647163"
"G4600730","-0.313208378366955"
"G4600750","-0.471342909095299"
"G4600770","-1.12535060380733"
"G4600790","-0.470289628204898"
"G4600810","-0.0726496282778408"
"G4600830","-1.81906940898992"
"G4600850","-0.00686242423012574"
"G4600870","-1.87626656806082"
"G4600890","-1.79407215386276"
"G4600910","11.8370481193171"
"G4600930","-0.12845179376131"
"G4600950","-0.0410510599424518"
"G4600970","-1.05978961648155"
"G4600990","-0.611613547111044"
"G4601010","0.431766503523341"
"G4601030","-0.516644719887077"
"G4601050","1.47452528316073"
"G4601070","-0.573743530843257"
"G4601090","1.93989566313446"
"G4601110","-8.55835862800188"
"G4601150","-2.62734594959431"
"G4601170","-0.433676411981705"
"G4601190","0.0845848382989816"
"G4601210","0.253106236091685"
"G4601230","-0.559819220040664"
"G4601250","-2.00874009218704"
"G4601270","-1.67281550221933"
"G4601290","-1.26730093032153"
"G4601350","-2.00462713695969"
"G4601370","-1.1711045416543"
"G4700030","-0.519840594965701"
"G4700050","0.845029713450559"
"G4700070","0.441469642576739"
"G4700090","0.333345807034983"
"G4700110","0.0997509152885732"
"G4700150","-0.33621190112186"
"G4700170","-0.284809232207785"
"G4700190","-5.63777668306873"
"G4700210","0.20001205992734"
"G4700230","1.66459476304016"
"G4700250","0.401018142348526"
"G4700270",NA
"G4700290","0.00076502753443092"
"G4700310","-0.412320520083989"
"G4700330","1.01691665917897"
"G4700350","-0.103341314547"
"G4700370","4.90174020325197"
"G4700390","1.04458822007284"
"G4700410","1.56536282995668"
"G4700430","-0.696838391841824"
"G4700450","0.57818234255947"
"G4700470","0.875464368105857"
"G4700490","0.66659863426515"
"G4700510","-0.418836567640527"
"G4700530","0.56490193916799"
"G4700550","0.093916253855227"
"G4700570","-0.196500421562007"
"G4700590","0.604965015133588"
"G4700610","-0.384575376475518"
"G4700630","1.94695295247046"
"G4700650","0.540654098817776"
"G4700690","0.657172639587037"
"G4700710","0.0534724261731103"
"G4700730","1.6552499823439"
"G4700750","0.584143486924066"
"G4700770","0.64311015015696"
"G4700790","-1.19705677111455"
"G4700810","-0.39544495878008"
"G4700850","-0.497786811262589"
"G4700870","0.00943625853684791"
"G4700890","0.721667159825312"
"G4700910","0.584679229536345"
"G4700930",NA
"G4700950","4.43199647291658"
"G4700970","1.37562745354462"
"G4700990","-0.159401504653914"
"G4701030","0.115000516913881"
"G4701050","-0.281414880063816"
"G4701070","1.38836240034908"
"G4701090","1.00969369552717"
"G4701110","0.971303697352516"
"G4701130","-0.670816990560847"
"G4701150","0.112852799007978"
"G4701170","-0.542279476634837"
"G4701190","-1.01873857512531"
"G4701210","0.382099705994004"
"G4701230","0.3887526268659"
"G4701250","0.626430743162929"
"G4701270","1.36584983723721"
"G4701310","1.46745892541222"
"G4701330","0.596868569299323"
"G4701350","-0.142531446284741"
"G4701370",NA
"G4701390","0.00988352088078094"
"G4701410","0.607188037123484"
"G4701430","-0.785547403481706"
"G4701470","-1.11182712446374"
"G4701490","-0.299926539381717"
"G4701530","-0.2269604000728"
"G4701550",NA
"G4701570","1.2745417750531"
"G4701590","1.18563530352843"
"G4701610","0.193764217019832"
"G4701630","0.339670902281631"
"G4701650","1.17406104133675"
"G4701670","0.894976448782547"
"G4701690","-0.468402133951623"
"G4701750",NA
"G4701770","-0.0112950677289623"
"G4701790","0.50340789585176"
"G4701810","0.351091070375128"
"G4701830","-0.792843264925455"
"G4701850","0.482686022737919"
"G4701870","0.0538074009476504"
"G4701890","2.37380325627521"
"G4800010","-0.325027692102438"
"G4800030","-0.375994906622861"
"G4800050",NA
"G4800090","0.172669323174396"
"G4800110","-4.34306505447341"
"G4800130","-1.72928658523022"
"G4800150","-0.73431430718077"
"G4800170","1.63024069179646"
"G4800210","-1.20228983757152"
"G4800230","0.191114607193192"
"G4800250","-0.475496534189127"
"G4800270","-0.303069857547067"
"G4800290","-0.0219431118506736"
"G4800350","-0.252916087729903"
"G4800370","-0.340893791165868"
"G4800390","0.787579036562875"
"G4800410","-2.2863543558046"
"G4800450","3.97814492845612"
"G4800490","0.145146178161733"
"G4800510","0.700080793915117"
"G4800550","-1.260864423896"
"G4800570","-0.499682019144672"
"G4800590","0.144064565214957"
"G4800610","-0.66012162012166"
"G4800630",NA
"G4800650","-1.89310795651723"
"G4800690","-0.922096350070942"
"G4800710","-2.13056963514521"
"G4800750","0.175026544030461"
"G4800770","0.202222270249463"
"G4800790","-2.84890887890184"
"G4800810","0.251098393674871"
"G4800830","0.146354905016602"
"G4800850","-0.328127337053925"
"G4800870","0.173377511960151"
"G4800890","-0.280536597229857"
"G4800910","-0.449897460646864"
"G4800930","5.43646169211504"
"G4800950","0.150970499266905"
"G4800970","-0.937773133687402"
"G4800990","-0.173408876686294"
"G4801010","0.393273172223643"
"G4801070","-3.58375092014098"
"G4801090","-0.921127390456667"
"G4801110","-0.604641068740412"
"G4801130","-0.231895616095738"
"G4801150","0.11998141686133"
"G4801170","-1.44873928716082"
"G4801190","0.607513139956597"
"G4801210","0.297168679081044"
"G4801230","-1.48061519307422"
"G4801250","0.172060249585576"
"G4801270",NA
"G4801290","-0.707019690549308"
"G4801310",NA
"G4801330","3.86091579594439"
"G4801370","0.109723161203299"
"G4801390","-0.561402415039876"
"G4801410","19.8622225674633"
"G4801430","4.21288586771319"
"G4801450","-0.341008263035333"
"G4801470","-0.47812749651004"
"G4801490","-1.28729183943677"
"G4801510","0.324087633207042"
"G4801530","-1.25716497801081"
"G4801550","0.189501902472492"
"G4801570","-1.13054861329888"
"G4801590","-0.0754091281230578"
"G4801630","0.0773308652235328"
"G4801650","2.99966612142549"
"G4801690","-0.340185670628994"
"G4801710","-0.178028952844515"
"G4801750","-1.4414315977252"
"G4801770","-1.50992934889757"
"G4801790","-0.340693982578848"
"G4801810","-0.694690711285008"
"G4801850","-11.9676264489153"
"G4801870","-0.941301012230682"
"G4801890","-0.756445941657288"
"G4801910","0.194481462974902"
"G4801930","-1.41232227785636"
"G4801950","1.25513719544698"
"G4801970","0.16174515954771"
"G4802010","-6.25761810839302"
"G4802050","-0.542104377839962"
"G4802070","0.235295719506782"
"G4802090","-0.57243912372244"
"G4802110","0.171299768059715"
"G4802130","-0.325499841723761"
"G4802150","0.164868934289192"
"G4802170","-0.578705649694261"
"G4802190","1.7530851472426"
"G4802210","0.176563786671624"
"G4802230","10.7010157482864"
"G4802250","-1.29384870505963"
"G4802270","-0.896151539949033"
"G4802290",NA
"G4802310","-0.584593457888334"
"G4802330","-0.482828087423775"
"G4802350","0.166450528262641"
"G4802370","-0.33633917406431"
"G4802390","-0.641643976189793"
"G4802490","-0.316732769967099"
"G4802510","-0.869003526508829"
"G4802530","0.264008517929941"
"G4802550","-0.422861398942402"
"G4802570","-0.317519879584263"
"G4802630","-0.330447795694972"
"G4802670","-0.0351335736255746"
"G4802710","0.106825393427863"
"G4802730","-10.5749605378729"
"G4802750","0.209502221801205"
"G4802770","-0.407100115640298"
"G4802790","-0.81618082551333"
"G4802810","1.34927909908843"
"G4802830","-0.326814041163118"
"G4802850","-0.534862809177159"
"G4802870","-0.747071793615961"
"G4802910","-0.498884449772529"
"G4802930","0.103897307045074"
"G4802950","-0.31676845594386"
"G4802970","-0.0869395184829831"
"G4802990","0.117242235272412"
"G4803030","2.84922195041765"
"G4803050","0.141077699391397"
"G4803070","-0.256609731850941"
"G4803090","-0.324184891816515"
"G4803170","-0.582413077180644"
"G4803190","0.139312414816312"
"G4803210","-0.385370652134588"
"G4803250","0.136795195355597"
"G4803270","-0.207081661791433"
"G4803290","0.438368965669752"
"G4803310","-0.660598025194028"
"G4803330",NA
"G4803350","0.473663282012981"
"G4803370","0.208142044302977"
"G4803410","-1.03251948469032"
"G4803450","-0.319755955795731"
"G4803490","-0.342080595269769"
"G4803530","0.359776926963679"
"G4803550","-0.444615880920391"
"G4803570","-0.957310550784437"
"G4803590","0.805471865238648"
"G4803630","-0.22991920054879"
"G4803670","0.19377885798575"
"G4803690","-0.800412255668152"
"G4803710","-0.429760124283761"
"G4803750","0.510219237738006"
"G4803810","-0.969816671132891"
"G4803830","-0.664467438944478"
"G4803870","0.827482623648901"
"G4803890","-0.071000459167889"
"G4803910","-3.14458298877484"
"G4803930",NA
"G4803950","-1.12757118072379"
"G4803970","-9.46048013083493"
"G4803990","0.0744774849685974"
"G4804010",NA
"G4804090","-0.85808034820667"
"G4804110","0.145296553125734"
"G4804130","0.145879785226138"
"G4804150","0.320655072105902"
"G4804170","0.15232697004735"
"G4804210","-0.971665969950807"
"G4804270","1.26239125836697"
"G4804290","-0.211175349373706"
"G4804310","0.407803615520724"
"G4804330","0.228346684405851"
"G4804350","-0.206194757152493"
"G4804370","-1.40164758763755"
"G4804390","0.519856260061955"
"G4804410","0.229825616604627"
"G4804450","-5.73386214999967"
"G4804470","0.16278009688836"
"G4804510","-0.196962181411272"
"G4804530","-0.410716772688729"
"G4804590",NA
"G4804610","0.398080410959375"
"G4804630","0.0164835249248129"
"G4804670",NA
"G4804690","-0.24312637201969"
"G4804710","-4.23523987475283"
"G4804730","-1.10726095451291"
"G4804770","36.4556199607879"
"G4804810","-0.771714097882521"
"G4804830","-0.753747354503292"
"G4804850","-1.9402454440946"
"G4804870","-2.47423843557035"
"G4804890","-9.77398865896734"
"G4804910","-0.74819730706011"
"G4804930","0.175563030509391"
"G4804950","-0.829620802663157"
"G4804970","0.947614589566473"
"G4804990","0.107187938825596"
"G4805010","-0.0016989661468986"
"G4805030","0.156802023781663"
"G4805070","0.172819227619"
"G4900010","1.35058175971392"
"G4900030","-0.172259921371187"
"G4900050","-0.445637952066414"
"G4900070",NA
"G4900110","-0.0646966577464247"
"G4900130","0.110525634413314"
"G4900150","-0.579290628471567"
"G4900210","-8.83699420373464"
"G4900230","-0.466623680080189"
"G4900270","-0.222692160510823"
"G4900310",NA
"G4900390","1.34542407010793"
"G4900410","-2.01717878509128"
"G4900450",NA
"G4900470","-0.626476374649928"
"G4900490","-0.278600825987158"
"G4900570","-0.200997307412658"
"G5100010","-0.0633808016233921"
"G5100030","14.9692397552894"
"G5100050",NA
"G5100070","-4.75021572584089"
"G5100090",NA
"G5100110","6.11591601039878"
"G5100150","26.0617731407797"
"G5100170","-631.379173187111"
"G5100190","-1.73495735435032"
"G5100210","-1.9421765078125"
"G5100230","-25.8453165318236"
"G5100250","3.34425729087198"
"G5100290","10.627140283842"
"G5100310","0.5980232213296"
"G5100330","-5.29397971681151"
"G5100350","-1.51095835546711"
"G5100360","-4.22843835317826"
"G5100370","1.07830470335108"
"G5100410","2.62799076461344"
"G5100430","-4.43717332293336"
"G5100450",NA
"G5100470","-0.622687284363268"
"G5100490","-2.7484821834762"
"G5100530","-3.14077574857094"
"G5100570","-6.3924440789274"
"G5100610","-1.21193343634482"
"G5100630","-3.19949995266963"
"G5100650","-9.15048335981642"
"G5100670","-1.13463326177549"
"G5100690","-0.238668961784248"
"G5100730","-0.276457641496404"
"G5100750","-0.193135791944083"
"G5100770","1.0997069196596"
"G5100790","8.79274996183445"
"G5100810","-1.84860680613471"
"G5100830","3.72946733253417"
"G5100850","-3.00621141272301"
"G5100870","11.8083191324625"
"G5100890",NA
"G5100930","-0.0128176255855775"
"G5100950","6.66589916192193"
"G5100970","-4.6681130909062"
"G5100990","-1.1841593103038"
"G5101010","-5.32166482434249"
"G5101030","-5.81732960012702"
"G5101050","0.960323135792543"
"G5101070","-2.24881158894296"
"G5101090","-2.33248680537092"
"G5101110","5.07196699716281"
"G5101130","2.5595161926932"
"G5101150","0.594633884917799"
"G5101170","0.0173046010379343"
"G5101190","-3.27068801260987"
"G5101210","-0.6139167224068"
"G5101250","2.55288179462559"
"G5101270","-0.525698519840013"
"G5101310","-11.2043360552153"
"G5101330","-4.69486754295449"
"G5101350","-3.42157722781368"
"G5101370","0.390414634932183"
"G5101390","4.08952777903402"
"G5101410","-0.746612111079252"
"G5101430","-0.0622542781846499"
"G5101450","-3.45902469952482"
"G5101470","2.07409293073862"
"G5101490","-5.1785431249241"
"G5101530","-1.57172655652999"
"G5101550","-7.91745825951553"
"G5101570","-1.58000846372984"
"G5101590","-5.93137331152064"
"G5101610",NA
"G5101630","-116.558774846773"
"G5101650","1.6350212446448"
"G5101670",NA
"G5101690","-0.362326335905633"
"G5101710","-1.18125436216326"
"G5101730","-0.991893098570676"
"G5101750","-1.93896263558796"
"G5101770","-2.87370356510475"
"G5101790","-1.91211328605286"
"G5101810","-0.892326236775075"
"G5101830","-0.322974842135765"
"G5101850","-1.77692387485485"
"G5101870",NA
"G5101910","1.28378904855408"
"G5101930","-9.21722365698244"
"G5101970","2.44805605051566"
"G5105500","0.710339063417844"
"G5108000","-0.422916670633371"
"G5108100","1.85614361834048"
"G5300010",NA
"G5300050",NA
"G5300110","-4.52128772555455"
"G5300210","-0.255512791330644"
"G5300250","-0.621940432818616"
"G5300330","-17.7076885891807"
"G5300410",NA
"G5300570","-17.8357462631523"
"G5300610","-29.0809581944115"
"G5300730","-14.7355103275923"
"G5300770","-0.818377555598319"
"G5400030","-4.67567352484576"
"G5400230",NA
"G5400250",NA
"G5400270","-1.91928946184044"
"G5400310","-2.48202931609221"
"G5400350",NA
"G5400370","-5.51917120905356"
"G5400530","0.428322421355531"
"G5400570","1.51039073593552"
"G5400630",NA
"G5400650","0.369886549043228"
"G5400710","2633.85648745267"
"G5400750",NA
"G5400770","15.3741351320933"
"G5400830",NA
"G5401070",NA
"G5500010","-2.31325190576776"
"G5500030","-2442.58089486093"
"G5500050","-0.03391393320238"
"G5500070","-1.98445665362096"
"G5500090","2.02149732952909"
"G5500110","0.105784481473896"
"G5500130","-0.932780193306163"
"G5500150","4.63395946635649"
"G5500170","-0.091757015029685"
"G5500190","0.0497820361588414"
"G5500210","-3.49156425030432"
"G5500230","-1.18182327961663"
"G5500250","-3.49243439678025"
"G5500270","-1.49979224210424"
"G5500290","-7.94304708919729"
"G5500330","-0.0505188146800077"
"G5500350","-0.408712996393548"
"G5500390","-5.8754460533228"
"G5500430","-3.7615705417944"
"G5500450","-3.00563144308404"
"G5500470","-4.32138980584904"
"G5500490","-4.85003921125006"
"G5500530","-1.35634541981148"
"G5500550","-1.5445049174603"
"G5500570","-2.99458253667524"
"G5500590","-1.89337489672007"
"G5500610","-1.24683754036532"
"G5500630","-0.703052294290637"
"G5500650","-3.56011229185572"
"G5500670","-1.24881130266625"
"G5500690","-0.471738304765804"
"G5500710","-0.59981080466941"
"G5500730","-0.0836123492525245"
"G5500750","-0.593253997239651"
"G5500770","-4.77906098681488"
"G5500790","3.12420057607265"
"G5500810","-1.10749101776249"
"G5500830","-1.29958990896505"
"G5500870","4.35755624471567"
"G5500890","4.3639834032369"
"G5500910","-0.194730013035664"
"G5500930","-0.105884977663064"
"G5500950","-0.468310610494767"
"G5500970","-0.653313845578735"
"G5500990","1.03582963378918"
"G5501010","-2.22742421888557"
"G5501030","-2.24767971298747"
"G5501050","-1.93029521981644"
"G5501070","-0.0845388335138795"
"G5501090","-0.335392784624354"
"G5501110","-2.25130865587591"
"G5501130","0.342581805359489"
"G5501150","-1.7540389642523"
"G5501170","-1.90134690414119"
"G5501190","1.03276298327572"
"G5501210","-1.04179007652237"
"G5501230","-1.26227993760546"
"G5501270","-2.08179186388421"
"G5501290","0.23516332517262"
"G5501310","-2.340420612964"
"G5501330","-2.1573126525936"
"G5501350","-1.63313517737526"
"G5501370","-2.92980316554196"
"G5501390","-5.78841304995003"
"G5501410","-0.288520747000998"
"G5600030","0.198515954494981"
"G5600050","-0.349007368819629"
"G5600090","0.514138910007447"
"G5600130","1.57703452781644"
"G5600150","-0.155061554615713"
"G5600170",NA
"G5600190",NA
"G5600210","-0.0735105605836228"
"G5600270","-0.510249639259388"
"G5600290","0.0026179075187176"
"G5600310","0.0586087096480257"
"G5600330","0.0720859121342824"
"G5600430","0.00277730713305119"
