"countyID","coeff_r_25_p_13"
"G0100010","-1.30463715038787"
"G0100030","-0.719705389366008"
"G0100050","0.426481516134999"
"G0100090","-0.28401045485805"
"G0100110","2.83248624825324"
"G0100130","1.56770400676183"
"G0100150","0.558436137451115"
"G0100190","-0.378603964688118"
"G0100210",NA
"G0100290",NA
"G0100310","0.999141518543706"
"G0100330","-0.145935509740896"
"G0100350","0.014085537705283"
"G0100390","-0.0243989982085262"
"G0100410","-1.08392959281566"
"G0100430","-0.209164003226306"
"G0100450","0.383745085815806"
"G0100470","-0.229781984783426"
"G0100490","0.0780642699227274"
"G0100510","2.02720803626642"
"G0100530","-0.542257694459868"
"G0100550","0.190001405256353"
"G0100570","-0.0801374504975102"
"G0100590","4.27257113573427"
"G0100610","1.05255391057593"
"G0100630","618.818810010108"
"G0100650","-1.78355487554665"
"G0100670","0.955426368014156"
"G0100690","0.221244911313003"
"G0100710","0.237634212617442"
"G0100750","-0.219214322922617"
"G0100770","0.556904987753229"
"G0100790","0.0610322492063181"
"G0100830","0.530039375245056"
"G0100850","1.09633781488826"
"G0100870","0.359886631628971"
"G0100890","0.486510274358577"
"G0100910","5.06667186509397"
"G0100930","1.02886349015056"
"G0100950","-0.0988335477264085"
"G0100970","7.18414312138941"
"G0100990","-0.155034554524144"
"G0101010","3.55432536876153"
"G0101030","0.0946685719700584"
"G0101050","1.39617482009063"
"G0101070","-0.517560315002346"
"G0101090","0.293981545529174"
"G0101110","0.416191179098967"
"G0101130","-1.13727754347566"
"G0101170","0.0397027016490313"
"G0101190","0.66792023142521"
"G0101210","0.116118011111717"
"G0101230",NA
"G0101250","0.0295990565014814"
"G0101270",NA
"G0101290","1.93247326367614"
"G0101310","3.15874014489172"
"G0400030","0.799008450481143"
"G0400090","0.593646773685955"
"G0400120","0.129834857291335"
"G0400130","0.00361319829620142"
"G0400210","0.308886903356728"
"G0400270",NA
"G0500010","-1.2086415207309"
"G0500030","-0.527719970061254"
"G0500170","0.101304051823123"
"G0500190",NA
"G0500210","-0.481694905796638"
"G0500290","-0.980253073360407"
"G0500310","-0.411879652756647"
"G0500330","-1.29780591339293"
"G0500350","-0.778599414890972"
"G0500370","-6.49166068113803"
"G0500410","0.15543744422276"
"G0500430","-2.29255340319226"
"G0500450","1.25521349327817"
"G0500470","4.43278321884621"
"G0500550","-1.38749267200088"
"G0500630","-0.607495058778255"
"G0500670","-0.183772053371245"
"G0500690","0.0363690786306473"
"G0500710","0.491939557243031"
"G0500730","0.177832704597299"
"G0500750","0.285409871657318"
"G0500770","-0.116835852967072"
"G0500790","-2.66715438553975"
"G0500810","1.32816454607446"
"G0500830","0.0210274866357105"
"G0500850","0.0972714777246632"
"G0500910","-0.665166067117911"
"G0500930","-1.23714371110789"
"G0500950","0.0425824519559555"
"G0501050","-0.266696116449139"
"G0501070","-0.258812395765782"
"G0501110","-3.07683723037157"
"G0501150","0.338191547014135"
"G0501170","-0.0849536383243277"
"G0501190","-1.10709253163063"
"G0501210","-1.13191325383855"
"G0501230","-5.69305319850065"
"G0501310","0.309501591102692"
"G0501450","0.316967444827862"
"G0501470","0.0610996508715602"
"G0501490","0.984825427528851"
"G0600070","74.316435537869"
"G0600110","-0.797870177023977"
"G0600130",NA
"G0600190","0.366747716626545"
"G0600210","-0.793119685452337"
"G0600230",NA
"G0600250","-2.1664438502259"
"G0600290","2.40514546624178"
"G0600310","0.296839535909769"
"G0600390","-0.727885833408206"
"G0600470","-0.749905413217968"
"G0600610",NA
"G0600650","-0.540052569057152"
"G0600670","-0.776738418302239"
"G0600710","-0.393924223671729"
"G0600770","-0.451552608857554"
"G0600830",NA
"G0600950","-1.08027957685239"
"G0600990","-0.725575515198874"
"G0601010","-0.715325932293193"
"G0601030","0.553003417724245"
"G0601070","-0.257402005689691"
"G0601130","-0.78382039109705"
"G0601150","-9.46015175315383"
"G0800010","0.246621616616796"
"G0800050",NA
"G0800090","0.52662805748547"
"G0800110","-0.338870335465826"
"G0800130","0.5103469855899"
"G0800170","-0.349120068813923"
"G0800250",NA
"G0800290","0.276109695293101"
"G0800390","0.442830869545443"
"G0800410",NA
"G0800550",NA
"G0800610","-0.0323426928287691"
"G0800630","-0.415527372797934"
"G0800670",NA
"G0800690","-0.65403779559491"
"G0800710",NA
"G0800730","-0.141547732379862"
"G0800750","-0.533293916272835"
"G0800770","-0.879519163873503"
"G0800830","22.6169673477392"
"G0800850","0.238347316244565"
"G0800870","-0.260284843190396"
"G0800890","-0.169446312880834"
"G0800950","-0.408997498594244"
"G0800990","0.213034560908915"
"G0801010","-0.134923610689047"
"G0801150","-0.410529824486834"
"G0801210","-0.215502565383293"
"G0801230","-0.755436679194829"
"G0801250","-0.15964355745802"
"G1000010","-0.403784722563305"
"G1000030","-0.403016899798743"
"G1000050","0.307585875740235"
"G1200010",NA
"G1200130",NA
"G1200230","2.84089530558955"
"G1200290",NA
"G1200330","0.452183563716989"
"G1200390","-1.25183839659694"
"G1200410",NA
"G1200470","-1.38016945317136"
"G1200590","-0.251240759181298"
"G1200630","-0.644969017372632"
"G1200650","-2.50038741346342"
"G1200670",NA
"G1200730",NA
"G1200750",NA
"G1200790","0.171286136161155"
"G1200910","-1.39651095482742"
"G1201070",NA
"G1201090",NA
"G1201130","-3.03189102711404"
"G1201210","0.564683575390883"
"G1201310","-0.00383938812089364"
"G1201330","-0.600858015242851"
"G1300010","0.182295479298587"
"G1300030","-0.0634652832198134"
"G1300050","-0.562350290805721"
"G1300070","-0.126785811414227"
"G1300150","0.227804854175605"
"G1300170","0.450272381747812"
"G1300190","-0.513436470112842"
"G1300210","0.401260149912909"
"G1300230","0.392248633312668"
"G1300250","0.182538143045672"
"G1300270","2.88400805268983"
"G1300290","2.12149003703039"
"G1300310","1.14329238469101"
"G1300330","0.0328997426175849"
"G1300370","0.14238984552366"
"G1300430","0.69039553308331"
"G1300450",NA
"G1300550","0.283013091264538"
"G1300610","0.368761689673468"
"G1300650","-1.43900847061643"
"G1300690","0.289196077992192"
"G1300710","0.119159335562379"
"G1300750","-0.0904909801818895"
"G1300770","-0.457441201059382"
"G1300810","2.66151722831537"
"G1300850",NA
"G1300870","0.391124218568477"
"G1300910","-0.111989658741271"
"G1300930","1.28282080180548"
"G1300950","-0.2150266215802"
"G1300990","0.225627881326078"
"G1301010","-0.443934019433094"
"G1301030","0.544348514447914"
"G1301050","0.115483122975732"
"G1301070","0.370956724160048"
"G1301090","-0.287574744168101"
"G1301150","-0.187305000374229"
"G1301190","1.61212804352597"
"G1301250","-0.196234383875102"
"G1301290","-0.8519126380099"
"G1301310","0.866457793884164"
"G1301330",NA
"G1301370",NA
"G1301390","-0.799420909178517"
"G1301470","0.327717817248887"
"G1301490","1.47165169279779"
"G1301510","-5.16844048862504"
"G1301530","0.340328499630028"
"G1301550","-0.0253014953190872"
"G1301570","0.316229858004393"
"G1301590",NA
"G1301610","0.486010272776086"
"G1301630","-0.0701411567286196"
"G1301650","0.0982862449368125"
"G1301670","1.20064793431524"
"G1301710","-1.56235150314592"
"G1301730","-1.38380868953718"
"G1301750","0.305111058080886"
"G1301770","1.47856901912534"
"G1301830","0.803009074660757"
"G1301850","1.62154927903353"
"G1301870",NA
"G1301890",NA
"G1301930","0.0662889416253453"
"G1301950","0.17776185540133"
"G1301970","1.45534661105517"
"G1301990","0.356680429324973"
"G1302010","0.255259328447216"
"G1302050","-0.166523374772012"
"G1302070","0.362294798975651"
"G1302090","0.208272064660111"
"G1302110","0.254258590239489"
"G1302130","-0.198974220889253"
"G1302170","0.645021788224861"
"G1302190","0.458816245778529"
"G1302210","0.316226725202826"
"G1302250","0.100154917888618"
"G1302290","1.19828799618789"
"G1302310","0.334183191930878"
"G1302330","-0.223013318426883"
"G1302350","0.64946914862725"
"G1302370",NA
"G1302430","1.39245418248515"
"G1302490","-1.02011445304844"
"G1302510","-0.0821522060444787"
"G1302530","0.16899493561099"
"G1302590","-1.54242082103959"
"G1302610","0.260834848302437"
"G1302670","0.104160023800502"
"G1302690","-1.01395723250057"
"G1302710","-0.107249120736446"
"G1302730","-0.157482842434504"
"G1302750","-1.06911270683642"
"G1302770","0.43793806344161"
"G1302790","0.00671580199121231"
"G1302830","1.39018169795869"
"G1302870","0.433196440007664"
"G1302890","-0.697838049807067"
"G1302910","0.587725509331887"
"G1302930","0.663646498186246"
"G1302950","2.13569412520624"
"G1302970","0.452712836595993"
"G1302990","0.479989675657357"
"G1303010","0.399561266704756"
"G1303030","0.340855817048681"
"G1303050","-0.204002585249032"
"G1303070","-0.124518622989441"
"G1303090","2.02545220339029"
"G1303110","-0.0557470943471448"
"G1303130","1.85586005458169"
"G1303150","1.12485526648777"
"G1303170","0.376599524184778"
"G1303190","0.513228311152873"
"G1303210","0.29730149826546"
"G1600010","0.0789269701915946"
"G1600110",NA
"G1600190","0.849922333981272"
"G1600270","-0.257762023674019"
"G1600310","0.6412090125142"
"G1600390","0.0919191253592323"
"G1600410","-1.59997847703501"
"G1600430",NA
"G1600450","-0.335806462862979"
"G1600470","-0.231457898312924"
"G1600510","-2.91846604230495"
"G1600530","-0.440178664391892"
"G1600630","-0.113318110217591"
"G1600670","-0.802103197496704"
"G1600710",NA
"G1600730","-0.26911969501108"
"G1600750","-0.185273743713757"
"G1600770","-0.884380192759766"
"G1600830","-0.057256052072327"
"G1600870","-4.03933854706819"
"G1700010","-0.739356993063481"
"G1700030","1.15999486716379"
"G1700050","-3.69324342392254"
"G1700070","-0.483541659996509"
"G1700090","0.347549957172726"
"G1700110","-0.0327408389631659"
"G1700130","-0.0722007404408969"
"G1700150","-0.0788173634769144"
"G1700170","0.138974666437261"
"G1700190","-0.726114442369406"
"G1700210","2.1548200024781"
"G1700230","-7.02619794278708"
"G1700250","-4.08917435655989"
"G1700270","-3.1292992262461"
"G1700290","-0.558853985491497"
"G1700310","0.126477277322595"
"G1700330","-2.58402004933613"
"G1700350","-2.62011409299249"
"G1700370","0.225057465494789"
"G1700390","0.523675695556358"
"G1700410","-0.361713105330241"
"G1700430","0.516349781172791"
"G1700450","0.91531154397277"
"G1700470","-3.65292989575772"
"G1700490","-3.91450917663515"
"G1700510","-4.47828924397253"
"G1700530","0.421086883658604"
"G1700550","-0.778971918348752"
"G1700570","0.170181077438269"
"G1700590","-0.868236476597923"
"G1700610","-0.695181263058767"
"G1700630","0.256048323709127"
"G1700650","-3.03253563816996"
"G1700670","0.726965616382299"
"G1700690","6.10657130943663"
"G1700710","0.331204303881521"
"G1700730","-0.166286696077661"
"G1700750","1.44654311665668"
"G1700770","0.0927861996339187"
"G1700790","-3.13659227310943"
"G1700810","-3.01352901948027"
"G1700830","-0.820715549431199"
"G1700850","-0.0150012476539104"
"G1700870","-0.476869008723649"
"G1700890","0.0795376463045193"
"G1700910","-0.697962199372182"
"G1700930","-0.00636617951333813"
"G1700950","-0.130306478989068"
"G1700970","1.38877735542863"
"G1700990","0.0789925303538635"
"G1701010","-6.06184248034297"
"G1701030","-0.0495043659035944"
"G1701050","-0.0444266879753486"
"G1701070","0.22803396474141"
"G1701090","0.404129125373643"
"G1701110","0.0168213542981228"
"G1701130","0.519147313454774"
"G1701150","0.568858718633014"
"G1701170","0.809984248527982"
"G1701190","-1.014570231768"
"G1701210","-4.47120690982853"
"G1701230","0.0993469506392145"
"G1701250","0.141592166340469"
"G1701270","-1.06340358595801"
"G1701290","-0.00103794173339677"
"G1701310","0.292744206193553"
"G1701330","0.192674253549385"
"G1701350","0.00143888130667402"
"G1701370","0.266908461920898"
"G1701390","0.170667433136193"
"G1701410","-0.0302120234671407"
"G1701430","-0.0940441212921136"
"G1701450","-2.58575067093248"
"G1701470","0.92190788172034"
"G1701490","0.0555370399421911"
"G1701510","6.98178241461909"
"G1701530","-0.179144979875533"
"G1701550","-0.225076613263303"
"G1701570","-4.65080697466347"
"G1701590","-3.0520647641027"
"G1701610","-0.326764292156301"
"G1701630","-1.01877397295536"
"G1701650","-1.0776275151774"
"G1701670","1.13908485218013"
"G1701690","-0.393597021388169"
"G1701710","0.373694334804839"
"G1701730","-1.47926347697966"
"G1701750","-0.0492784084459877"
"G1701770","-0.271110311823583"
"G1701790","0.0666527964241034"
"G1701810","0.689305547669789"
"G1701830","-0.365876536696866"
"G1701850","-2.31358647397019"
"G1701870","0.210236297901722"
"G1701890","-3.36393594202202"
"G1701910","-1.52645990841239"
"G1701930","-2.09042663543525"
"G1701950","-0.213093186717659"
"G1701970","-0.138929881272851"
"G1701990","-1.27749160308762"
"G1702010","-0.20232207608132"
"G1702030","0.0491853298568978"
"G1800010","-0.615182908299451"
"G1800030","1.32006349018048"
"G1800050","-1.84803758646767"
"G1800070","-2.29411993714277"
"G1800090","-1.99499691241664"
"G1800110","-1.05174694941672"
"G1800130","9.53169467267127"
"G1800150","-0.327423390702317"
"G1800170","0.968241930860078"
"G1800190","-0.40826667595777"
"G1800210","-2.55699235402963"
"G1800230","-0.262660427362272"
"G1800250","-6.9949460653078"
"G1800270","-2.67633953359313"
"G1800290","-0.890459006936769"
"G1800310","-2.29297245789311"
"G1800330","1.71354742801799"
"G1800350","-1.40701823778491"
"G1800370","-3.23251063651108"
"G1800390","1.51208079314586"
"G1800410","-3.28539854164047"
"G1800430","10.5927451711157"
"G1800450","-1.97695692817571"
"G1800470","-2.29046410582941"
"G1800490","-0.452254188772959"
"G1800510","-2.33154736638759"
"G1800530","4.78893652722616"
"G1800550","-6.56323083073937"
"G1800570","0.823005207581847"
"G1800590","-2.35408200738479"
"G1800610","-2.33495160717825"
"G1800630","-3.03054014840859"
"G1800650","-2.52727795268016"
"G1800670","-5.0317744148051"
"G1800690","-0.087538706815451"
"G1800710","-1.02459268529221"
"G1800730","-0.44791836899829"
"G1800750","-4.16504139356211"
"G1800770","-2.29427560785169"
"G1800790","-0.941255753745282"
"G1800810","-2.89057267310897"
"G1800830","-1.89113209324614"
"G1800850","-0.526352667284768"
"G1800870","-0.35400253388874"
"G1800890","-1.48435177767987"
"G1800910","-0.982339321727043"
"G1800930","-3.31406058897492"
"G1800950","-0.950017022400808"
"G1800970","-3.63618026311516"
"G1800990","-0.647832149955323"
"G1801010","-0.762622024724043"
"G1801030","1.21272148717368"
"G1801050","-3.30346508000637"
"G1801070","-1.84431050582139"
"G1801090","-4.62121470167968"
"G1801110","-2.22890470552648"
"G1801130","0.245943117378802"
"G1801150","-6.57538928257268"
"G1801170","-4.91518226437137"
"G1801190","-3.48798978814997"
"G1801210","-3.04122095775687"
"G1801230","-3.26561556420859"
"G1801250","3.30664342417653"
"G1801270","-0.920783423054173"
"G1801290","-1.81074612519818"
"G1801310","-1.51125782192307"
"G1801330","-2.47019435242213"
"G1801350","-2.61718370866261"
"G1801370","-1.21130744866224"
"G1801390","-3.04115543440549"
"G1801410","-0.519881678624301"
"G1801430","0.218360768770282"
"G1801450","-2.88760924918884"
"G1801470","-1.27865758617479"
"G1801490","-0.285530211734801"
"G1801510","-1.66194237175438"
"G1801530","-0.820724152011502"
"G1801550","-1.76668327266516"
"G1801570","-1.08450217216414"
"G1801590","0.644200866917198"
"G1801610","-3.43541753551757"
"G1801630","-2.49428834128022"
"G1801650","-1.87103924234055"
"G1801670","1.4130277712194"
"G1801690","7.74400498261106"
"G1801710","-1.37838284063984"
"G1801730","-3.0399950037428"
"G1801750","-1.56971482342279"
"G1801770","-3.08023588678347"
"G1801790","-6.50483770126969"
"G1801810","-1.70670491772939"
"G1801830","1.8946614097741"
"G1900010","-0.107968722786354"
"G1900030","0.0203087398830591"
"G1900050","-0.254674472600892"
"G1900070","0.6296252013794"
"G1900090","-0.273399607982347"
"G1900110","-0.407407293381751"
"G1900130","-0.463919812571293"
"G1900150","-0.104148446515868"
"G1900170","-0.40792201940538"
"G1900190","-0.595007918940101"
"G1900210","-0.27213578711487"
"G1900230","-0.362652633097278"
"G1900250","-0.240803041770672"
"G1900270","-0.418211479381634"
"G1900290","-0.259448907860162"
"G1900310","-0.273846499753133"
"G1900330","-0.157411756588504"
"G1900350","-0.204320052389422"
"G1900370","-0.310398786908252"
"G1900390","0.979941433586111"
"G1900410","-0.122006384304496"
"G1900430","-0.0584903789081194"
"G1900450","-0.170994273910285"
"G1900470","-0.838507969245882"
"G1900490","0.143138036775894"
"G1900510","0.773399243608173"
"G1900530","0.774222314670595"
"G1900550","-0.426988076939747"
"G1900570","0.740748515477769"
"G1900590","-0.139845909131171"
"G1900610","0.399813505184184"
"G1900630","-0.0786857600339685"
"G1900650","0.194553314861946"
"G1900670","-0.287248947370785"
"G1900690","0.0231286981759759"
"G1900710","0.315209006762882"
"G1900730","-0.249938285188601"
"G1900750","0.0663713824431708"
"G1900770","-0.333972455869757"
"G1900790","-0.326248641183599"
"G1900810","-0.128169878495874"
"G1900830","-0.213853525938816"
"G1900850","-0.397483504890251"
"G1900870","0.9047374289125"
"G1900890","-0.52512411929929"
"G1900910","-0.0502168180470901"
"G1900930","-0.621003740568036"
"G1900950","0.0107061153414649"
"G1900970","-0.10418511507404"
"G1900990","0.138259625437811"
"G1901010","0.822190110829698"
"G1901030","0.050094516426083"
"G1901050","-0.134111508724157"
"G1901070","0.535142662091333"
"G1901090","-0.114366217288111"
"G1901110","0.447952338510874"
"G1901130","-0.621391913734993"
"G1901150","0.539154200890734"
"G1901170","0.927065131520986"
"G1901190","-0.237543276763597"
"G1901210","0.243614178303545"
"G1901230","0.447676866903201"
"G1901250","0.464241969862593"
"G1901270","-0.045654492342414"
"G1901290","0.0652739076991486"
"G1901310","-0.322262933936883"
"G1901330","-0.595306301037045"
"G1901350","0.81292901360108"
"G1901370","-0.439939546575609"
"G1901390","0.172771787809148"
"G1901410","-0.169311710340568"
"G1901430","-0.143409632933984"
"G1901450","0.518148439342983"
"G1901470","0.0168156206422797"
"G1901490","-0.283691302188903"
"G1901510","-0.0325739366535953"
"G1901530","0.0945518423155243"
"G1901550","-0.155884728059744"
"G1901570","-0.0198457367730364"
"G1901590","0.655998137652246"
"G1901610","-0.598167994094053"
"G1901630","-0.0368241989825689"
"G1901650","-0.230313137309205"
"G1901670","-0.228421469245308"
"G1901690","-0.179874563864495"
"G1901710","-0.0415379125754088"
"G1901730","0.427752335542135"
"G1901750","0.60323071424026"
"G1901770","0.851416282672641"
"G1901790","0.800007257296136"
"G1901810","0.720899869410723"
"G1901830","0.36687142257524"
"G1901850","0.985296197280341"
"G1901870","-0.17476439209783"
"G1901890","-0.223903305439005"
"G1901910","-0.242249167803948"
"G1901930","-0.410253598880909"
"G1901950","-0.288417695822767"
"G1901970","0.037692702217722"
"G2000010","-0.306550963680351"
"G2000030","-0.154339558328748"
"G2000050","-0.560140999264857"
"G2000070","-0.40623465579564"
"G2000090","-0.202788222642259"
"G2000110","2.2672773442314"
"G2000130","-0.230111169671731"
"G2000150","-0.754578583476112"
"G2000170","0.629240170286082"
"G2000190","-0.391036866332957"
"G2000210","-0.24036848821723"
"G2000230","-1.09871651338377"
"G2000250","-2.16268794336104"
"G2000270","-1.46985503487923"
"G2000290","0.295890371048196"
"G2000310","-0.0112371688420771"
"G2000330","0.645352368075419"
"G2000350","0.600769177972131"
"G2000370","0.319193701747291"
"G2000390","-0.822161874039364"
"G2000410","-2.30719885099727"
"G2000430","-0.401050664752961"
"G2000450","-0.615446140638807"
"G2000470","-0.205904576153182"
"G2000490","-0.186021792873352"
"G2000510","-0.814503625304832"
"G2000530","1.60275309081359"
"G2000550","-0.388109644145956"
"G2000570","-0.236979794026996"
"G2000590","1.74730327854015"
"G2000610","-0.938307293515521"
"G2000630","-0.685225220729773"
"G2000650","-0.977460254333127"
"G2000670","-0.140188804115295"
"G2000690","-0.112065889191342"
"G2000710","-0.074987109392902"
"G2000730","-0.534519655533188"
"G2000750","-0.121872618590792"
"G2000770","1.04912965894774"
"G2000790","-0.492225849799823"
"G2000810","-0.901006519216885"
"G2000830","-2.0822453185758"
"G2000850","-0.177898202846191"
"G2000870","-1.02327615838767"
"G2000890","0.0717745356386025"
"G2000910","-0.462101914145546"
"G2000930","-0.442405181873005"
"G2000950","1.43873235709127"
"G2000970","-0.288360952511269"
"G2000990","0.376637386712944"
"G2001010","0.801805433829777"
"G2001030","-1.80117274068305"
"G2001050","-1.06596276749629"
"G2001070","-0.743044438778235"
"G2001090","-0.356643320184742"
"G2001110","-0.651787253604876"
"G2001130","-0.546794173490833"
"G2001150","-0.539495314877077"
"G2001170","-0.657594701118708"
"G2001190","1.09942609831857"
"G2001210","-0.53641521624734"
"G2001230","-0.0609767982524784"
"G2001250","-0.221325113765268"
"G2001270","-0.45729972459363"
"G2001290","-0.0558862664332277"
"G2001310","-0.645453911932817"
"G2001330","-0.468900496821123"
"G2001350","-0.464365304825381"
"G2001370","-0.566548117444642"
"G2001390","-0.3533666448843"
"G2001410","-0.450120974586588"
"G2001430","-1.7526870346346"
"G2001450","-0.982247088415924"
"G2001470","-0.719441921295066"
"G2001490","-0.664006665996213"
"G2001510","-1.35193483001114"
"G2001530","-0.809067600739116"
"G2001550","-1.05742334271529"
"G2001570","-1.05053329375191"
"G2001590","-0.0554335011039892"
"G2001610","-0.254884163411469"
"G2001630","-0.41196453628899"
"G2001650","-0.52812250729855"
"G2001670","-1.26003595916584"
"G2001690","-0.60828741375153"
"G2001710","-0.186907399309902"
"G2001730","-0.432038872510231"
"G2001750","-1.83553313091008"
"G2001770","0.00218280466518432"
"G2001790","-0.472912181504903"
"G2001810","-0.461493382419421"
"G2001830","-1.50073070129154"
"G2001850","-0.154971845606421"
"G2001870","-0.279490808995004"
"G2001890","-0.0834884847042978"
"G2001910","-1.08585931100728"
"G2001930","-0.380717562509769"
"G2001950","0.172693040194614"
"G2001970","-1.95737019141233"
"G2001990","-0.377672749062403"
"G2002010","-0.971236482828579"
"G2002030","-0.494906665836469"
"G2002050","-0.505134010617651"
"G2002070","-1.16914551769666"
"G2002090","-1.11765472597912"
"G2100010","-1.77205981302445"
"G2100030","0.331776383912089"
"G2100050","34.235137901641"
"G2100070","-0.294049948173425"
"G2100090","-0.0865894312850009"
"G2100110","-0.695538750954436"
"G2100150","3.33520867224011"
"G2100170","0.202986736659719"
"G2100210","-0.444465848457471"
"G2100230","-4.03950943764709"
"G2100270","0.372778352674869"
"G2100290","-1.30337817426918"
"G2100310","0.82476839778159"
"G2100330","-1.16909332429427"
"G2100350","-1.1090666723744"
"G2100370","7.96610775745579"
"G2100390","-0.122225406559411"
"G2100410","7.30597956922135"
"G2100430","0.537453105477781"
"G2100450","-0.529202979686864"
"G2100470","-1.46425134897761"
"G2100490","0.0544868348189508"
"G2100510","-1.45171991027413"
"G2100530","0.409675409951493"
"G2100550","-0.429471766964934"
"G2100570","-1.28837210961123"
"G2100590","-0.343651153100227"
"G2100610","-2.61721224552496"
"G2100650","-0.0846094884291686"
"G2100670","-0.250257806005771"
"G2100690","-0.801892690095003"
"G2100730","0.0778363005785754"
"G2100750","-1.2914287531051"
"G2100770","1.55431157337587"
"G2100790","-0.32650322284336"
"G2100810","5.67434036868074"
"G2100830","-0.507368177687225"
"G2100850","-0.135286247511388"
"G2100870","-0.299955227806365"
"G2100890","-0.175437095654867"
"G2100910","-0.445431053145566"
"G2100930","-1.08993224197725"
"G2100970","0.335987057192378"
"G2100990","-0.0453016813650673"
"G2101010","-0.576766606902402"
"G2101030","0.233798250202182"
"G2101050","-0.0947060832053103"
"G2101070","0.997011071014913"
"G2101090","5.08575476371116"
"G2101110","6.6049852924443"
"G2101130","-0.805907568510195"
"G2101170","2.48984852332967"
"G2101210","-0.283048156770101"
"G2101230","0.459067466568593"
"G2101250","-0.155481945330491"
"G2101350","-0.416336510218603"
"G2101370","-0.202456027130425"
"G2101390","-0.862076108043477"
"G2101410","-0.275594118902045"
"G2101430","-1.44826618504136"
"G2101450","0.249979059974537"
"G2101490","0.540374218935629"
"G2101510","-0.352416895718277"
"G2101550","0.275511227457416"
"G2101570","-0.559102314060681"
"G2101610","-0.0588969966842362"
"G2101630","-0.996796558705144"
"G2101650",NA
"G2101670","-1.22251210924359"
"G2101690","0.569964659358054"
"G2101710","-0.0223301632292915"
"G2101730","-0.0997214941808026"
"G2101750","0.273736339158811"
"G2101770","3.91718649350441"
"G2101790","1.56507198838375"
"G2101810","0.018258986256593"
"G2101830","0.230352991134995"
"G2101850","1.09279031015889"
"G2101870","-0.385120144523339"
"G2101910","-1.40213714503351"
"G2101970","-1.83864984396505"
"G2101990","-0.558996876542683"
"G2102010",NA
"G2102030","-0.745894545894936"
"G2102050","-1.15501173528395"
"G2102070","-0.435942305288217"
"G2102090","-0.270356207565276"
"G2102110","-0.444614941273571"
"G2102130","-0.597374193439034"
"G2102150","-0.95238891661469"
"G2102170","0.362272656694943"
"G2102190","-0.0405166759948911"
"G2102210","-0.942590498093626"
"G2102230","3.21630650278287"
"G2102250","-0.688910888941522"
"G2102270","-0.291664479648925"
"G2102290","-0.525902438324615"
"G2102310","-0.0699614343163312"
"G2102330","-0.8452550506671"
"G2102350","-0.695699803155169"
"G2102370",NA
"G2102390","-0.66351400443109"
"G2200010","-0.456547635928529"
"G2200030","-0.96884172190046"
"G2200070","-0.896866465299637"
"G2200090","-0.658685140578488"
"G2200110","0.362494881944359"
"G2200150","1.05581831655375"
"G2200170","0.366136277725876"
"G2200190","-0.0168492588981322"
"G2200210","-2.17186889724031"
"G2200230","-0.234602314530368"
"G2200250","-0.477598797802756"
"G2200290","-0.478400390361657"
"G2200310",NA
"G2200350","-0.474940235553827"
"G2200370","-0.138073705842081"
"G2200390","-0.919313202024395"
"G2200410","-0.096787734726357"
"G2200430","0.0999703187534675"
"G2200450","-0.881820737214882"
"G2200470","-1.00791603099644"
"G2200530","-0.224483344927043"
"G2200550","-0.377586319353492"
"G2200650","-0.448421948688487"
"G2200670","-0.296381325256596"
"G2200690","-0.649345622081641"
"G2200730","-0.725505092694575"
"G2200770","-1.1717954926339"
"G2200790","-0.292277985105263"
"G2200810","-1.59321886444011"
"G2200830","-0.216210454975631"
"G2200930",NA
"G2200970","-0.0133455387636121"
"G2200990","-1.02573054121117"
"G2201010","-0.429650012479493"
"G2201050",NA
"G2201070","-0.882140960838033"
"G2201130","-0.550069540658701"
"G2201170","7.70541346068167"
"G2201210","-1.57640348493025"
"G2201230","-0.738724239891489"
"G2201250","0.0167167135664696"
"G2400010","-1.4061159488443"
"G2400030","-0.827593035461745"
"G2400050","-0.904258710265239"
"G2400090","-1.28784946940722"
"G2400110","-1.54284656258429"
"G2400130","-0.357632863217175"
"G2400150","-1.56878335139408"
"G2400170","-1.24847716564549"
"G2400190","-1.11187480216377"
"G2400210","-1.63105600603393"
"G2400230","-0.771659972310361"
"G2400250","-1.19932699748228"
"G2400270","-1.31799238166578"
"G2400290","-0.602124658147603"
"G2400310","-1.25244906888066"
"G2400330","-0.783214765836415"
"G2400350","-1.10598300535595"
"G2400370","-0.92825534978103"
"G2400390","-1.50359683713518"
"G2400410","-0.956021785625137"
"G2400430","-0.923346442906122"
"G2400450","-2.07583755870747"
"G2400470","-1.33007820076474"
"G2600010","5.9807614315772"
"G2600050","-2.61674452634417"
"G2600070","-0.263528851120085"
"G2600090","-3.00823418550392"
"G2600110","-0.446664490000646"
"G2600150","0.926304692747314"
"G2600170","-0.00725902210332796"
"G2600190","-6.03357278348247"
"G2600210","-0.419058789101871"
"G2600230","0.889416230336854"
"G2600250","1.07252057627605"
"G2600270","-0.983217127604951"
"G2600290","-1.55933895376304"
"G2600310",NA
"G2600350","5.82897873964487"
"G2600370","0.603352961127973"
"G2600410","4.01219085864924"
"G2600430",NA
"G2600450","1.86116389384523"
"G2600470","0.487338832945633"
"G2600490","0.883646645814683"
"G2600510","6.48367678647578"
"G2600550","-1.72697230866042"
"G2600570","0.287177731970148"
"G2600590","1.69010337796825"
"G2600630","-1.96865925817591"
"G2600650","1.73313498709622"
"G2600670","0.350805856686827"
"G2600690","-0.917346556146319"
"G2600730","3.40461734474021"
"G2600750","1.90383471767275"
"G2600770","1.30819026839662"
"G2600790",NA
"G2600810","-1.01903065311654"
"G2600850",NA
"G2600870","0.796438009109903"
"G2600890","1.1223413835338"
"G2600910","1.37084237879016"
"G2600930","1.85412405000247"
"G2600990","13.5513055465291"
"G2601010","2.48905530581086"
"G2601030",NA
"G2601050","-5.47832026338463"
"G2601070","1.16756173756082"
"G2601090","0.365721889883458"
"G2601110","0.277048823188501"
"G2601130","-0.0706568445900541"
"G2601150","-1.57123939427077"
"G2601170","1.97526291965182"
"G2601190","0.842639618648514"
"G2601210","-1.0470526206374"
"G2601230","-2.70910954438713"
"G2601250","3.75455043046081"
"G2601270","-0.245373349485196"
"G2601290","-0.931881942312238"
"G2601330","-1.26466016575411"
"G2601350",NA
"G2601370","-13.9688524137674"
"G2601390","-0.190042931499149"
"G2601410","1.64876223666935"
"G2601450","-1.7497431845836"
"G2601470","28.124951027705"
"G2601490","0.231585514123105"
"G2601510","2.34727274126503"
"G2601550","0.894365159340735"
"G2601570","-0.125764250383786"
"G2601590","-2.21146136125539"
"G2601610","1.30821904787996"
"G2601630","2.7222340695592"
"G2601650","0.806559062992016"
"G2700010","1.54199304603258"
"G2700030","0.702231663657034"
"G2700050","-0.393338935806266"
"G2700070","-43.039878340234"
"G2700090","-1.12225292677638"
"G2700110","1.49260192334508"
"G2700130","0.364827764112416"
"G2700150","0.188239168495559"
"G2700170","1.11581403162609"
"G2700190","-0.00026806233024354"
"G2700210",NA
"G2700230","0.691668997679037"
"G2700250","-0.56980841373095"
"G2700270","1.23064085200349"
"G2700290","0.767326697386418"
"G2700330","0.287398646807166"
"G2700350","-0.987054582167959"
"G2700370","0.904811611533394"
"G2700390","0.158625834029959"
"G2700410","0.340194135377455"
"G2700430","0.19028339369411"
"G2700450","0.484030516904306"
"G2700470","0.0692786749759308"
"G2700490","0.384229359163927"
"G2700510","1.03445689594245"
"G2700530","1.29566996701117"
"G2700550","0.363216066650213"
"G2700570","53.2971340127779"
"G2700590","-0.425073022428029"
"G2700630","0.419620038078687"
"G2700650","-0.0390229306709158"
"G2700670","0.392483256054738"
"G2700690","12.63829377637"
"G2700710",NA
"G2700730","0.911778842094594"
"G2700770",NA
"G2700790","0.0882889328955755"
"G2700810","0.376121488070038"
"G2700830","0.249864678407809"
"G2700850","0.299173674212353"
"G2700870","0.716783552080583"
"G2700890","1.10922302692707"
"G2700910","0.360184058740176"
"G2700930","0.202142064085477"
"G2700950","-0.577173135046666"
"G2700970","-0.800508520180814"
"G2700990","0.0219036140339792"
"G2701010","0.119396380918381"
"G2701030","0.239715340938604"
"G2701050","0.125566557369886"
"G2701070","0.356582214632935"
"G2701090","0.450038089640807"
"G2701110","0.414838555286308"
"G2701130","1.61718369071948"
"G2701150","-0.148432729079685"
"G2701170","0.213756586487555"
"G2701190","-0.492843980647406"
"G2701210","0.492228696746877"
"G2701250","0.526079913816771"
"G2701270","0.299132526805659"
"G2701290","0.484107559059785"
"G2701310","0.200477060667944"
"G2701330","0.0408938599139276"
"G2701350","1.61968732133685"
"G2701390","0.150540230656431"
"G2701410","0.170045638018587"
"G2701430","0.0318720271318943"
"G2701450","-0.314521941201721"
"G2701470","0.0385028171014231"
"G2701490","0.868984716201754"
"G2701510","0.388579862759658"
"G2701530","-0.692360710590153"
"G2701550","1.44754256434689"
"G2701570","0.400457680321135"
"G2701590","0.121277568711498"
"G2701610","0.210907948591953"
"G2701630","0.47142403294059"
"G2701650","0.515903679457157"
"G2701670","1.97604330670152"
"G2701690","0.611586922674745"
"G2701710","-0.662444043941415"
"G2701730","0.43071142579179"
"G2800010","-0.124204299635935"
"G2800030","-0.410015093248173"
"G2800070","-0.978485716603491"
"G2800090","-0.0316143258463299"
"G2800110","0.0933020483269045"
"G2800130","-0.956591748324128"
"G2800150","-0.680070188991445"
"G2800170","-2.01380903285351"
"G2800210","-5.29847258555821"
"G2800250","-1.74253811194003"
"G2800270","0.458070968844591"
"G2800310","3.09639261392886"
"G2800330","-4.04092487122603"
"G2800390","-1.56710167569453"
"G2800410",NA
"G2800430","6.93557327132398"
"G2800490","-5.51414306878873"
"G2800510","-1.30685107206039"
"G2800530","-0.298251953307989"
"G2800550","0.395808687154085"
"G2800570","-0.343649779767855"
"G2800630","-1.62665178073677"
"G2800650",NA
"G2800710","1.4947943404472"
"G2800730",NA
"G2800770","-6.99740734381561"
"G2800810","-2.03497111270688"
"G2800830","0.758356830621098"
"G2800870","-1.33412611751972"
"G2800890","-1.62198234802766"
"G2800930","-2.83919986647448"
"G2800950","-0.948925974920954"
"G2800970","0.156385621050583"
"G2801010","-1.40674609463131"
"G2801030","-1.09007162165592"
"G2801070","-1.81090873204104"
"G2801150","-1.23622416254666"
"G2801170","-0.492451137724043"
"G2801190","-1.88265713983289"
"G2801210","-2.68434370904478"
"G2801230","-0.346399706949702"
"G2801250","1.03857515839238"
"G2801270","-4.99189006429921"
"G2801330","0.317752684135984"
"G2801350","-0.688221847030748"
"G2801370","-3.3888029303143"
"G2801390","-0.0194065141237502"
"G2801410","0.363525630777562"
"G2801430","1.37794020174955"
"G2801450","-1.77920357243245"
"G2801470","-6.11434346521111"
"G2801490","-1.06104845526854"
"G2801510","0.0673788806869311"
"G2801550","-1.63210784731291"
"G2801570",NA
"G2801610","3.35579480243227"
"G2801630","-1.51588500759094"
"G2900010","0.126080080810575"
"G2900030","0.232023907575921"
"G2900050","0.0472360232405243"
"G2900070","-0.895888956198306"
"G2900090","0.00248443507955009"
"G2900110","-1.17454545398835"
"G2900130","-0.500453880790573"
"G2900150","-0.833309569467945"
"G2900170","1.2313852240375"
"G2900190","-0.0637312361235749"
"G2900210","-0.784826536434769"
"G2900230","1.35202619776316"
"G2900250","-0.0767473223514388"
"G2900270","-0.98456018973655"
"G2900310","-0.725273201166378"
"G2900330","-1.14992034699243"
"G2900370","0.0801855185984485"
"G2900390","-0.960666924108662"
"G2900410","-0.193381904269307"
"G2900430","1.56583647170044"
"G2900450","-1.61071449188648"
"G2900470","-0.0394211062360133"
"G2900490","-0.218226318422518"
"G2900510","-1.52515538983432"
"G2900530","-3.93339895393045"
"G2900550",NA
"G2900570","0.283962674307729"
"G2900590","-3.86748527158148"
"G2900610","-0.0447286124064941"
"G2900630","-0.309778473728823"
"G2900690","4.72186362615084"
"G2900710","-1.0882098652274"
"G2900730","-0.697118187162738"
"G2900750","-0.46793190548275"
"G2900770","7.24851015402766"
"G2900790","-1.69805362130349"
"G2900810","-0.182753838339273"
"G2900830","-0.0798802432871927"
"G2900850","-3.15982919837956"
"G2900870","0.16582500087046"
"G2900890","-3.86746701761096"
"G2900910","1.86657132404451"
"G2900950","-1.17227934877777"
"G2900970","-1.21392142618023"
"G2900990","-3.43537230455874"
"G2901010","0.208121597736334"
"G2901030","-2.05304068724258"
"G2901050","-2.16317241607073"
"G2901070","0.143251418707086"
"G2901090","0.457210969410628"
"G2901110","-0.329100731304875"
"G2901130","-5.37517826972432"
"G2901150","-1.86801158115049"
"G2901170","-1.31757624045891"
"G2901190",NA
"G2901210","-0.953044049083154"
"G2901230","-2.5920474236346"
"G2901250","-2.96175768141641"
"G2901270","-0.658376552195973"
"G2901290","-1.32426657935494"
"G2901310","-1.01260349657371"
"G2901330","0.283438014847927"
"G2901350","1.09447107672141"
"G2901370","-0.79892703244684"
"G2901390","-2.00421121598572"
"G2901410","-0.225139597944798"
"G2901430","1.39576866843243"
"G2901450","0.226355959766781"
"G2901470","0.255916005298302"
"G2901510","-1.59005269728934"
"G2901550","1.81231676298697"
"G2901570","-0.696354079149352"
"G2901590","0.030283408565814"
"G2901610",NA
"G2901630","-0.763385877476038"
"G2901650","-0.884075253993285"
"G2901670","-0.885913168232848"
"G2901690","3.00049263659746"
"G2901710","-1.85149717262464"
"G2901730","-2.84904846043408"
"G2901750","0.60190595858697"
"G2901770","0.33505538802277"
"G2901810","2.37903922412694"
"G2901830","-2.02963037413751"
"G2901850","-1.1788893819714"
"G2901860","-1.55139277255274"
"G2901870","0.0510667592234675"
"G2901890","-3.64028053094126"
"G2901950","-0.206972268290976"
"G2901970","-2.32682647171209"
"G2901990","0.200426896944965"
"G2902010","0.206977693362981"
"G2902050","-0.783591168197456"
"G2902070","0.780559727546733"
"G2902090",NA
"G2902110","-0.201423151601679"
"G2902150","7.71073265094236"
"G2902170","0.112204033712609"
"G2902190","-0.716914195944338"
"G2902230","1.07982599235547"
"G2902250","-0.99687551269858"
"G2902270","0.450920244180704"
"G2902290",NA
"G3000030","-1.11233898725511"
"G3000090","0.0475832337574878"
"G3000110",NA
"G3000150",NA
"G3000170","-0.184331210517508"
"G3000190",NA
"G3000210","-1.48966745947743"
"G3000250","0.698050073853488"
"G3000330",NA
"G3000470","0.447025659475158"
"G3000550","16.5048495102856"
"G3000650",NA
"G3000790","0.69719941826915"
"G3000830","0.493883792838688"
"G3000850",NA
"G3000870","-0.289932847383811"
"G3000910",NA
"G3000950","0.441562467816794"
"G3001010",NA
"G3001030",NA
"G3001050","-3.23084210700045"
"G3001090","-0.782651636212011"
"G3001110","-0.103543322193228"
"G3100010","-0.154817130527056"
"G3100030","-0.188043984786324"
"G3100070","-3.03605109748047"
"G3100110","0.0459466094028778"
"G3100130","-0.168304205900056"
"G3100150","-2.40637209920278"
"G3100170","-0.122131898265979"
"G3100190","-0.0898750569566235"
"G3100210","-0.0311374806618797"
"G3100230","-0.304091711742505"
"G3100250","-0.0437105145675318"
"G3100270","0.0188290353716976"
"G3100290","0.216583352652337"
"G3100310","0.127895598105994"
"G3100330","-0.384066622269431"
"G3100350","-0.190040035385848"
"G3100370","0.376224665006276"
"G3100390","-0.224336459791012"
"G3100410","-0.11290274368"
"G3100430","-0.12120513914616"
"G3100450","-0.187265841231616"
"G3100470","0.0157831727067405"
"G3100490","-0.158686951485224"
"G3100510","0.222446665680282"
"G3100530","0.142493824297963"
"G3100550","0.238243195943753"
"G3100570","0.0440162960192099"
"G3100590","-0.0759681662543027"
"G3100610","-0.278809628702723"
"G3100630","-0.245297401681589"
"G3100650","-0.36543040823986"
"G3100670","0.201418474319824"
"G3100690","-0.0860702198579645"
"G3100710","-0.372948662909094"
"G3100730","-0.0582503792425866"
"G3100770","-0.0924553784205107"
"G3100790","0.23066005575688"
"G3100810","-0.0698731684943208"
"G3100830","-0.231707003286616"
"G3100850",NA
"G3100870","-0.17403915801003"
"G3100890","-0.0411642029369367"
"G3100930","-0.175592128732761"
"G3100950","0.128296468449001"
"G3100970","0.215917573334009"
"G3100990","-0.0365249505135857"
"G3101010","0.0131420902394062"
"G3101030","0.236101287249591"
"G3101050","0.129572339549483"
"G3101070","-0.0621548895191538"
"G3101090","-0.18183339065685"
"G3101110","-0.0545464955062234"
"G3101130","0.146965187782986"
"G3101190","-0.0720327859192057"
"G3101210","0.215428496930177"
"G3101230","-0.00784183981230448"
"G3101250","-0.0996589723462452"
"G3101270","0.208695433126084"
"G3101290","0.00423676115121943"
"G3101310","-0.0671058517149393"
"G3101330","0.368872859629976"
"G3101350","0.0482222500138081"
"G3101370","0.00533956624141122"
"G3101390","-0.137859276666059"
"G3101410","0.182605701215684"
"G3101430","0.00130120848660579"
"G3101450","-0.306656956487438"
"G3101470","0.25589980153229"
"G3101490","-0.825317624567463"
"G3101510","0.0235747151804696"
"G3101530","0.206851661098132"
"G3101550","0.0230705478727293"
"G3101570","0.0213659327359906"
"G3101590","0.147057766535992"
"G3101610","-0.0964560125482868"
"G3101630","-0.286702471934509"
"G3101650","-2.14202341072313"
"G3101670","-0.0493662298924122"
"G3101690","-0.0740039332061624"
"G3101730","-0.298719736547012"
"G3101750","-0.153011654893113"
"G3101770","-0.405492025290116"
"G3101790","0.131676396572955"
"G3101810","-0.239991037474069"
"G3101830","1.01454538181691"
"G3101850","-0.0104955141146718"
"G3400010","-0.42655730864727"
"G3400050","1.30369857168443"
"G3400110","1.61206929399577"
"G3400150","2.24101555774208"
"G3400190","1.81954268993905"
"G3400210","1.29082702859597"
"G3400230","1.71260097558691"
"G3400250","2.11304728350646"
"G3400270","3.02714882391935"
"G3400290","2.01759013695453"
"G3400330","1.67219653720959"
"G3400350","2.66939488177308"
"G3400370","1.78422596131346"
"G3400410","3.05588205674834"
"G3500050","99.0558144228611"
"G3500090","-3.50453045643797"
"G3500130","-2.29086909332143"
"G3500150","0.381299783500527"
"G3500250",NA
"G3500290",NA
"G3500410","-6.30998883905258"
"G3500510","0.857773474618194"
"G3500570",NA
"G3500590","0.631722176490838"
"G3600010",NA
"G3600030",NA
"G3600070",NA
"G3600090",NA
"G3600110",NA
"G3600130",NA
"G3600150",NA
"G3600170",NA
"G3600190",NA
"G3600210","-1.88858196229705"
"G3600230",NA
"G3600250",NA
"G3600270","-0.460846343225835"
"G3600290","-20.5702350166344"
"G3600310",NA
"G3600330","-360.63844546791"
"G3600350",NA
"G3600370","-1.04996718983848"
"G3600390","-180.466324528111"
"G3600430","6.59125044530389"
"G3600450","0.276917733104915"
"G3600490","-8.31850620854411"
"G3600510","-40.7126731893054"
"G3600530",NA
"G3600550","-19.0232686841549"
"G3600570",NA
"G3600630","-12.3417222004028"
"G3600650",NA
"G3600670",NA
"G3600690","-67.7920677450006"
"G3600710","1.14693209983317"
"G3600730","-9.28416793966666"
"G3600750","-83.0926392246828"
"G3600770",NA
"G3600830","326.106854639234"
"G3600890","-19.9480432061528"
"G3600910",NA
"G3600930",NA
"G3600950",NA
"G3600970",NA
"G3600990",NA
"G3601010",NA
"G3601030","3.37280309597913"
"G3601050","-2.08486554968687"
"G3601070",NA
"G3601090",NA
"G3601110","-7.82475024643346"
"G3601130",NA
"G3601150",NA
"G3601170","1.69705374353869"
"G3601210","15.4427544631819"
"G3601230",NA
"G3700010","-0.148027670943789"
"G3700030","-0.878324429351915"
"G3700050","1.58688097989032"
"G3700070","-0.826958754150516"
"G3700130","-1.19006742451705"
"G3700150","-0.711510375326211"
"G3700170","-1.29019639650068"
"G3700190","-0.766499834785235"
"G3700210","-0.667496009979259"
"G3700230","-0.0312142204056551"
"G3700250","-0.194580625528921"
"G3700270","-0.0288263517900579"
"G3700290","-0.210387321857539"
"G3700310","-1.00651601241432"
"G3700330","-0.515364157610928"
"G3700350","-0.231984143565146"
"G3700370","-0.223888745942714"
"G3700390","-0.114580711931176"
"G3700410","-0.784792558540445"
"G3700430",NA
"G3700450","-0.388257331511939"
"G3700470","-0.973368483384346"
"G3700490","-2.26241492227684"
"G3700510","-0.432243392486696"
"G3700530","0.134609916233212"
"G3700550","0.0424861368262534"
"G3700570","-0.574282294494097"
"G3700590","-0.444156338995003"
"G3700610","-1.32205071595634"
"G3700630","0.433459609470336"
"G3700650","-0.974308059275759"
"G3700670","0.318115126659647"
"G3700690","0.0671171281052347"
"G3700710","0.0757477196062441"
"G3700730","-0.395150718170382"
"G3700770","-0.269231198049602"
"G3700790","-1.09094867895987"
"G3700810","-0.427653408761187"
"G3700830","-0.288523870384812"
"G3700850","-0.397335788922594"
"G3700870","0.516071913861218"
"G3700890","0.203415395230326"
"G3700910","-0.77230196925951"
"G3700930","-0.474827413007209"
"G3700950","-0.353255822570383"
"G3700970","-0.375911805422487"
"G3701010","-0.571673634163329"
"G3701030","-3.00533722488887"
"G3701050","-0.854670291661606"
"G3701070","-1.63880727409465"
"G3701090","0.243352800449929"
"G3701110","-1.31724114345211"
"G3701130","-64.8997204293281"
"G3701170","-0.685992693200984"
"G3701190","-0.0251845513775679"
"G3701230","-1.5612679919963"
"G3701250","-0.655915908309386"
"G3701270","-1.50022208447333"
"G3701290","0.713935120051583"
"G3701310","-0.480908440199108"
"G3701330","-1.49603924615084"
"G3701350","-0.153581757233698"
"G3701370","-0.777145836617829"
"G3701390","-0.511082458770204"
"G3701410","-2.10216270012635"
"G3701430","-0.50010604576384"
"G3701450","0.0180777632668712"
"G3701470","-1.2223149662328"
"G3701490","-0.695425573649128"
"G3701510","-0.127420237570955"
"G3701530","-0.307234218513833"
"G3701550","-0.348394510345602"
"G3701570","-0.663740110898702"
"G3701590","-0.354921850625911"
"G3701610","-0.540919591481459"
"G3701630","-0.465243830608965"
"G3701650","-0.438574099133686"
"G3701670","-0.329188260407549"
"G3701690","-0.521410889697915"
"G3701710","-0.319912018454105"
"G3701750","0.365272542611861"
"G3701770","-2.53731800563285"
"G3701790","-0.920086632373077"
"G3701810","0.00721757970126885"
"G3701830","0.302681054914724"
"G3701850","0.703303349115763"
"G3701870","-0.835513464310179"
"G3701910","-1.18598275111377"
"G3701930","-0.187900324581648"
"G3701950","-0.611503076096164"
"G3701970","-0.575682454914399"
"G3800010","-0.0530057162220872"
"G3800030","0.358206304381093"
"G3800050","-1.88143472513148"
"G3800090","-0.572594954835288"
"G3800110","0.122311350813999"
"G3800150","-3.37675517977883"
"G3800170","1.06321630261342"
"G3800190","-0.14695743096054"
"G3800210","0.716989126173734"
"G3800230","0.115746220956976"
"G3800250","-0.389591663512083"
"G3800270","-2.26605354333289"
"G3800290","-0.225428929108107"
"G3800310","3.34940992455173"
"G3800330","0.179700054245535"
"G3800350","0.443025995722681"
"G3800370","-0.851399606998261"
"G3800390","-0.809513839038809"
"G3800410","-0.0950875064776164"
"G3800430","2.38662084986847"
"G3800450","-1.38023095422588"
"G3800470","-2.48272329069493"
"G3800490","-0.354840476295561"
"G3800510","0.63191086681911"
"G3800530","-0.298615037041372"
"G3800550","-0.408197509597759"
"G3800570","0.198788799080992"
"G3800590","-1.19912919902912"
"G3800610","34.5909228990606"
"G3800630","1.70771490274125"
"G3800650","0.390140517484266"
"G3800670","11.5426031692754"
"G3800690","-0.155834515923546"
"G3800710","1.99199186431352"
"G3800730","-0.791674219061447"
"G3800750","0.355040484526029"
"G3800770","3.05009675203525"
"G3800790","0.183145192299619"
"G3800810","3.68215897233252"
"G3800830","-9.33825735915584"
"G3800850","0.734632497777107"
"G3800890","-0.402394362630246"
"G3800910","-0.844010149815597"
"G3800930","0.211558545686103"
"G3800950","-0.773450546016312"
"G3800970","0.380163979563571"
"G3800990","4.95462785032898"
"G3801010","-0.838452322067192"
"G3801030","-2.7925567116519"
"G3801050","0.14956380797187"
"G3900010","-0.255054498360749"
"G3900030","6.99818363569965"
"G3900050","-6.65464681998346"
"G3900070",NA
"G3900090","-6.27263726981417"
"G3900110","-0.0761648308377969"
"G3900130",NA
"G3900150","-0.11159440513983"
"G3900170","-5.13454350133069"
"G3900190","0.163866065244619"
"G3900210",NA
"G3900230","13.3534354921853"
"G3900250","0.960058882491474"
"G3900270","0.401873307568589"
"G3900290","-2.53145973012092"
"G3900310","-3.22204988598735"
"G3900330","-26.1723467290588"
"G3900370","2.86391972119556"
"G3900390","0.62919995868548"
"G3900410","-16.1421403524607"
"G3900430","-34.905432441648"
"G3900450","-0.400712210210593"
"G3900470","12.7027288563977"
"G3900490","-3.93954189009677"
"G3900510","4.0096490551441"
"G3900530","-1.46745666854872"
"G3900550","-142.684533969672"
"G3900570","-0.240734147838034"
"G3900590","-4.21356761981439"
"G3900610","2.72975500516766"
"G3900630","11.6449048702327"
"G3900650","-49.1308294057741"
"G3900670","-3.31893340447924"
"G3900690","1.62738019094732"
"G3900710","-0.87048281812072"
"G3900730","3.83960080345217"
"G3900750","-2.76496331908021"
"G3900770","-29.3933354077688"
"G3900790","-1.04014792366507"
"G3900810",NA
"G3900830","-5.60647900647313"
"G3900870","-3.59028744580752"
"G3900890","-4.48050227140048"
"G3900910","-247.330737447009"
"G3900930","-46.6728462659101"
"G3900950","6.33242991959305"
"G3900970","-1.95280734224055"
"G3900990","-6.19613607589382"
"G3901010","-48.9686071746219"
"G3901030","-13.268719792332"
"G3901050","-9.84460004897158"
"G3901070","1.44741473298872"
"G3901090","21.4881228138255"
"G3901110",NA
"G3901130","-4.02522789201381"
"G3901150","-7.06499938524059"
"G3901170","-10.1564988786253"
"G3901190","-7.23000004527964"
"G3901210",NA
"G3901230","-4240.4990953726"
"G3901250","2.15514459616187"
"G3901270","-7.26333351194565"
"G3901290","-2.11236805214178"
"G3901310","-0.8274112261802"
"G3901330","-5.32957837474604"
"G3901350","-4.95441294193922"
"G3901370","5.39762749451628"
"G3901390","-4.02293461046821"
"G3901410","-0.884825752582659"
"G3901430","-18.4290897581463"
"G3901450","-0.732464768674171"
"G3901470","-20.5933002065479"
"G3901490","12.117065636804"
"G3901510","-9.14335123112587"
"G3901530","-3.4798025163982"
"G3901550","-23.6241398500174"
"G3901570","-4.89054748333765"
"G3901590",NA
"G3901610","10.8651820674323"
"G3901630","-5.66151452809796"
"G3901650","-0.428043234571253"
"G3901670","0.86410622729337"
"G3901690","-4.24015037624637"
"G3901710","1.0715175112605"
"G3901730","-5.67861986016971"
"G3901750","-17.6532884446447"
"G4000030","-1.15969725694534"
"G4000070","0.233825933015764"
"G4000090",NA
"G4000110","0.0578152448723405"
"G4000130","-0.180401312148308"
"G4000150","0.69936653272267"
"G4000170","0.0204252587860768"
"G4000230","-0.199540335244704"
"G4000250","0.83349899021943"
"G4000270","-2.13396817891794"
"G4000290",NA
"G4000310","1.27596075879323"
"G4000330","1.3294675484213"
"G4000350","-0.89831280310583"
"G4000370","0.407403655034256"
"G4000390","-0.0605875808823179"
"G4000410","0.111241857620168"
"G4000430","-0.491211642129778"
"G4000450","-1.70985504063889"
"G4000470","0.614239199132399"
"G4000490","0.123263493817637"
"G4000510","-1.16987839051519"
"G4000530","-0.908108825657583"
"G4000570","0.9136068134151"
"G4000590","-3.43572440855411"
"G4000610","-3.18337813446578"
"G4000630","-0.37967027062981"
"G4000710","0.295623407127753"
"G4000730","-2.01026074962701"
"G4000750",NA
"G4000790","-0.69660071609652"
"G4000810","-0.229508645463325"
"G4000830","-1.30585444674859"
"G4000870","-1.18594843341197"
"G4000890","-0.400943862691615"
"G4000910","-1.08190365925126"
"G4000930","-0.100112222000832"
"G4000950",NA
"G4000970","-1.12217548370122"
"G4001010","1.55293376280849"
"G4001030","-0.516510143914256"
"G4001050","-0.434422962179205"
"G4001070","-1.86986260157507"
"G4001090","-0.676733178815225"
"G4001110","-0.343011760561197"
"G4001130","-0.155689037836778"
"G4001150","-0.987106571869544"
"G4001170","-1.09350686714272"
"G4001190","-0.122342644429779"
"G4001210",NA
"G4001250","-0.833842593875951"
"G4001310","-0.702809844392419"
"G4001350","-1.69203637905092"
"G4001370",NA
"G4001390","-0.26880889670382"
"G4001410","-0.985130485148464"
"G4001430","-0.607145185698369"
"G4001450","-1.008631569044"
"G4001470","-1.02774148042116"
"G4001490","0.0155993522195901"
"G4001530","-4.9884633021825"
"G4100030",NA
"G4100050","0.801115649610853"
"G4100210","-0.269567511308598"
"G4100390",NA
"G4100430",NA
"G4100450","0.259633677856322"
"G4100470","0.834014768204049"
"G4100490","-0.10980920508734"
"G4100510","1.15940624632991"
"G4100530","1.47011401290405"
"G4100590","0.0155439560599907"
"G4100670",NA
"G4100710",NA
"G4200010","3.89585752483225"
"G4200030",NA
"G4200050",NA
"G4200070","-63.1827092366062"
"G4200090","6.27988618883388"
"G4200110","0.806555470669296"
"G4200130","-239.46715946472"
"G4200150",NA
"G4200170","-0.352306617321694"
"G4200190",NA
"G4200210",NA
"G4200230",NA
"G4200250","0.134306966925297"
"G4200270",NA
"G4200290","-0.118594124969935"
"G4200310",NA
"G4200330",NA
"G4200350",NA
"G4200370","42.5664479828528"
"G4200390",NA
"G4200410","0.738147410560122"
"G4200430","2.94063559296094"
"G4200450",NA
"G4200470",NA
"G4200490",NA
"G4200510","-124.304256313926"
"G4200530",NA
"G4200550","0.139766223370325"
"G4200570","1.08601531615106"
"G4200590",NA
"G4200610","1.30851616921626"
"G4200630",NA
"G4200650",NA
"G4200670","0.18739870889011"
"G4200690","21.8358990818209"
"G4200710","0.695783631685126"
"G4200730","58.9631615722792"
"G4200750","-1.3254583833108"
"G4200770","0.624060666169935"
"G4200790","24.7064846147872"
"G4200810",NA
"G4200830",NA
"G4200850","285.897512177033"
"G4200870","11.568099601224"
"G4200890","0.342733085282985"
"G4200910","-2.77221412862994"
"G4200930","114.641614611792"
"G4200950","0.138844414000151"
"G4200970","14.5908657140536"
"G4200990","0.023355487314917"
"G4201030","0.699098091881604"
"G4201050",NA
"G4201070","9.23634105956291"
"G4201090","50.516296716986"
"G4201110","5.67549451991878"
"G4201130",NA
"G4201150",NA
"G4201170",NA
"G4201190","56594.1660030928"
"G4201210",NA
"G4201230",NA
"G4201250","-23158.9156295585"
"G4201270","19.2934760083718"
"G4201290",NA
"G4201310",NA
"G4201330","1.72494446491979"
"G4500030","0.210123476492333"
"G4500050","0.0533008702267383"
"G4500070","-0.33087494409272"
"G4500090","-0.0804807354104867"
"G4500110","-0.00985207633804148"
"G4500130",NA
"G4500150","-0.0574430973130435"
"G4500170","-0.706778277380227"
"G4500190","-0.134542982819772"
"G4500210","0.128748153025982"
"G4500230","0.216074649044289"
"G4500250","-0.200568472745383"
"G4500270","0.0153208827403531"
"G4500290","0.0952486233100755"
"G4500310","-0.212453899518833"
"G4500330","0.29811672813094"
"G4500350","0.438439589511138"
"G4500370","-0.527512109690566"
"G4500390",NA
"G4500410","0.245920134270137"
"G4500430","-0.136074071837187"
"G4500450","0.561308000193209"
"G4500490","0.252620471673725"
"G4500510","0.253951139572363"
"G4500530","0.45342202322272"
"G4500550","-1.02898015804263"
"G4500570","-0.957475668797635"
"G4500590",NA
"G4500610","-0.2991676607304"
"G4500630","0.465476433026986"
"G4500670","-0.69293751622098"
"G4500690","0.0531251486293552"
"G4500710","-0.840268779195962"
"G4500730","-0.151179616114821"
"G4500750","0.37008981081481"
"G4500790","-0.836951876752476"
"G4500810","-0.184662873518573"
"G4500830","-0.651478223412053"
"G4500850","-0.0242504446983291"
"G4500890","0.232337768356313"
"G4500910","0.638240418651309"
"G4600030","-1.48603222591325"
"G4600050","-0.432971169170427"
"G4600070","-0.59525690502859"
"G4600090","0.233226682790019"
"G4600110","-0.181674667287722"
"G4600130","-0.46849981431281"
"G4600150","-0.44240828306988"
"G4600170","2.50241735303335"
"G4600190","0.487939405055406"
"G4600210","-0.0903161800450429"
"G4600230","-0.49154859869615"
"G4600250","0.326521394722104"
"G4600270","0.585004297188832"
"G4600290","-3.8296165471894"
"G4600310","-0.145303889894814"
"G4600330","-0.994018968948591"
"G4600350","-1.51364660508385"
"G4600370","-1.97100176211062"
"G4600390","-2.69623065277215"
"G4600410","-0.142846172590629"
"G4600430","-0.930984400478824"
"G4600450","-0.628996942668029"
"G4600470","0.173021991644837"
"G4600490","-0.847809723598509"
"G4600510","0.170196717137813"
"G4600530","-0.440522791851115"
"G4600550","-0.112303885917937"
"G4600570","-0.00722637413641692"
"G4600590","-0.162409409061118"
"G4600610","-0.347426021180182"
"G4600630","-1.08094175778569"
"G4600650","0.732886230663918"
"G4600670","-0.133189794114002"
"G4600690","-1.91400229612241"
"G4600710","0.0521987687207694"
"G4600730","-0.249821539426168"
"G4600750","-0.139757679718263"
"G4600770","-0.209406082271502"
"G4600790","-0.158176551456672"
"G4600810","-0.460868175524341"
"G4600830","0.0539427259863678"
"G4600850","-0.444317654836357"
"G4600870","-0.186304208764055"
"G4600890","-0.769345615094286"
"G4600910","5.26987257329659"
"G4600930","-0.226136523972514"
"G4600950","-0.18711621242474"
"G4600970","-0.0106032882641278"
"G4600990","-0.197660860832329"
"G4601010","0.0684220766318199"
"G4601030","-0.306122489232219"
"G4601050","1.22323776691783"
"G4601070","-0.0828793649039855"
"G4601090","0.403718835564196"
"G4601110","-1.84115987929302"
"G4601150","-0.975405642627811"
"G4601170","-0.192850456934823"
"G4601190","-0.135500496096711"
"G4601210","-0.00865453474337394"
"G4601230","-0.272487009335854"
"G4601250","0.0664562109129838"
"G4601270","-0.0641898763675555"
"G4601290","-0.196029036399932"
"G4601350","0.163929294199168"
"G4601370","-0.429249434135754"
"G4700030","-0.45179076609314"
"G4700050","0.264557565989488"
"G4700070","0.0917909113355733"
"G4700090","0.0952072291181166"
"G4700110","0.105488570151418"
"G4700150","-0.0573070085603891"
"G4700170","-0.214210876477068"
"G4700190","-3.00549444979655"
"G4700210","-4.24407814191524"
"G4700230","-1.59237650085409"
"G4700250","-0.0725952852770367"
"G4700270","-2.26679029757858"
"G4700290","0.20036751610303"
"G4700310","-0.164976859594176"
"G4700330","-0.0172404324956042"
"G4700350","0.0714099095066912"
"G4700370","4.34061725718093"
"G4700390","-4.16709673011657"
"G4700410","-0.0683937052293219"
"G4700430","-2.32699812384579"
"G4700450","0.336059171788368"
"G4700470","0.585727753567422"
"G4700490","0.149646402315456"
"G4700510","-0.555773515052699"
"G4700530","-0.360970096706912"
"G4700550","0.0766275588046122"
"G4700570","-0.36043889167736"
"G4700590","0.374438843243347"
"G4700610","-0.417572523711947"
"G4700630","-0.692720877273911"
"G4700650","0.18623411577959"
"G4700690","-0.238410781416182"
"G4700710","0.19994758210487"
"G4700730","-0.397576483797522"
"G4700750","0.328283797438254"
"G4700770","-0.0731045520822654"
"G4700790","-1.42838420221773"
"G4700810","0.445822879175465"
"G4700850","-0.00405817108634553"
"G4700870","-0.527392501635039"
"G4700890","0.717404650405466"
"G4700910","-0.215486217285094"
"G4700930",NA
"G4700950","1.52186199281098"
"G4700970","0.582475303441827"
"G4700990","-0.391414322017379"
"G4701030","-0.192042228663507"
"G4701050","-0.130506455294257"
"G4701070","0.387527814967505"
"G4701090","0.273218358023422"
"G4701110","0.0112192352587577"
"G4701130","-0.160455972180523"
"G4701150","-0.331542644936503"
"G4701170","-0.452316776924707"
"G4701190","-1.47421468258408"
"G4701210","0.0109471337022393"
"G4701230","0.280164476061209"
"G4701250","1.95770939811631"
"G4701270","1.01484085466086"
"G4701310","-0.98323081727229"
"G4701330","-0.131631936143324"
"G4701350","-0.961471700785851"
"G4701370","185.801306406567"
"G4701390","0.189771207410757"
"G4701410","0.693525620730021"
"G4701430","-0.740640493945425"
"G4701470","0.390263875758937"
"G4701490","-0.143427160828604"
"G4701530","0.000442803309478952"
"G4701550","2.67685653515211"
"G4701570","1.21803775286381"
"G4701590","0.0469626682487648"
"G4701610","-1.47591459511022"
"G4701630","-0.499195996215172"
"G4701650","1.0796068606225"
"G4701670","0.554154925368366"
"G4701690","-1.05570682525706"
"G4701750","-1.32153186136568"
"G4701770","-0.0486233722557547"
"G4701790","0.196548635341165"
"G4701810","-1.38900490866698"
"G4701830","-0.982365535804711"
"G4701850","0.0812012535725904"
"G4701870","0.772631071777435"
"G4701890","-0.873920328761812"
"G4800010","-0.00283234893884924"
"G4800030","-0.039047516417125"
"G4800050",NA
"G4800090","0.492205160641237"
"G4800110","-6.54958323207657"
"G4800130","-0.463104446838039"
"G4800150","-0.335247329526782"
"G4800170","0.374570789230601"
"G4800210","-0.343567022936215"
"G4800230","0.57010722730736"
"G4800250","0.313937052277362"
"G4800270","0.0617359381699257"
"G4800290","0.182575425953408"
"G4800350","-0.0881290918225661"
"G4800370","0.220611395846399"
"G4800390","1.31115584093852"
"G4800410","-2.73517497906756"
"G4800450","2.23120816901615"
"G4800490","0.00205515289875564"
"G4800510","1.61969016641725"
"G4800550","-0.374124538416844"
"G4800570","0.0936979414860912"
"G4800590","-0.00702295770997405"
"G4800610","2.14032224930058"
"G4800630",NA
"G4800650","-0.855573929222032"
"G4800690","-0.100358071716616"
"G4800710","-0.0355053083134773"
"G4800750","0.82836332297143"
"G4800770","0.663859973851923"
"G4800790","1.3207499305793"
"G4800810","0.189265998525996"
"G4800830","-0.0364625419997303"
"G4800850","0.167922478243103"
"G4800870","0.455684756007623"
"G4800890","-0.281787832890521"
"G4800910","-0.360937147670305"
"G4800930","5.49526010460114"
"G4800950","-0.0439405873094518"
"G4800970","0.333541749527002"
"G4800990","-0.156522679001999"
"G4801010","2.29429987723048"
"G4801070","-1.31109158092787"
"G4801090","-0.13166717582734"
"G4801110","0.174625094808416"
"G4801130","-0.943088218778407"
"G4801150","2.16701766391621"
"G4801170","-0.113358755766111"
"G4801190","-0.0652255936518831"
"G4801210","-0.397208652212441"
"G4801230","-0.774634391443654"
"G4801250","2.69908828353351"
"G4801270",NA
"G4801290","-0.0126472006210451"
"G4801310",NA
"G4801330","4.54205726300501"
"G4801370","0.196197118509008"
"G4801390","0.068981540715675"
"G4801410","-0.735353066478261"
"G4801430","6.55514818938685"
"G4801450","-0.013925549033095"
"G4801470","0.101972310813093"
"G4801490","-0.777794948516774"
"G4801510","0.895305384816696"
"G4801530","-0.220011109660957"
"G4801550","1.30637997916295"
"G4801570","-0.707532689009692"
"G4801590","0.0870336022558401"
"G4801630","0.187035151458717"
"G4801650","-37.8127762366337"
"G4801690","0.252354604225162"
"G4801710","-1.38028977202176"
"G4801750","-0.220184055596218"
"G4801770","-0.830504347797884"
"G4801790","0.0223153994013333"
"G4801810","0.138982434070952"
"G4801850","-66.3223936225471"
"G4801870","-0.127176549366356"
"G4801890","-0.115919517021875"
"G4801910","1.03086588613084"
"G4801930","-1.5965616928591"
"G4801950","1.04125032840427"
"G4801970","0.713994174381128"
"G4802010","-13.7007404463868"
"G4802050","-0.167953906920374"
"G4802070","0.692890726553518"
"G4802090","-0.918642001988614"
"G4802110","0.348420565252631"
"G4802130","-0.00260859566251828"
"G4802150","-0.181345583235527"
"G4802170","0.0381400505361315"
"G4802190","0.748094244888157"
"G4802210","0.475565978008736"
"G4802230","-4.19070921427345"
"G4802250","0.343736300696472"
"G4802270","-0.011927162551115"
"G4802290",NA
"G4802310","0.14485901973847"
"G4802330","-0.017024639474662"
"G4802350","0.282598601418682"
"G4802370","-0.00321018675754726"
"G4802390","-0.439849826972206"
"G4802490","0.918049151867107"
"G4802510","0.0634662600758481"
"G4802530","0.66671632428166"
"G4802550","0.593127329447011"
"G4802570","0.104475094229882"
"G4802630","-0.0365288651901679"
"G4802670","0.106926287847767"
"G4802710","0.192940960533644"
"G4802730","-4.28821281243785"
"G4802750","1.46507642704214"
"G4802770","0.46334135946109"
"G4802790","-0.279353051187041"
"G4802810","0.89246540431745"
"G4802830","-0.00196178314065255"
"G4802850","-0.0454035198871367"
"G4802870","-0.466851925291476"
"G4802910","-0.394350198422697"
"G4802930","0.192233922569398"
"G4802950","0.23323038104673"
"G4802970","0.509263003155014"
"G4802990","0.193660182578273"
"G4803030","3.55836632141548"
"G4803050","1.86828270306386"
"G4803070","-0.41466147940723"
"G4803090","0.0979883058634826"
"G4803170","-0.0113942994314001"
"G4803190","-0.0110762228311817"
"G4803210","-0.287649002598822"
"G4803250","0.340535608796426"
"G4803270","-0.00242569656765688"
"G4803290","-0.503350143216322"
"G4803310","-0.423908564005445"
"G4803330",NA
"G4803350","1.03165730465339"
"G4803370","0.704865209207096"
"G4803410","-0.187712145936726"
"G4803450","-0.0199170276952209"
"G4803490","0.221397374402756"
"G4803530","0.755357118043456"
"G4803550","-0.045647717688519"
"G4803570","0.0119120312637495"
"G4803590","0.569284619187361"
"G4803630","-0.00261540004304743"
"G4803670","0.60223188073744"
"G4803690","-0.171002734071759"
"G4803710","-0.00216375648431405"
"G4803750","1.20510102884162"
"G4803810","-0.10580159064031"
"G4803830","-1.62026240850522"
"G4803870","-0.122002312070625"
"G4803890","-1.03036112816124"
"G4803910","-2.36121075861556"
"G4803930","-15.4367086394957"
"G4803950","-0.392973666290784"
"G4803970","2.91393174815108"
"G4803990","-0.115105793796195"
"G4804010",NA
"G4804090","-0.361364818361641"
"G4804110","0.02624606760076"
"G4804130","-0.0337582554200258"
"G4804150","1.9777536882691"
"G4804170","0.309123295759346"
"G4804210","-0.0942111783841476"
"G4804270","0.80655344739787"
"G4804290","-0.0025107116437901"
"G4804310","0.692366270041492"
"G4804330","1.80905733274547"
"G4804350","-0.00243167244078454"
"G4804370","-0.259564216185295"
"G4804390","-0.331628440097862"
"G4804410","0.250951404804106"
"G4804450","15.3379380008759"
"G4804470","0.383512223847696"
"G4804510","0.834263175738383"
"G4804530","-0.0692941319678466"
"G4804590",NA
"G4804610","-0.459138553431896"
"G4804630","0.0623213180062308"
"G4804670",NA
"G4804690","0.0637816960441509"
"G4804710","-4.50686275089597"
"G4804730","-0.393083793275146"
"G4804770","7.46228552252671"
"G4804810","-0.547029612431516"
"G4804830","3.62274362758393"
"G4804850","-3.60821148658426"
"G4804870","-4.2466822148773"
"G4804890","3.31148253456695"
"G4804910","-0.306415926430441"
"G4804930","0.244816527704298"
"G4804950","-0.279019898919154"
"G4804970","3.54931342798073"
"G4804990","0.117791763418034"
"G4805010","1.30522106871757"
"G4805030","0.399748171683729"
"G4805070","-0.0794809822101635"
"G4900010","-10.6647909486751"
"G4900030","-0.0298264212337514"
"G4900050","0.163582395342104"
"G4900070",NA
"G4900110","-0.215523197755997"
"G4900130","-0.1383048764508"
"G4900150","1.12738867433714"
"G4900210","-1.54443633614933"
"G4900230","0.120631519876184"
"G4900270","0.0852937285022414"
"G4900310",NA
"G4900390","-13.2402546362267"
"G4900410","-0.326570042197105"
"G4900450",NA
"G4900470","1.35610957993672"
"G4900490","-0.0633886733866169"
"G4900570","-0.0193880121799498"
"G5100010","-0.840245478153459"
"G5100030","0.453305576379287"
"G5100050","-2.11699110133142"
"G5100070","-0.957328279116451"
"G5100090",NA
"G5100110","-3.23570551711425"
"G5100150","0.622909986570541"
"G5100170","-10.3949213235051"
"G5100190","2.59774027113783"
"G5100210","-2.14792223438233"
"G5100230","-0.0217633903936186"
"G5100250","2.19533572150416"
"G5100290","2.06881971357736"
"G5100310","-0.229255779880082"
"G5100330","-0.499334635278199"
"G5100350","-1.00844326312945"
"G5100360","-1.10264199912771"
"G5100370","-0.208519769476254"
"G5100410","-0.870156016225109"
"G5100430","-2.94992675129951"
"G5100450","-2.16511152597938"
"G5100470","-0.90215466053621"
"G5100490","1.21574342330861"
"G5100530","-1.72136377132275"
"G5100570","-0.581911632741203"
"G5100610","-1.03926253381384"
"G5100630","-1.0826036436412"
"G5100650","-0.105789180294942"
"G5100670","-0.222491031044456"
"G5100690","1.94235007959169"
"G5100730","-0.959311880125687"
"G5100750","0.793983039252048"
"G5100770","-1.55871965092182"
"G5100790","-0.630347714181689"
"G5100810","-0.0123903706085798"
"G5100830","0.0227316389059527"
"G5100850","-0.227845193408815"
"G5100870","-0.234905115459408"
"G5100890",NA
"G5100930","0.456492275311005"
"G5100950","1.19833334156772"
"G5100970","-0.565024179562571"
"G5100990","-1.20181878383698"
"G5101010","-0.656466704248264"
"G5101030","-1.53516298737308"
"G5101050","0.653009215686861"
"G5101070","-1.44294699264486"
"G5101090","-0.996252479468009"
"G5101110","-0.879041600057948"
"G5101130","-0.746737446821404"
"G5101150","0.284933684123693"
"G5101170","-1.49912402176655"
"G5101190","-0.639518608643487"
"G5101210","-0.825704981596996"
"G5101250","-260.398462655201"
"G5101270","-0.224406641282549"
"G5101310","-2.6920710631906"
"G5101330","-1.02084995354108"
"G5101350","-2.53149225282709"
"G5101370","-0.080472812337524"
"G5101390","-0.628476200788033"
"G5101410","-1.24532548917613"
"G5101430","-0.272313594216631"
"G5101450","-0.433999364505875"
"G5101470","1.95558719524182"
"G5101490","-0.492930864806848"
"G5101530","-0.490192091284989"
"G5101550","-6.54013803146498"
"G5101570","0.906444842912622"
"G5101590","-0.879389353538545"
"G5101610",NA
"G5101630","-1.27267014947905"
"G5101650","-0.198770149018512"
"G5101670","-3.81742201773409"
"G5101690","-0.125924428115514"
"G5101710","-2.34720162610133"
"G5101730","-0.929363730576"
"G5101750","-0.622590169832305"
"G5101770","-0.195928256210344"
"G5101790","-1.86617501529455"
"G5101810","-1.52203874329541"
"G5101830","-0.190442310490431"
"G5101850","-1.54834599414585"
"G5101870","2.60489652726689"
"G5101910","0.858161389615008"
"G5101930","-1.00032527209323"
"G5101970","0.697135717206662"
"G5105500","-0.384428552127597"
"G5108000","-0.776262488507733"
"G5108100","1.2333433714405"
"G5300010","-1.22775807310722"
"G5300050",NA
"G5300110","-11.2453851438831"
"G5300210","-0.834171342588917"
"G5300250","-1.27810542293255"
"G5300330","-44.0427131119828"
"G5300410",NA
"G5300570","-44.3612192438267"
"G5300610","-72.3304056499271"
"G5300730","-36.6502861538544"
"G5300770","-1.12882842667601"
"G5400030","-1.52547523610074"
"G5400230",NA
"G5400250",NA
"G5400270","-1.21360732740464"
"G5400310","-2.08915972863318"
"G5400350",NA
"G5400370","-2.87363789451607"
"G5400530","0.534385600797846"
"G5400570","1.36909307491206"
"G5400630","311.579342976098"
"G5400650","0.675731830629638"
"G5400710","12137.4862327126"
"G5400750",NA
"G5400770","-12.6777062639854"
"G5400830",NA
"G5401070",NA
"G5500010","-1.91518642152387"
"G5500030","-0.0874965679746563"
"G5500050","0.163934700025145"
"G5500070",NA
"G5500090","2.28721786390116"
"G5500110","0.0156084099987084"
"G5500130","-0.457058911501376"
"G5500150","3.96011549913637"
"G5500170","0.565035426059618"
"G5500190","-0.0853415576915029"
"G5500210","-0.297192070806779"
"G5500230","0.671954176397175"
"G5500250","0.854795118872081"
"G5500270","1.51750713616077"
"G5500290","-1.71148082444273"
"G5500330","-0.105299764037341"
"G5500350","0.111645079906299"
"G5500390","1.03998104637946"
"G5500430","-0.0647680590593384"
"G5500450","-0.255467733328441"
"G5500470","-0.43305707948092"
"G5500490","-0.737622881754207"
"G5500530","-0.130910896750728"
"G5500550","1.14487245171167"
"G5500570","-0.577821734031089"
"G5500590","0.0871628568413124"
"G5500610","2.69830662813449"
"G5500630","0.22648261066991"
"G5500650","-0.0288041975537847"
"G5500670","-2.17934949775321"
"G5500690","-0.1589904500679"
"G5500710","1.95649175053205"
"G5500730","0.0456061801369769"
"G5500750","-0.12168399818495"
"G5500770","-1.20219027349104"
"G5500790","6.69218758137803"
"G5500810","-0.0562053253869821"
"G5500830","-0.928486671520872"
"G5500870","5.68198027801597"
"G5500890","7.44404321277515"
"G5500910","-0.134509827939646"
"G5500930","-0.44530718101894"
"G5500950","-0.681697200727035"
"G5500970","-0.524658329207967"
"G5500990","0.575029586385747"
"G5501010","0.529336053805446"
"G5501030","0.812484818455669"
"G5501050","0.165064458497768"
"G5501070","-0.0185634549557001"
"G5501090","-0.225875656695473"
"G5501110","1.18263838555137"
"G5501130","0.433093974948842"
"G5501150","-1.39090118154463"
"G5501170","2.40010597630699"
"G5501190","1.09595432580155"
"G5501210","0.108261758756164"
"G5501230","0.453373838229484"
"G5501270","0.11812818133598"
"G5501290","0.798164862857089"
"G5501310","1.36944278325432"
"G5501330","1.33549193964721"
"G5501350","-3.74966250632227"
"G5501370","0.127395059933224"
"G5501390","2.96262541775725"
"G5501410","-0.321592411836287"
"G5600030","-0.574166502180755"
"G5600050","-1.05589993854323"
"G5600090","-0.604346064180007"
"G5600130","4.1709514729082"
"G5600150","-0.408478305772459"
"G5600170",NA
"G5600190",NA
"G5600210","-0.597575758308363"
"G5600270","-4.29191296056947"
"G5600290","-0.973380112870245"
"G5600310","-0.541364115430572"
"G5600330","-0.456886927438453"
"G5600430","-0.447891625667576"
