"","countyID","r11p13","r11p14","r11p15","r24p13","r24p14","r24p15","r6p13.","r6p14.","r6p15.","r9p13.","r9p14.","r9p15."
"1","G0100150",-2.61897025323321,-2.4898112751181,NA,0.168349075846628,0.133384074880965,NA,-13.1215888680113,-14.5470366427362,NA,0.513245530550642,0.729819912899965,NA
"2","G0100550",-0.980671783108308,3.74134408538182,-175.199957150445,0.0456236280198625,-0.428457719779367,9.308801472289,-10.9812516402493,-21.8343801598635,-1390.73968904049,0.0718503045180344,-10.2209177998114,139.102132587567
"3","G0100730",-1.43768108517778,-1.66244303802243,-175.730683569249,0.102391056001946,0.102898513322321,9.3341718862091,-11.1431618035252,-13.2714308229744,-1389.32508357484,0.990802246288613,0.839930014707191,142.341697915658
"4","G0100890",-1.6257806847943,-1.6687969065712,-176.038255309072,0.0870434599078008,0.0871977376143764,9.34127714022673,-11.0224783279604,-12.8309508685323,-1387.65277529619,1.15478555905163,0.876753943408732,141.172431857907
"5","G0100950",NA,NA,NA,NA,NA,NA,NA,NA,NA,NA,NA,NA
"6","G0100970",-0.490524777299846,-1.39789460985915,-176.507194581858,0.0368810928765601,0.0986786457392605,9.43969813066951,-8.22062392371492,-10.155052980931,-1386.37430476036,2.05858355684523,1.56541216217968,140.323827899659
"7","G0101010",-1.703431729379,-1.74433180040993,-177.528457829825,0.0750455159697866,0.0686035200224674,9.39468492319197,-11.1597987941847,-12.2806989637988,-1392.18208033302,0.782324348903443,0.721868024285365,141.876789854646
"8","G0101030",NA,NA,NA,NA,NA,NA,NA,NA,NA,NA,NA,NA
"9","G0101170",-1.98999922740447,-1.10035298930568,-177.107029778322,0.0599517752175374,0.0471829821344278,9.37888451383612,-13.9431099781026,-13.3696369490801,-1390.75900873826,0.337833163568679,1.39401707383711,140.248616346964
"10","G0101210",NA,NA,NA,NA,NA,NA,NA,NA,NA,NA,NA,NA
"11","G0101250",-1.45319515481791,-1.42151571603199,-175.790124250363,0.0950052643723989,0.101499254989317,9.31889647788986,-12.1224732971031,-12.515471298312,-1390.99987960033,2.27654118167085,2.03302129854933,144.504921861513
"12","G0400050",NA,NA,NA,NA,NA,NA,NA,NA,NA,NA,NA,NA
"13","G0400130",1.00793823266786,0.834298036733492,0.610711860914568,0.0242461090773301,0.0045951246528464,0.0894529986224458,6.7455011851458,2.67317265283322,8.33617316036961,0.0651447031572616,0.0135763836134568,0.0239815140603232
"14","G0400150",0.53709732051523,0.0236476848658872,0.120876751977445,0.042272568350472,0.0218465995362311,0.0870912237554588,6.22112487227362,4.19699303027089,3.18089771351514,-0.00530122776067457,-0.300683179294857,-0.960343786665557
"15","G0400170",0.670844961970899,2.45875873394002,4.65078384397056,0.0905518526777765,0.00960776068817105,-0.000402489787883607,8.4676811300467,20.2749622819167,47.4444107396277,-0.686004025862007,0.689395069795922,2.19188944011698
"16","G0400190",1.16406736171425,1.26722471539293,0.654867390033748,0.016855254836173,0.0119280080923237,0.0973563055818479,7.66894029846763,1.66688505444308,8.69481315385933,-0.132903311240467,-0.373626431185964,-1.0047626470799
"17","G0400210",1.09858535906721,1.27569207008007,0.244731448182917,0.0156512974052011,0.00248418488818482,0.0610089284548402,5.06953318563194,0.0120608704226107,6.13692468538535,0.265549922495985,0.373791704022742,0.442961806897618
"18","G0400250",-17.9208237498694,-6.52544595761748,-6.96441006531209,-0.2829106279886,-0.0490186899680439,0.0122981400550005,-89.7527112675672,-37.732487857819,-29.3933931541811,7.77428177119209,3.07126236133114,2.77202008144679
"19","G0400270",NA,NA,NA,NA,NA,NA,NA,NA,NA,NA,NA,NA
"20","G0500310",-9.79368917394864,8.13535812563432,16.4479711087416,-0.0231779626834136,0.153007674255521,0.0679422202757276,-108.254765346989,78.4353142647828,168.906993793543,4.15902043075394,-4.61053200981031,-5.76224532988024
"21","G0500350",NA,NA,NA,NA,NA,NA,NA,NA,NA,NA,NA,NA
"22","G0500450",NA,NA,NA,NA,NA,NA,NA,NA,NA,NA,NA,NA
"23","G0501190",0.630020025470499,0.155072649926858,1.94129798989976,0.00239463774293982,-0.0296076417553105,0.028627187149897,-7.51547957561504,-18.4175120573947,4.44033512290281,1.83713088648665,2.85460439157562,-0.0179182073332502
"24","G0501250",NA,NA,NA,NA,NA,NA,NA,NA,NA,NA,NA,NA
"25","G0501430",-0.450036872234841,-0.62166423036501,0.614557683636092,0.000808622694008388,0.00243802823470122,-0.00527469426737345,-9.6059582415783,-18.3892344238424,2.06633853449434,0.682012104059431,0.754120656506895,1.68900239917881
"26","G0600070",NA,-1.98760427517971,NA,NA,0.00916526149031954,NA,NA,-10.154699247967,NA,NA,0.453853824608145,NA
"27","G0600130",0.397219690596093,0.483208991030463,0.349142043692389,0.011629663477648,0.00270030211226072,0.0275926084812015,1.58136893537138,2.37717603313715,1.53679769087977,0.239349403713182,0.29596191970735,0.0904632260907777
"28","G0600190",0.507589263204669,0.5845104905881,0.680248284852777,0.0145771275897173,0.0224173447384714,0.0259772062261952,2.43315468943923,3.24943332275442,4.04985828257959,0.184883535478601,0.214269999838653,0.333457228664065
"29","G0600250",0.0291523441543014,-1.16344318645015,0.031813704808912,0.0768475698259057,0.213854031333129,0.153999515984619,-3.58538084105352,-17.3354967373775,-3.05247839356515,-0.545193381476984,-2.02598230969394,-0.380646223224688
"30","G0600290",0.234868064455146,0.180678338628075,0.228731911862233,0.0263767919052381,0.01696637439771,0.0490051556907399,-0.160975909265148,-0.187486456545254,-0.760310921610638,0.0575317103493785,0.0767464347850035,0.36040513181856
"31","G0600310",0.322680340693937,0.465094994709557,0.865045419796448,0.0619282355698176,0.0250548742921823,0.0146876222642835,-0.908091074575545,0.7781038932665,-4.29858947918061,0.210652642933871,0.180535405867175,-0.431136592465705
"32","G0600370",0.388856284075985,0.407649086074258,0.388334623289966,0.025474302996438,0.0412246904624373,0.0469289440485216,0.314047912474058,0.167705561845665,-0.499877284590986,0.133557570030419,0.113859971878064,0.176524606130985
"33","G0600470",0.40089678458226,0.789097688296812,0.581077838287667,0.0938434723373458,0.065769589665956,0.153684952340635,1.2605802929259,2.38867835452869,2.14904846455208,-0.382977458305918,-0.146350123850041,0.418531138445731
"34","G0600530",0.375445350195934,0.453786576522087,0.484746891040838,-0.00914978094283587,-0.00309448547570494,0.0259313626872208,0.744583596183494,1.65419148648231,1.85433505309801,0.13976888461239,0.138628366852883,-0.0239081790007959
"35","G0600590",0.508656044624837,0.78061534953117,0.600121795925042,0.00832397077704995,0.0195032089800903,0.0512675527841461,0.529188693298231,1.14465817892838,0.394914243407795,0.0376065021703269,0.0698590855779461,-0.0964285651021154
"36","G0600610",3.21900059681462,2.74059769180578,-0.341242576991466,0.114425790090488,0.196116576704018,-0.0211117157981795,-0.915478598988384,1.49112681486921,-0.492880293211899,2.18519940328267,1.53013919763394,-0.0579411403929623
"37","G0600650",0.500225353843356,0.478129781666026,0.127880611035041,0.00517967045080683,-0.00419353701378603,0.0201478524876234,0.580042847339108,1.83020297455503,-1.16756885826563,0.0103051274001356,-0.110592673052109,0.0348550668507683
"38","G0600670",0.712982162217586,0.903408210986717,0.675421786484466,0.035831999386594,0.0230354834441073,0.0561911254312821,2.95882839529637,3.88908750761307,1.91174724212747,0.0595966631641292,0.0686498467833564,0.0736100271885408
"39","G0600710",0.633422686599528,1.00981382171037,0.522683497877177,-0.0181252537725173,-0.130573132561578,0.0227416135713988,0.114331658408239,3.27536011712974,-2.61178117843465,0.149787961611809,0.0396635240778502,-0.10925802454006
"40","G0600730",0.281474924505572,0.110693492394645,0.0971250377232329,0.0253414977040153,0.0615681650094988,0.0452099333045083,-0.200488892474613,-1.08214445467595,-1.5054040268195,0.111026723689335,-0.00744458507002796,0.150426199198962
"41","G0600750",-0.712242590255675,-0.647559031983111,-1.33228713464037,-0.0501927151298204,-0.0659438679254696,-0.0220556154985068,0.62962665968636,1.25972944565535,-0.272906970225718,-0.155115087887831,-0.145680357259074,-0.196140603279614
"42","G0600770",0.62060698228549,0.810569604359255,0.806530058447536,0.044680321600136,0.0334109693020107,0.0608724325159306,0.268740381416446,1.57958628256705,0.627170937932671,0.256726001495285,0.181336865410818,0.341911348976297
"43","G0600790",239.613662218264,1.30738368953046,3.20875833538212,0.122649582314405,0.0233748124969774,-1.33786797530336,-40.852977533364,2.34048569210997,-82.4900297135648,151.220557643559,0.479194022751291,36.6869526587015
"44","G0600810",-0.0461394835840679,-0.0029381315861934,-0.222460728951921,-0.0410752060252985,-0.04908385771748,-0.00976153621415821,1.86652044358608,2.74652062893965,2.35871870032827,-0.112130037587717,-0.143383115228835,-0.133502960707771
"45","G0600830",0.355819550996847,0.35441362556744,0.250860672098732,0.00230913310675773,0.00718472163991515,0.0511233804771059,1.6794443263761,2.36408863396045,0.778846823997226,0.0331408673236001,-0.0593600799341191,-0.335371423640506
"46","G0600850",0.571172881920416,0.64406066410736,0.569593870101919,-0.00839922256412588,-0.009878904567886,-0.00793229928875347,1.99942520068218,2.35147323491992,1.99207261295929,-0.0799415067898498,-0.102457815801122,-0.037718295192503
"47","G0600870",0.912867642019136,1.00762093734392,0.818968682179101,-0.0747648884042808,-0.0870428366654366,-0.00283596136992071,-1.96998771902491,-1.43562376200271,-2.56880274703992,0.936813528206872,0.941661151812224,0.935681436382913
"48","G0600890",2.20016239803428,1.62735786693632,NA,0.305122491548347,0.177590839073693,NA,-5.46071212619757,-1.94348477213808,NA,1.65908627869403,1.01361351840698,NA
"49","G0600950",1.18001181165188,1.31468412078148,1.22124050629328,0.0324261429491655,0.0219746781860639,0.0497077013988417,2.4850327049237,2.92697634729779,0.776525058927376,0.603185178954995,0.456634188003228,0.959207769092435
"50","G0600970",1.04995957504575,1.02079931694548,1.30925435447058,0.0854793095007311,0.0337512347995835,-0.00890310060972048,4.14361016596484,3.95842649242814,2.93048644798912,1.08791911002161,0.592030752521735,-0.231511533639865
"51","G0600990",0.545567591161944,0.828189714581654,0.577951816035905,0.0438095775612949,0.0317556173899147,0.0640549866269222,1.41173359290818,2.56911672672391,-0.427236043088687,-0.243102962760272,0.0205948532827368,-0.252666731196294
"52","G0601070",0.145702708946059,0.179949635243177,0.113630842972104,0.0153822884146246,0.0229300028647182,0.0403297759493821,0.470568730625693,2.25363313311157,0.66522197135612,0.178656497836009,0.0681548817779705,0.563639250387491
"53","G0601110",0.825607795636318,0.99599203014985,0.960672140423445,0.00330708025514506,0.0143906115873987,0.0405777282109043,2.57775358086332,2.31640386207961,3.13566698856682,-0.0755882922156854,-0.274638276258926,0.0594780975711201
"54","G0800050",-0.666558392376687,-0.196862552636792,-1.1762512217457,0.00646149716691087,0.0164888554744906,-0.0222909152499985,-2.49027044077736,1.70776918662253,-8.09947787400687,-0.654942984092914,-0.564225668253845,-0.644335132032695
"55","G0800130",0.243130529009492,0.538358714425653,NA,-0.0633448407476224,-0.0229095309798546,NA,-2.60325407883633,-2.26719566221963,NA,-0.18338173903344,0.127904226013235,NA
"56","G0800310",-0.738248474189621,0.693781305580841,-4.30364102854564,0.00590613853575559,0.0178937466628378,-0.0302718156244838,-1.69066178059905,-2.63551847918675,-8.253584094711,-0.679532733415398,-0.0593552432870313,-1.6909907732485
"57","G0800350",-1.55077362210155,-0.413441535037959,-1.04333353210809,0.0813458134561615,0.0589041252957364,-0.103407017267415,7.30821181395724,-1.5039145376923,-27.5512104531996,-2.15262220469376,-0.914223686736615,-2.40256999755688
"58","G0800410",-0.174072614677312,0.160146139384529,-0.219869014219781,0.0249438362355467,0.0305379890774073,0.000967030075490037,0.578525379679088,2.07285955933914,-1.14789958174408,-0.477142876652477,-0.155916403867893,0.425163628117493
"59","G0800590",-0.370553524981557,-0.407348066165534,1.83685697817807,0.015670930564863,0.0286868094383557,-0.0177770737402192,-0.391443727741616,0.366740883865412,1.20200184225423,-0.647809359957455,-0.323675561514642,1.88672406120291
"60","G0800690",-2.09302956182759,-0.89846974474918,-6.76566205233412,0.0948012281420068,0.0649838555129738,-0.0830033216332644,-2.88216184923164,-4.72404514920629,-57.1205766557847,-0.845458501718407,-0.529550808178606,-3.70664109059189
"61","G0801230",0.126201560149765,0.252528087209581,0.457542245928663,-0.00521620495989519,0.00582393069938604,-0.0553877978121984,-0.0249020616728773,2.15815823070816,-5.85374389298791,0.239149330167495,-0.258901937124749,2.14331449344377
"62","G0900030",-0.564751543372979,-0.244237641262683,-2.116990460513,0.0162699950588153,-0.00179560888603422,0.245495789233276,-6.03165556415936,-2.64228651000063,8.600796185242,0.59821630144317,0.660585680041841,0.673340819240241
"63","G0900090",1.08814286912816,-0.00186868567110064,-0.553427918560883,-0.007185033846007,-0.0167051604722779,0.0734706616504907,2.58368836474128,-0.510294727693167,-0.178742192140736,0.880943760381505,0.440345078254113,-4.02879914789764
"64","G0900110",-0.409119833089764,-1.21365433823148,NA,0.0532814717762485,0.0554644553060031,NA,-3.27951775505269,0.844267417535505,NA,1.39816436061717,0.797667424506786,NA
"65","G1000030",1.26393217934001,0.624634052283149,-2.13265642052776,0.0235877735948846,0.0320136331972556,0.822372642644831,4.68772155850896,-3.13308340025272,16.5222529144305,0.2727512424396,-0.607313891843493,6.95536191929517
"66","G1000050",0.455012858796645,2.14136973485075,-6.5347428516602,0.04001091051752,0.082618722487515,-0.188351366659294,-0.676378061050089,1.71209539921345,-6.24799462845212,2.01778872468213,-1.6727763303942,3.09035345724259
"67","G1200050",-1.13650555157442,1.2323626991423,-1.37388506250049,0.171242653242706,0.0424935287481906,0.057421592817816,-2.40580101030828,1.5852708510295,-8.84093474628283,-0.802099834904109,-0.78500051522414,2.86156595012063
"68","G1200090",1.02598753786601,1.54451645892787,0.611102546599036,0.0814522081565891,0.0253533406952733,0.161810894129213,3.09823715139622,3.00940495333599,-1.41951135522636,1.19382250472869,-0.497505883316972,3.28384878412933
"69","G1200110",-2.54990318849695,-2.00876358349155,-1.31708700431344,0.0681288051147045,0.0205238615953422,0.0559004949958292,-0.0748768895193244,-1.31967371290051,-1.31377819218434,0.675203144521781,-0.83380267941758,3.16298135940986
"70","G1200190",NA,NA,NA,NA,NA,NA,NA,NA,NA,NA,NA,NA
"71","G1200210",0.873293106827969,0.947815368559506,0.90338317912629,0.146682392898707,0.104864776825141,0.0575336814182036,2.30008815421036,1.15904607583739,0.0264528331924758,1.07862869777505,-0.802425744116002,2.38311346807418
"72","G1200310",-0.321313442173927,-0.0126730663090697,0.023522519666626,0.0101711286937853,-0.00221578944254327,0.0206932933998191,-0.38027233943147,-0.670979052731681,-1.19925623486038,0.195603126703218,-0.865338846702679,1.14900175762046
"73","G1200330",-0.0863973258437991,0.470163559255132,-0.189458887714719,0.00491172183087317,-0.0120020164481385,-0.00204914501017438,1.3788503279897,0.951401290637152,0.498369302077762,0.178047058047126,-0.415614068492068,1.43611852120675
"74","G1200570",-2.15087640957061,0.130023126411953,-1.09428929774371,0.128135489808968,0.0186914973226768,0.0481218230371741,-4.2927744359881,1.2587816438584,-6.99759244365301,-0.0120558033867484,-0.481702378635741,2.97124096058994
"75","G1200690",-1.04798764998659,0.559071802223418,-3.21673738518771,0.0829291275330059,0.00107174829672446,0.212853521283775,-4.61094619208869,1.62418903910327,-17.3262623966691,1.28118136275636,-0.980513423608967,0.878930084374332
"76","G1200710",-3.61046322678662,-0.492262949746056,-3.81708026570714,0.162368847626076,0.167163898699165,-0.00557751455673676,-2.01762647843095,-2.86668145545468,-3.65613391609696,0.390987283923228,-1.26265673635041,3.12545354303159
"77","G1200730",0.155546910826805,0.271685929435901,0.161219241739696,0.0150207672672981,0.0172366207839505,-0.0335213109074005,1.77111831564422,1.11465328605992,-0.949130191076188,0.528559282968564,-0.874932468766881,2.66486404496204
"78","G1200810",-2.94479889107903,0.0214189569057269,-1.60165413455748,0.110896876101691,0.0189607099192276,-0.0418610978488131,-5.84567053374418,-2.23750127120093,-6.09884856052143,0.966768629693302,-1.77548569123671,3.69540334579685
"79","G1200830",2.70878196802387,1.74603759736431,3.48957239437403,0.054373000225296,-0.0163400718904077,0.164762604312387,8.25469559796963,5.00966840939659,6.87731412483165,0.82844465012183,-0.755019222604478,1.06063441965559
"80","G1200860",-2.13799895026408,-1.39212648767119,-1.6245077377824,0.109183936415353,0.0405730371205361,0.112220899776291,-4.08567277517232,-3.98020023679089,-4.69241107863434,0.34701713951776,-1.07066931562713,2.62967425240275
"81","G1200910",-0.421901456943297,0.800596081214266,0.243680137272355,-0.081675954580957,-0.0130274530926449,-0.0314237455231103,1.23488603276914,2.82939123881464,3.94905440800308,0.643716747698484,-1.74985110840984,2.30849148225988
"82","G1200950",-1.60513316857793,-0.100220569858765,-1.8595921394931,0.0914840448531689,0.0102814465955313,0.257845948320874,-4.1707948615013,1.15013722550719,-8.33478074382241,0.127754300607082,-0.98976262824509,1.30779566032113
"83","G1200970",-1.9898258355863,0.568824964236749,-4.20323014983147,0.212976430009333,0.0203948758632719,0.507194723395795,-12.8382891602646,0.425524717268437,-23.6045272885136,-1.68508949238446,-2.24881286975701,0.0150379618883786
"84","G1200990",-2.20611630705704,-1.37517139858594,-1.22808829671235,0.0777083035250791,0.0473772641895701,0.0349386636952251,-1.4873425700305,-0.224942393621633,-3.06833969155181,0.490460947046611,-0.893547182682108,3.14400762450085
"85","G1201010",-6.95150935852602,2.19661620999389,-4.99364893354856,0.196079416232347,0.00800342197165252,0.2024134320592,1.72952934905957,1.30034450541341,-3.4922444262079,-0.622178177720876,-0.221815959212613,-0.167853901320281
"86","G1201030",-2.32995872332361,0.492774177715764,-1.15456755266424,0.146750173631218,0.00849649607790458,0.148005579168049,7.47624187047412,0.0951543645208945,-0.592477475890784,-1.64261058401354,-1.67214972896355,0.977497077224905
"87","G1201050",-4.47430825278095,0.931358776787229,-5.75687936429979,0.268869012462565,0.0483640803627188,0.0324254952423286,-4.92103244995215,-0.0825951061613785,-14.8178291285852,0.291454246962237,-0.292491092982231,4.71297501686109
"88","G1201070",NA,NA,NA,NA,NA,NA,NA,NA,NA,NA,NA,NA
"89","G1201110",-0.544875037588511,0.264996292111657,-0.0236723273055974,0.152488080305689,0.108529037619773,0.0847832434387069,3.15289206169656,0.134576663897,10.1024956513283,0.00139716189287809,-1.00681891096104,3.88719353053496
"90","G1201130",NA,NA,NA,NA,NA,NA,NA,NA,NA,NA,NA,NA
"91","G1201150",0.264319966685769,-2.01924178154229,1.04546824581323,0.179532263528501,-0.207540748992813,0.147157385126396,5.38291035790809,-9.3812143834748,5.53248382137237,1.88503557656766,-2.45057234617401,4.23992160396313
"92","G1201170",0.0218431849240885,0.177840574315497,0.396862456211729,0.0640805578258183,0.00641030282032024,0.19946337485243,-5.41878646740872,-0.110650829622003,-9.37894391737211,0.312036440071694,-0.859751107180436,2.5341562646527
"93","G1201270",0.341517213122474,1.34843211797428,-0.645381888297371,0.0633184630476495,0.00591030805210989,0.209338009245017,2.1484312604383,3.02296701281765,-4.68401232462851,0.0898245700932302,-1.45103757357351,1.9900926777085
"94","G1300510",-1.10579080583578,-0.898476144802984,-2.23955476713022,0.0122669926038679,-0.00553442225752481,0.0333284384265361,-3.13748033495021,-3.66852705755018,-9.06581887197056,-0.380668313129566,0.298856442714672,-2.41129854700665
"95","G1300570",-0.844439822807505,-37.0466596139337,-0.219244989492394,0.00794944179996207,0.208948112613233,-0.0628174796572527,-7.2403822681639,-287.257223737652,-8.52730433805004,-0.202460339237497,-16.8345282660257,-1.08444345772796
"96","G1300630",0.0602961317076825,-0.42992415474289,0.0202621647844898,0.0164881289071908,0.0499874592061092,-0.0250123799062039,-1.79791549031211,-4.58953190535385,-3.28685539535103,-0.0564234460439524,-0.583486360552156,-0.788313885636479
"97","G1300670",0.0183746281404456,-0.261055731010762,0.00797268250179637,0.0193765704460473,0.0409858525734562,-0.0406968689748993,-1.81703288547127,-1.56290589597566,-4.09341884956862,0.612531656040026,0.352057447764023,-0.836791313697018
"98","G1300890",-0.108992588454046,-0.330343870811546,0.301700677434591,0.0155973357090901,0.0468770688595287,-0.03823836965355,0.496726425981133,0.288644770316036,-0.58286712120631,0.089764743413075,0.112182902540819,-0.403755815092925
"99","G1300950",0.724540523770103,0.741485581333197,1.23618725513035,0.0154453639499233,0.0268541490317719,-0.0114862737180252,1.89622348497267,2.9854781549283,6.99542076422268,1.18829745325092,1.79990820670975,-1.16949224473011
"100","G1301150",-0.199391408584143,-0.564682728133234,0.0790390145749719,0.0294438760606515,0.0325471130025667,-0.0481489041951651,-0.956772732711569,-2.48753253272164,-0.316560070060954,0.715183248056775,0.901927309084138,-0.275875129464022
"101","G1301210",-0.280518740462228,-0.907200119188698,0.0722011183256491,0.0182296112122324,0.0443589889610649,-0.0400360068692263,-0.252481064004174,-3.18525357381648,-3.16988716332341,0.696303826250189,0.294132662180715,-0.414826303160405
"102","G1301350",-0.052235455305102,-0.45649482934573,0.190782344025122,0.0286920595697236,0.0435747415019312,-0.0291166550257188,-2.02987185390588,-2.44756229060114,-3.26292899394223,0.454840260254847,0.530623341984094,-1.08438477037542
"103","G1301390",-0.414347895825885,-0.708944365804125,-0.248393521009102,0.0332625561041784,0.0483430502215582,-0.0527227736075996,-5.39237758097062,-7.19937336662643,-5.60291515324606,0.405297990497894,0.782361362548954,-0.71874822638393
"104","G1301510",0.738769770516272,0.357795934211212,1.64869331688913,0.00646015414350483,0.033166488625953,-0.0552289484734152,7.76981524018111,-2.83979269283355,8.33382053938626,0.465309197792866,-0.0165187052234474,0.217957351292633
"105","G1301530",0.0359781639963992,-0.384159482876761,-0.497706884894147,0.0101924298049758,0.00974213453220666,-0.0248545206338063,-0.128588407930647,-3.07334121920405,-4.14896714575391,0.251630042254372,0.734130244648558,-1.19475071346339
"106","G1301790",NA,NA,NA,NA,NA,NA,NA,NA,NA,NA,NA,NA
"107","G1301850",-0.365490833562127,-0.48895031934838,-0.362211960559757,0.0742550990197731,0.0469217181740413,0.00821576347018525,-2.30333774096989,-2.84174790326824,-6.41480346165087,-0.127289312743319,0.164397534574764,-0.937057605856489
"108","G1302150",-0.733069263806249,-1.07234447160349,-0.217009012346746,0.00353212807621683,0.00708302794302988,-0.0174872602618631,0.897876774873715,-0.235714045267193,-0.522743282474104,-0.044644966007098,-0.291601649046326,-1.14399006007831
"109","G1302170",NA,NA,NA,NA,NA,NA,NA,NA,NA,NA,NA,NA
"110","G1302230",-1.37692684616705,-1.79437895091752,-1.33729495353828,0.0519074094340021,0.0431404565312641,0.0403965989279525,-3.58127954106519,-5.30694736058035,-5.20852953561551,-0.825921078009561,-0.577809219933067,-2.04272111712088
"111","G1302450",0.17993932821816,-0.124846610853083,0.221740268632699,0.0057841878461994,0.00275549606051372,-0.00684466225077649,-0.634578887378633,-0.689973182080867,-3.87063120159909,0.262700865369414,0.545233349321587,-0.256041457479179
"112","G1303130",NA,NA,NA,NA,NA,NA,NA,NA,NA,NA,NA,NA
"113","G1500030",-1.23944475777976,-1.50065932298291,-3.56781887077654,0.232931811399813,0.171786834676187,-0.121323009035845,-2.96600500449593,-6.60144050442196,-7.51665847657073,2.20184390634362,-0.817744735581774,2.4103908320704
"114","G1600270",-0.0074018155932266,0.349443341461272,0.440526550583632,-0.00882609754698636,-0.0403294708194044,-0.0371058903129953,-4.43557808812768,-1.90347643236098,6.20006488538768,-0.191759801636139,0.354891169328766,-0.553064260351338
"115","G1700310",1.98467167586457,-2.10805908980715,-15.2160690232939,-0.0977475306872963,-0.0280573440931877,-0.427884541803974,15.1786460663056,-4.31973282577318,-200.051391919108,-1.52651473001052,0.836597180735663,-6.69360489286405
"116","G1700430",0.265386799254075,-3.24367302847481,-17.6902083269707,-0.0661169474597145,-0.0104013135012731,-0.399466868723019,13.8968297985402,-4.19130608951137,-200.43598283272,-1.51069358099609,0.71495467581335,-6.23835542390453
"117","G1700890",0.284442366808184,-3.51197507127921,-17.6403311673982,-0.116692118738247,-0.0385493199171741,-0.423323071695399,14.0921080666527,-5.04240337954992,-201.080881141543,-2.7759760000594,-0.274250570688806,-7.8785228457408
"118","G1700910",8.19501676362126,8.43095400740031,NA,-0.296641735382728,-0.380226917019446,NA,45.1852292938771,42.4614461907512,NA,0.010320989069201,3.38826719930553,NA
"119","G1700970",0.206527011522764,-3.72621829378558,-18.0636737414214,-0.104926029125876,-0.0225803342280288,-0.425348259781178,14.7484902233023,-5.77983641933482,-203.55286637342,-2.24619098236345,0.0235973411470471,-8.02625556212818
"120","G1701110",0.944238848503237,-2.72241314587818,-17.9683296190361,-0.104872007097815,-0.0419158719300026,-0.407121528116202,22.6357220292019,-4.37922786154374,-199.258811579077,-2.25778151941548,0.742055349748054,-8.12031510161911
"121","G1701130",0.969155294905939,-1.9176357123707,-18.8322331964601,-0.0855734284200474,-0.0542882090397339,-0.396303286031853,24.5595222781864,7.62634833489864,-207.934372305314,-2.19765494882428,-0.725420776821299,-7.49107415482365
"122","G1701150",-2.10991598223076,NA,NA,-0.125496846130728,NA,NA,-1.5410739057652,NA,NA,-4.02521137488255,NA,NA
"123","G1701190",9.22463036802842,6.53053525389678,1911.36236631118,-0.19700663280515,-0.206294295237399,-57.1368297924555,50.5855379864071,37.0146509800763,28101.930502019,-2.37256572574356,0.709823272807884,-5615.17092061056
"124","G1701430",1.12376917134035,-2.87368895316869,-16.92878834583,-0.118100345359834,-0.0475849705959835,-0.437060944323548,12.0226013427993,-8.67785706319761,-208.054622040975,-2.49403566542849,0.502110199145204,-6.76316764065949
"125","G1701630",-1.11519614922601,-3.81170352250719,-19.6945511466044,-0.0577276457658008,-0.0745409080031816,-0.359126517806033,5.52123418408496,-8.22466121070857,-220.700985847297,2.40240634575686,4.4254704008241,-9.33439831025614
"126","G1701670",0.467228060937082,0.741459091696516,-16.612130382926,-0.0571469690467115,-0.00472845742406749,-0.3475165233013,15.3743129359228,-1.97467544729564,-187.466665371626,-5.62012818988986,0.572562167153727,-12.4643088356368
"127","G1701970",-0.633290783753973,-4.07822591403313,-20.1889463016638,-0.145186870606083,-0.05722032321489,-0.509360275722855,12.5246792935444,-5.99560734189568,-214.945078531876,-1.90416329743342,0.774498385178905,-8.63823213362057
"128","G1702010",0.93693247359352,-3.51589284927869,-17.1867305437313,-0.172611038866631,-0.0971920922893707,-0.435134565832772,12.8128897278769,-7.98764596785012,-202.880275772933,-0.885603561201839,1.67429536148005,-7.73174149443219
"129","G1800350",NA,NA,NA,NA,NA,NA,NA,NA,NA,NA,NA,NA
"130","G1800390",-5.19438044567084,-1.56246145823537,-0.186370159236887,0.0813109722623941,-0.135766229977832,-0.24430991837016,-31.1485862213327,-9.6083605859568,-11.2859732177657,-0.180018685982849,0.344255749014614,4.758879142466
"131","G1800570",-5.13535148294544,0.553490899665249,-31.0253118788925,0.116958572965308,0.102474735050979,-0.920996347631608,-42.2866422068521,1.57823331552913,-223.093135077958,0.558125508387452,0.543569024324267,23.3633345964883
"132","G1800890",-2.45462192470536,-0.144260369289673,3.68044646489655,0.323389886846473,0.0745145831611232,-0.0495901586621096,-16.9436700324114,-4.28164758616934,16.4663095420457,1.82451092916787,1.5444221480711,8.79653258551114
"133","G1800910",NA,NA,NA,NA,NA,NA,NA,NA,NA,NA,NA,NA
"134","G1800950",-30.1469100671625,8.03303894584686,NA,1.01387638382937,-0.225839745045636,NA,-184.280812310107,48.2741642026551,NA,6.62748533284731,-2.47514377942638,NA
"135","G1800970",-8.73806460954543,-3.07368112619408,-4.36199500153844,0.316698628786123,0.226029054669904,0.17692228321459,-38.8430609597159,-5.88570479397056,-15.6564965740225,-3.56564941156147,-2.83744597291678,1.95079326031072
"136","G1801410",-3.20342193790137,-1.00651690508402,-0.187871699863723,0.26486172551875,0.0169025446307818,0.0241667907246122,-18.3457707958584,-7.92361577948829,-12.7644411864676,0.810147656335764,0.860824601226603,6.69233189055338
"137","G1801570",-11.1823004969541,-4.21636827150759,-7.64912605350075,0.177424095800772,0.210607951802165,0.105129748550259,-71.7267877272647,-36.1112993407007,-68.5539778966567,-1.63617924818811,-1.06559997680622,5.20980684390525
"138","G1801630",-5.17588971386389,-1.23300596975628,-4.74072810347212,0.276647706248854,0.2009539161638,0.108977698807669,-32.7099390201602,-4.67798355816975,-32.7840840066004,0.0701455951010002,0.390639448461073,5.02320176723676
"139","G1901530",0.47688515707756,0.0279030870881152,NA,-0.253890431776963,-0.267886907525678,NA,-4.21987359940666,-5.26915553394001,NA,0.572600696372824,0.464252899936636,NA
"140","G1901630",NA,NA,NA,NA,NA,NA,NA,NA,NA,NA,NA,NA
"141","G2001730",-0.773440660464423,-0.545776248926171,-1.09620186913089,0.0375575294249558,0.0457383115143636,0.0509289515746424,-2.56629906284457,-0.683810141362802,-6.51561554036952,0.0849391359827126,-0.125292284407395,-0.0213120782790334
"142","G2001770",-7.09288573922546,-5.11824366761158,-1.76005822367321,0.148726707692137,0.0551392714199264,0.459671089103266,-21.061278182923,-16.8411191626614,-25.0925838854302,0.152428464738809,-1.18062900220598,-11.6264347990346
"143","G2002090",-0.739360867849252,-0.110871774640631,-2.44580526130392,0.00669437940149389,0.00193405982959368,0.000431932398356105,3.03262558068435,7.949852428279,-7.48601526354415,0.329642061918895,0.33375708454883,0.509636448508927
"144","G2100470",5.34409424145614,3.35799402769805,-2.03944455938744,0.0625947246101179,0.0108557564743432,-0.29065311504072,45.2623844915883,30.9196849328358,-61.1467647251799,-1.10694867608958,-0.807815672691226,9.49751240439456
"145","G2100670",2.72004425261948,0.924319332735514,3.71702328013289,-0.0486806571040421,-0.11556798440478,-0.0285297422747975,12.4228846315832,0.227903096437521,15.1206264060297,3.28458001564332,2.59423103387293,4.69760383964893
"146","G2101110",1.04967378845604,0.293027883864514,2.22936935093272,0.058262516535745,0.0579269897163051,0.0288334658139246,0.494750102816918,-3.36141934821213,5.01392369734643,2.80981369216272,3.36362128287858,1.20524830666526
"147","G2101170",NA,NA,NA,NA,NA,NA,NA,NA,NA,NA,NA,NA
"148","G2200150",NA,NA,NA,NA,NA,NA,NA,NA,NA,NA,NA,NA
"149","G2200170",1.93608740066087,-1.26250408718489,4.44703311742892,-0.00804800321065039,-0.0152826757587393,-0.112141512540618,3.16704577367816,12.9961887740779,19.8068393847984,-0.611582874562858,-1.19118358739677,3.4484778840995
"150","G2200190",1.28947739069266,-1.73867457767091,3.77464017670833,-0.00294573228890997,-0.0192089910890698,-0.0946648105712506,-3.26101093442088,8.30985759226017,11.3158430491143,-0.923490269584691,-1.43622645984296,2.03583071787284
"151","G2200330",1.6051972165294,-2.49120601776804,4.00154957986104,-0.0634742729454653,-0.0201807317634144,-0.107724485076912,-9.31321472757147,7.63012386210977,10.6450109412031,-0.944030544257508,-0.826956502443472,-0.115641833230168
"152","G2200510",2.97351914069554,-1.84969545365256,5.51768606499098,-0.0367103779409408,-0.0176869152780071,-0.0548008455223438,-1.01819807966055,19.1111315758819,19.2843507824778,-0.426920857477239,0.384941314329582,1.61291209272235
"153","G2200550",1.79545725055603,-2.55294187004715,4.8996514338057,-0.0110623726842522,-0.00290080896209893,-0.0938817229745237,2.48006145689183,5.06414029727614,24.8675332746578,-0.268233463854348,-0.57962870664411,2.3354534776119
"154","G2200630",0.77987523350091,-6.80749562988266,3.65875741246805,0.0342222867136578,0.0704925517558185,-0.0748967319834068,-13.5730001313351,-7.62393476296914,3.58750884884232,-0.124274636021906,-2.55847359977793,3.05344056746054
"155","G2200710",0.752224995867053,0.749062354431882,-0.430502976029724,-0.0405345809706786,-0.0401589931523412,-0.0459989220074308,-5.66495592072379,22.0224084848189,-1.71605958601272,0.0864681673100365,-1.84306591994865,1.63096734611045
"156","G2200730",1.84769396474941,-1.6556844615945,4.88410869587752,0.0197981665997476,-0.00465409935571626,-0.0746144850985958,-1.49445905172375,8.0230348338741,15.1269615678345,-1.89371485624435,-1.45729823968146,0.836468833438158
"157","G2200790",13.7550687179583,0.345598968906311,25.092115598109,0.128920463812221,0.0380484537218438,-0.402058086491432,73.9897168409001,25.2170841172912,45.9659663045812,2.55083247529127,-0.401631107298045,17.1405862380842
"158","G2200970",-4.28532678005357,-3.04431097386167,3.59058828128487,-0.522387556045617,-0.0279709314886751,-0.598200774939625,-77.5172114158796,-0.904700357281889,-14.472709604618,-5.92979484346479,-2.2053675844444,1.79938992040239
"159","G2201030",5.77946198168497,-5.13928519490839,5.35340529082103,-0.0211986848613996,0.0135632269750715,-0.0316587674284865,-0.379011517774955,5.0784845989142,1.18782833962403,-2.57422013599208,0.95714808371484,4.97557428770479
"160","G2201050",NA,NA,NA,NA,NA,NA,NA,NA,NA,NA,NA,NA
"161","G2201090",NA,NA,NA,NA,NA,NA,NA,NA,NA,NA,NA,NA
"162","G2300310",NA,0.0273849689270556,NA,NA,-0.0124640981697084,NA,NA,8.65579404174278,NA,NA,0.532244029993171,NA
"163","G2400050",1.07783920412291,1.32632352758557,8.65583186036467,-0.00989943768749315,-0.0135484275164361,-0.502024792957394,0.586719910322735,-0.431989600922253,20.6017055317608,-0.607134058598063,0.0395789401016996,-5.03884132869107
"164","G2400170",-0.96623002176575,1.87448878005101,0.985545965352375,-0.090635471016377,0.0207423619218739,0.0497562180357547,0.634404282601794,-1.09926676566795,7.79371245687115,-4.0142544087166,1.96864469806338,-2.1317707462054
"165","G2400210",2.35054606434773,0.909644352999342,NA,-0.152763512437432,0.0249313207956462,NA,-63.888310316447,16.9553406149685,NA,6.45880273991882,-1.54431410208902,NA
"166","G2400250",1.59898303681068,0.200520378254119,545.704868687375,0.0157465814687922,0.0258340403795631,-22.5949491832519,6.87486995842296,-4.71807145051643,2143.0466269291,-0.848458708801609,-1.32086312782134,1384.35102020935
"167","G2400270",0.526476352274566,-0.303694745345102,NA,-0.00897265600118057,-0.0305249479686479,NA,-3.85493258919008,-2.60203990855488,NA,0.515632648227727,-0.39973905562901,NA
"168","G2400310",1.92679519900626,1.25792119221257,4.34278092484777,0.0128259364167472,0.0221646677864567,-0.0194193362960537,4.7472535210925,0.882963600127468,5.69049889863184,0.329964952856231,-0.324074690252375,3.18397214066872
"169","G2400330",1.63025307003993,0.460720401136997,2.11185750911964,-0.00373593005936379,0.0055301986304756,-0.0650254427275469,9.89024633614773,6.74031015121912,5.9384702640601,1.50454917241004,-0.350002976728644,4.95978771828764
"170","G2405100",3.8886076900276,3.22811020377617,10.5599125792521,-0.00790000708583899,-0.0134178480008224,-0.712926411221402,-0.807466559897026,-1.94174983885839,-14.8577580466054,1.27059167248487,0.313883798349423,10.4254748779787
"171","G2500090",-2.66575311917542,1.19685912959934,-6.71569163221568,0.173172026240868,0.187850228082342,0.0295941230636925,14.5061021895505,12.7265437020629,-14.1941521027896,4.97436528223163,0.505383890965031,7.02992833445571
"172","G2500130",-5.41213773456392,1.7669429546288,-15.1549610497238,0.21898052024409,0.250031931913905,1.37609201977406,-12.6485318602665,6.90567492172431,8.92925592199505,7.1521221654524,3.71442747508886,-12.6928368959811
"173","G2500170",-5.86325982850955,2.4254775439873,-4.67564401133056,0.174940623925406,0.263172228383874,-0.0882941472362367,-5.6194345413118,12.9102157964607,-8.14745574149678,3.71173354898941,1.63325094183422,3.64003755927939
"174","G2500210",-0.559347570049086,3.86645247853299,-3.32231316203042,0.0978007273893288,0.155790173577496,-0.19812040268874,16.4429661836862,12.1813871406623,-4.11906651597731,6.74570529382508,1.13818585373136,4.26640182340004
"175","G2500230",-0.402566487826593,2.2044409799273,-5.54878581631689,0.123670552458876,0.110723081105803,-0.101468180586867,15.6484166159231,42.8351005768347,-48.8798815730406,2.81879144747435,1.04542490417586,-0.525703823935478
"176","G2500250",-8.46934021787704,7.12758541278708,-11.24991224856,0.0689422480886127,0.206348561689472,-0.193858853800857,-2.19120231444631,41.6424629029744,-25.1789518635348,6.17840804361656,1.95340951808137,2.5365027611913
"177","G2500270",-5.47977456747513,0.605346116817316,-2.72058301179469,0.218040789969649,0.279555095710876,0.091448281667423,-16.9354450629677,2.50713298899196,-7.94688358583931,4.98736022347797,2.27456128856391,11.705239011944
"178","G2600210",-2.38898787108916,-2.69745660465639,22.6829485233618,0.752564371991742,1.37514755729831,-0.0208980493077109,-3.89003146059362,-8.157921294751,-73.514355050324,-5.12266576853264,-3.44941858610405,-17.0933459686139
"179","G2600250",-3.01311065679175,2.71198729907147,43.1584321975044,0.697964397372425,1.04118795344173,-1.63569566416983,0.178605776502027,33.5119502866905,47.7502226580272,-9.19735066666618,-1.95307946039275,-45.271797261561
"180","G2600490",-2.78181424325887,-10.1076461189484,33.5700869403079,0.446760945940581,0.797203669939294,-0.298199589308497,26.1954335916157,1.14064818101918,-81.6323642182265,3.52852646351381,4.08023312873986,-18.2044085882366
"181","G2600650",-2.43176288636518,-2.84432249763489,10.9469398323339,0.776852899261931,1.20923685860452,-0.00648397849386336,1.55415643481661,-1.10945186384515,-157.792301254308,-0.70961276245827,-1.22220473838074,-14.7909942316959
"182","G2600750",NA,NA,NA,NA,NA,NA,NA,NA,NA,NA,NA,NA
"183","G2600770",-2.68887688138849,-1.42151908630299,17.5594396919897,0.716630542490445,1.28850672828089,-0.100605707260803,-9.26326494486238,-9.23800853504411,-109.036951168825,-5.97188979824189,-3.46276682181591,-17.7995749453754
"184","G2600810",-3.29049472739062,-4.10712395913906,23.7220204954222,-0.232104968280515,0.588416741996256,-0.261109396099131,16.4517405054494,-11.7447707590355,-49.3783984813362,-4.29442574609049,0.368988962796805,-16.7582362695462
"185","G2600990",-17.5507413257568,-55.2033794111803,NA,-8.70338621542566,-14.6875351061618,NA,-55.5605622713186,-234.514602006809,NA,-58.4874989415803,-38.9028690537602,NA
"186","G2601210",5.86331859230093,-1.34563553987575,14.7251953998296,-0.258207915504956,0.657097653325243,-0.473176710535222,2.4746548483137,-19.2945905591684,-49.685572414916,-15.8606148292321,-10.0596368232185,2.96039087772619
"187","G2601250",-6.09610504646665,-5.28994516594687,143.663966128498,0.551919480274209,0.859406639042704,-2.59656058487566,-13.2138475920731,-13.4051733759064,372.459971587022,-4.75058909168034,-2.99474270983235,158.750357333071
"188","G2601390",-4.27530020961589,-2.37333696764401,18.9483069503869,0.640864689500292,1.21597816580622,-0.0773469585618221,-11.1577348242446,-2.61621064176162,-102.053468309199,-6.60517128120976,-4.06730825604243,-20.5962688283164
"189","G2601450",-1.8782433525786,1.72540881974292,NA,0.888288701420675,1.11929533833731,NA,20.7889170527837,31.4142661115308,NA,-6.97413643570556,-5.64825433493739,NA
"190","G2601470",NA,NA,NA,NA,NA,NA,NA,NA,NA,NA,NA,NA
"191","G2601610",-4.52242404850946,-4.0278718159281,17.8747040453343,0.722399989483182,1.18574067862759,-0.122334612677175,-11.4743172084416,-14.428128693553,-86.0067828802993,-1.64034701594196,-1.65696727781286,-16.0430826560749
"192","G2601630",NA,NA,NA,NA,NA,NA,NA,NA,NA,NA,NA,NA
"193","G2700370",-0.121944146282876,-1.29638063343483,-0.355347041498922,-0.0947565406984316,-0.17901889547561,0.0265950000271636,12.55698662015,4.99158866881393,16.6255410310415,1.83108095459885,1.25438948525094,0.418948937111837
"194","G2700530",-3.71767283324678,-3.32930741788983,-2.54386313655238,-0.0825962894020019,-0.0391266292189534,0.00504036745913258,-0.294834592934323,-1.76837836369202,10.7116573840955,-0.65861301698042,-0.81383493405603,-1.1098593836342
"195","G2701090",NA,NA,NA,NA,NA,NA,NA,NA,NA,NA,NA,NA
"196","G2701230",-3.16232706895359,-3.10448961948991,-2.25235105398068,-0.0594783438157682,-0.0392454195113566,0.0337617036879774,1.44550511320722,-2.42624214067968,7.84758825135587,-1.01910146975847,-1.1944265536863,-1.62735085998507
"197","G2701630",-0.756782801013084,-0.555957341394214,NA,-0.131165518271251,-0.137913180106908,NA,-5.19570545222261,-9.88884747754665,NA,-0.0443520388246135,-0.460714271754341,NA
"198","G2800350",-0.860958311743738,0.68644139871215,-14.0183381458204,0.0646444121561873,0.0763928862951449,-0.421902237521112,10.7945295895616,19.2308863837753,-106.386497101797,2.52549770149993,6.70413927902597,-9.75047232724969
"199","G2800470",-0.567452083084972,-1.76812263328446,-0.812716561438346,-0.0135554996228372,-0.0936543695779052,0.171780343659911,1.44097285703653,2.10941215264696,11.9163586071676,3.18754740342854,3.46783240664899,5.67884346014638
"200","G2800490",-4.13459919151158,-3.09907871002584,-4.14452242244103,0.0209443310777717,0.0661660647334072,0.0284406045051694,-12.0876363185591,-4.04018279649995,-17.7260855743525,0.452864328430482,0.791292262138739,5.26633108474021
"201","G2800590",-0.178940124487257,28.0327433737749,1.78549272958187,0.00656300923361866,0.581736284569898,0.102317552732215,16.0450805514597,168.687573598719,31.9026601164381,-2.33119892332278,-11.4187898569839,3.28014394177102
"202","G2800750",-557.950363488897,-18.9614986163468,-571.047611234971,10.1610468544535,0.349942305112582,10.3767418032578,-900.855855491067,-24.5959339457202,-884.555303620666,222.66348629667,10.8882718521888,253.181025256392
"203","G2800810",4.57940075811789,4.59152783513406,5.98577946169071,0.0279186367637965,0.0280191961264036,0.0490489963913174,57.5714512585518,57.6417453540469,81.6166694060509,3.6613695342941,3.64007877457447,6.2674891207582
"204","G2800890",NA,NA,NA,NA,NA,NA,NA,NA,NA,NA,NA,NA
"205","G2801210",-0.982408310939309,-0.868191583517183,NA,-0.0229858953206287,0.0116860009006775,NA,-6.94633008381901,-3.06430112321498,NA,2.63382092639855,3.1682865144025,NA
"206","G2900470",8.221052583715,8.01035942074326,6.60246028316261,0.252447840095489,0.167223934736242,-0.547573630667518,10.9303647002234,13.6890660510903,7.60682269935706,0.261493847387439,0.167544046194143,-9.71010500689245
"207","G2900770",9.01163923248036,8.5836058703666,8.09730757939619,0.0379032420764041,0.0766064031461596,-0.0645645954675896,19.8896313902345,18.8146731171415,20.0628937727355,1.4197729316751,2.21226757064653,0.196835227776681
"208","G2900950",8.6525581068442,8.49196785336809,7.74500061424671,0.179671346018024,0.124139735581497,0.026689944852928,17.5509556366837,18.2901939357021,22.3196753859332,0.129439807743757,1.01586255944395,-2.86614304432578
"209","G2900990",23.9109496975189,12.6872134015086,NA,0.240052194649978,1.03152846783538,NA,164.112649224313,15.0307817065647,NA,-5.36683970258624,5.47271847901205,NA
"210","G2901830",14.8787250254166,14.5470958046264,1.83825212610883,-0.0199020072030343,-0.0277273708905845,-0.272231601675397,23.5330670426641,23.0906164914116,105.128256556009,0.292610689590365,0.574344035974542,-7.56699511721402
"211","G2901890",11.1844173586814,10.7586717588069,8.22866287921482,0.0343943511341285,0.0293801154592261,0.0273740403314662,20.6073198409644,20.0077256240212,21.2660230219588,0.140319572343645,0.242383084549676,-4.63985659037125
"212","G2905100",NA,NA,NA,NA,NA,NA,NA,NA,NA,NA,NA,NA
"213","G3101090",0.265776111784328,-0.32323953637084,-0.0678013358402087,0.000354631092698063,-0.00165459824866984,-0.00166617508808348,-0.717074463586224,-3.44651030451973,-1.6950019169316,-0.247592496668856,-0.231651554947304,-0.158306770680627
"214","G3101530",NA,NA,NA,NA,NA,NA,NA,NA,NA,NA,NA,NA
"215","G3200310",-0.492186519608304,0.102977671941341,-0.026016152495337,0.0174720146947911,0.0479357108138479,0.00488266688150129,-0.901818138615928,1.14809011978993,1.27485026544986,0.0382425788669838,-1.08695102961324,-0.643310626431288
"216","G3300150",NA,NA,NA,NA,NA,NA,NA,NA,NA,NA,NA,NA
"217","G3400030",-0.711767240367434,-0.770886025722449,6.08185339184231,0.0576846726993743,0.0616121084206925,-0.108774939690735,-6.95029431287981,-10.3439221916131,92.6455564311941,-1.18582184322027,-0.549047397249459,-2.61583034292629
"218","G3400050",-2.56388005427026,-2.34662653643687,8.26927458210015,0.0325559331846594,0.0507769400975346,-0.531605378234134,-5.33204425506592,-5.97643407370486,41.5625736955172,-2.15561508352677,0.0316638310428126,2.96374181749358
"219","G3400070",-1.58062072913,-1.43185259964485,-0.367136645575971,0.0157117640296641,0.0380745192295251,0.728475721607293,-9.44999966262307,-10.5507189287512,19.8171703552632,-1.32919025251785,0.636845943346802,-1.43984329798749
"220","G3400110",0.487146619205145,0.824538429061218,-9.32983794833281,-0.0115942759859881,0.01431320901026,0.983781007151326,-2.08112199343944,-4.9431746625056,96.0172553561037,-0.906233098227308,-0.672023279162504,3.05645868935554
"221","G3400130",-0.77784915870897,0.109487969381671,-4.90039327059302,0.0471879545840083,0.0398717293930804,0.338091388487706,-13.8039722797044,-14.6964816041631,103.381491104727,-2.07964626885154,-1.40039214935474,-20.4077498811723
"222","G3400150",-2.88041757878523,-0.747952194292929,-22.3101567243433,-0.00774076948718943,-0.00453546634545682,1.82697231124899,-10.6149184985592,8.32069760856978,-690.035557928027,-1.81776077135562,-1.14027229984239,41.6222346579557
"223","G3400170",-0.330773079750271,1.42200380050339,-16.4082443450573,0.0553616773391729,0.0655218379646438,-0.263842093067442,-9.28463599078803,-3.97084533254084,1.37175994088938,-1.61828480474355,0.544652855758285,-10.7041176965087
"224","G3400210",-4.02211237349261,-2.79972187955384,10.5601357922397,0.0476811414307088,0.0649049194586648,-0.508562167891225,-23.0642728009907,-20.0073895006454,83.758626867966,-0.849799233535452,-0.295137085806006,-1.79738105832859
"225","G3400230",-2.3293203354034,-2.39308541974491,10.126228020573,0.0473081716234821,0.0566753817182043,-0.132013763296067,-15.5945420171092,-17.2585220766121,69.6130764955958,-1.51123210724746,0.534085989073971,0.126711566590633
"226","G3400250",-2.58053556346805,-2.44757765178168,11.4381029310612,0.0459021303821924,0.0625696778446343,-0.375319245813445,-10.0087366640995,-12.0465418760274,77.2900218281731,-2.47311065604789,-0.14829209115646,-5.86687817338633
"227","G3400270",36.3425323259848,-2.2022858939587,49.4603865759124,0.228757303395684,0.0422865079578197,-0.260538374034054,-6.48368338988214,-4.99999544770704,82.2156155628765,5.66519845486894,-0.73120101405947,4.53284363124972
"228","G3400290",-0.680257713884427,-1.76955685990899,34.2106139989225,0.0410248761420984,0.0472154391937065,0.531723982058641,-9.85677881887384,-16.5339427019465,240.540005844149,-0.990644584419208,0.0775928118279345,2.52241960843818
"229","G3400310",0.881107701176181,0.386848464437072,-3.56255499522762,0.0363144699099651,0.00526733338022708,1.34114031401949,-2.02797560504183,-4.83877920929578,41.3010022914568,-1.02878699261187,0.618067961558166,-17.2510448873347
"230","G3400390",-1.33266936987413,0.445282576984906,-7.54501830908372,0.0468396756135488,0.0470434013651521,0.349506123170357,-16.1297164310382,-11.8647972096648,59.0425193179873,-2.04693017703065,-0.520367592257485,13.0367996166845
"231","G3500130",-0.217248563829674,-0.565261741168562,-0.00157284417727649,-0.0109693371697237,-0.000949282867871766,-0.0525974173881301,-1.09739056853713,-2.51100617035603,-5.39288111027817,-0.510302109726265,-0.451834314767526,0.181072924924654
"232","G3500450",0.630776610274811,-0.0902519467424507,2.9467255793443,-0.204584122628211,-0.027789527750935,-0.764798686549571,7.42730080975931,1.21282055005462,29.3447644744942,-2.04275660170919,-0.634380084551674,-7.16046927538691
"233","G3600050",0.293217308275968,0.70397374440505,-13.4313533154752,0.0708082881629933,-0.0129614844774651,1.2607265322539,-1.66225812296114,3.70900517628783,-42.5737035626198,0.837250191358613,1.06453475860772,1.34198113907487
"234","G3600070",NA,NA,NA,NA,NA,NA,NA,NA,NA,NA,NA,NA
"235","G3600270",-2.69351132100198,-2.5947022036087,-6265.43340599016,-0.116513781394993,-0.0878000777552404,310.610395965453,17.7151653139368,21.0781049419838,-40609.4458968997,-0.640386247018551,-0.958928786137797,2152.50473432398
"236","G3600290",-7.48180720249326,-1.77530309541924,1.03543878217099,-0.0807230267218464,0.128391570904267,-1.14495898037965,-83.516646685358,-9.60575794642052,-64.5087704338473,-7.26248289470821,-2.6516873906226,8.44001004381408
"237","G3600450",NA,NA,NA,NA,NA,NA,NA,NA,NA,NA,NA,NA
"238","G3600470",0.961748165129153,1.02157516834594,-14.1925034942406,0.0614722859413743,0.0136013416988416,0.814712269594319,0.626635728306822,-1.25366054877092,4.3428884170925,1.94327646640967,1.96819844704398,-8.83642521251962
"239","G3600550",-3.9226587681619,-3.65430870809343,0.628987264157997,-0.00345901843873607,0.227209212531297,-0.630477003841394,-22.3854208537003,-11.0563034180501,-13.2234551202606,5.96699657185236,-3.10318085565028,4.45521337994087
"240","G3600590",-0.689750222026409,-1.68418664333486,12.1396613334452,0.0159597250558947,0.0159788894433394,0.262477176447453,-1.05820338156549,-4.45549478772312,49.4662687263982,-0.00117637738224797,0.230451933921026,3.66781545878015
"241","G3600610",0.29791220549483,0.595788078957366,-14.10615116383,0.0569120141510669,0.0236492746590081,0.655475492076956,-1.90966003430326,0.354418731076872,-31.3437212719434,0.898709376229849,0.908491513864829,-3.14033877690726
"242","G3600630",0.0240035500148695,-5.97518634214386,5.41450175835531,-0.165582392551604,0.348164801762691,-0.513943036865481,7.73282887714857,1.99603262707737,32.2610001441308,4.02609534949766,-2.29173497434784,8.32105191698701
"243","G3600650",NA,NA,NA,NA,NA,NA,NA,NA,NA,NA,NA,NA
"244","G3600670",NA,NA,NA,NA,NA,NA,NA,NA,NA,NA,NA,NA
"245","G3600710",-0.149628060791508,-1.72828530680916,-10.4885936169429,-0.00381873281990949,-0.0278046757052474,0.880250252118663,8.1162158872152,6.44841383647756,-129.556112283274,0.411413380323852,-1.01712402390466,-21.6896186626538
"246","G3600810",-0.0137127536133075,0.499906141184127,-10.7731622090874,0.0510452363359236,0.022720884233199,0.647902597640001,-4.62468195766043,-1.41797819195048,-3.42210929846475,1.26995681061076,1.319008496728,3.37811409823559
"247","G3600850",-0.238278405834914,0.0661834934690616,-13.6572020141042,0.0493162988202378,0.00720790972176148,1.04712828201929,3.70963443565946,7.90591359552763,-142.537569544095,0.773341193639325,0.524099050129313,20.7905831952542
"248","G3600870",-1.04002998709313,-0.985027237280131,-1.94422244096879,0.00270971901065645,0.0122477068781046,0.825716791494124,0.631957732417175,1.71933635629088,-45.0030160675671,0.876474983301395,1.51506851605037,0.589144534315297
"249","G3600930",NA,NA,NA,NA,NA,NA,NA,NA,NA,NA,NA,NA
"250","G3601030",-0.71893956042203,-1.27879052194605,6.79896394690095,0.0159619248299853,-0.000991619935461875,0.263754107892863,-2.31994586105365,4.88722548932688,-5.63571861803038,0.922626393858015,0.753209200156148,2.12273857812573
"251","G3601110",NA,NA,NA,NA,NA,NA,NA,NA,NA,NA,NA,NA
"252","G3601190",NA,NA,NA,NA,NA,NA,NA,NA,NA,NA,NA,NA
"253","G3700210",-2.42851202670285,0.786481708671118,4.81782801286665,-0.405313897718125,-0.0445350721233549,-0.424743024019606,-4.22872969193965,0.558381765937087,13.1895802463739,0.826541749105958,0.160161145479321,1.45707793150006
"254","G3700250",NA,NA,NA,NA,NA,NA,NA,NA,NA,NA,NA,NA
"255","G3700350",0.749988278512286,-15.9845803476997,64.0304103924242,-0.29916876506195,-0.555026209336021,2.10732458283195,6.20989989802605,-46.0529466986013,188.51118778644,1.88773246161441,-3.9384304290487,14.3312523927406
"256","G3700490",NA,NA,NA,NA,NA,NA,NA,NA,NA,NA,NA,NA
"257","G3700510",-3.33536664888363,-0.368621516481965,4.17028150925467,-0.396096859100334,0.00327004350164014,-0.486329192908733,-3.05893504946649,10.569109961722,16.7438600111834,0.94364815309906,-0.369739970603245,1.26056468019071
"258","G3700570",-3.30324374175538,-3.76777006026613,29.1791036163811,-0.315591819295727,0.19309505291418,-2.91041393809489,-8.15211810391715,-17.0414458046106,148.119059484975,1.69389822204428,-0.415554417072182,-9.32174837321554
"259","G3700630",-1.81581342516184,1.53560574568693,6.14174405043253,-0.378722834811596,0.0167452228032974,-0.480515942513136,-2.07381719304791,2.7427766863132,21.122416771111,0.7876419716919,-0.421814231541277,1.52519327032078
"260","G3700670",-2.93171561202896,0.76605646760226,4.62284924697604,-0.380013571765674,-0.0294550022549766,-0.487361789826422,-6.63815475582698,0.731250574854383,12.025056909695,1.7427370611762,0.507361590207441,3.91917217690619
"261","G3700710",-2.78035003404392,0.223647539038403,4.71973207929439,-0.339410414645842,-0.0319563850502385,-0.471638316669154,-3.31746557423716,0.101960846899556,17.4206520871589,0.846926278302971,-0.0901081521010911,2.17017655016695
"262","G3700810",-2.61544255265592,0.643705766845485,4.21484267073138,-0.380793630235117,-0.0235029987835568,-0.519912234948793,-5.56974541295712,0.666054108127042,6.52509886736615,1.59113691367441,0.3562885308963,2.64156329154399
"263","G3700850",-2.5700931214298,0.0954499266753734,4.66561084196599,-0.360189459723008,0.0611334208806615,-0.343272383345807,-10.5764455233229,-11.2143728676887,-1.14548360542202,-0.173682516570494,-2.25798896948419,-0.925577386913808
"264","G3701010",1.75598017315893,3.43703212248426,2.41955302000506,-0.482813087474152,0.0455432663916616,-0.5868688566181,8.08993623973059,19.0096604409997,-1.81837387620266,0.516144131582629,-1.33215937102265,4.00206669157875
"265","G3701190",-2.28218230249864,1.06921993888329,4.98875791862033,-0.372166912468284,-0.0364894318679132,-0.482379922447175,-2.98853192409578,3.14212883868223,15.7991771928081,1.36983029689968,0.677927275978382,1.87741121276142
"266","G3701270",NA,NA,NA,NA,NA,NA,NA,NA,NA,NA,NA,NA
"267","G3701330",-3.55591228165403,0.447741245152553,5.10368458042957,-0.346075682211158,-0.0287638059921585,-0.453229597039091,-17.0209753431106,-3.20959763196342,14.9972367756583,2.57140975321776,0.874519245025185,5.43474793020855
"268","G3701470",-2.74641333982302,0.852803164520668,6.28060144367957,-0.33281949390912,0.0821711970357534,-0.389309372196452,-2.58253690816221,3.0676799047261,18.5878382215976,1.34346369412799,-1.24774492475794,4.94090449425319
"269","G3701510",NA,NA,NA,NA,NA,NA,NA,NA,NA,NA,NA,NA
"270","G3701550",-3.38431213358583,-1.24110178949839,5.82436295337393,-0.397172041251092,0.00811898680860242,-0.55189605813514,-2.81303147705762,2.41718455245504,16.2938646836281,1.58789863505456,-2.31795307615188,4.48067642118256
"271","G3701590",-5.66688283237924,-1.29885394963891,5.41477664321104,-0.261535227013496,0.00784482287090989,2.95578527069648,-13.9365964802043,-5.23769469402941,169.054848434409,1.01707424165978,0.275518525169751,-17.3713628910764
"272","G3701790",-1.89475614405493,1.89750263793689,3.91477007490249,-0.387154257134005,-0.0505867279404989,-0.446245991302355,3.82346934427224,6.43853431929825,20.3902776152429,1.08574008642108,1.41185872931928,0.365196613374501
"273","G3701830",-2.67938230535893,-0.0372965339086046,4.66718144438751,-0.369116618098581,0.0366745205116466,-0.48622119331256,-4.18977706574199,-2.67978754164861,9.9530994925388,1.58462677452608,1.14625312584379,2.85947717420142
"274","G3701910",-1.75748029548634,1.83976186581906,1.92947718206196,-0.408083194796767,-0.0368975898793234,-0.487499832762358,-4.3107963439197,14.5197748905257,-12.5477159825577,1.77953764957111,2.04309592941688,1.65420376598565
"275","G3701950",NA,NA,NA,NA,NA,NA,NA,NA,NA,NA,NA,NA
"276","G3900230",NA,NA,NA,NA,NA,NA,NA,NA,NA,NA,NA,NA
"277","G3900250",2.18745326011575,0.167118610505546,-0.423410407203104,-0.0638871177367019,0.0721996875462598,-0.181912172948434,31.7579406872044,13.3722443241061,-5.65086640458134,-0.237566912184188,0.781390034078336,2.92692566171068
"278","G3900350",197.766199020356,19.8293683362322,NA,1.31049568279901,-0.215776316540748,NA,460.808868876074,80.7068341225956,NA,-50.0341745262847,-1.82866170522113,NA
"279","G3900490",-13.8321365722347,-2.22314850312683,-9.97843281237066,-0.942040405487264,-1.01502806639329,-0.392186328750894,19.9335501687597,59.2511829775637,29.5766245442212,-3.23628099866407,-6.23832007010921,-5.63447102039637
"280","G3900610",-5.27137350680615,-4.71029926620068,-0.246410298877008,0.085532031104923,0.0570180433744147,0.00963225470480956,-0.318964712458003,-1.98458554898222,2.80077182156223,-3.55919363255884,-3.58032235085548,3.34032493292865
"281","G3900850",NA,NA,NA,NA,NA,NA,NA,NA,NA,NA,NA,NA
"282","G3900890",-0.479264059549098,-1.40268158141399,NA,0.331686108624539,0.139243461554573,NA,30.3393890435791,31.5231689712361,NA,-5.65557889136613,-6.55532064040525,NA
"283","G3900930",15.8127209917397,-7.43903893333769,NA,-0.297765565844277,-2.1287491204206,NA,319.919670525602,260.791269985149,NA,-3.56681383306596,7.25370281655404,NA
"284","G3900950",12.8313144617635,14.6520226876806,14.8586173128341,-1.43544148343285,-1.27649228225166,-0.54422231305345,80.1820907191021,75.4444097743779,75.3157183675599,12.3197859882417,12.3721055666044,20.1683970599663
"285","G3900990",-6.42208356526656,-3.8822014706941,NA,0.0975851052825841,-0.163420707554825,NA,0.267554496139016,6.006991713521,NA,-6.61793904626348,-6.46577659664996,NA
"286","G3901130",6.75543866793622,6.05560376908922,2.56464857072545,-0.225926950793725,-0.109129812254368,-0.119650540526599,24.6289412091594,15.6339938354556,14.3517374162407,4.69277756420719,3.86495626359315,5.94174552409099
"287","G3901390",NA,NA,NA,NA,NA,NA,NA,NA,NA,NA,NA,NA
"288","G3901450",NA,NA,NA,NA,NA,NA,NA,NA,NA,NA,NA,NA
"289","G3901510",-6.94244322379597,-3.68402295081629,NA,0.0941913574113709,-0.178028850634028,NA,-7.31276773706056,5.77870945986206,NA,-12.549395808314,-5.67439295169369,NA
"290","G3901530",3.18438196728067,0.435931819154727,NA,0.10739660813714,-0.201482210465682,NA,45.8633701656759,35.5594794213498,NA,4.58799378755586,1.15984919631989,NA
"291","G3901550",-18.7225820339485,-2.5703629853998,NA,-0.515190757615672,-0.331431810783321,NA,82.5830558410373,18.9003838011793,NA,-36.3012825023573,-5.19711831494286,NA
"292","G3901650",4.56990688865562,1.55154888235886,NA,0.297155924489118,0.133558757283071,NA,-16.6153282192027,-16.2323419234004,NA,5.07874647829432,0.954730950840521,NA
"293","G4000310",-1.20929283656024,-0.706591628235901,-0.823960119016852,0.0231417805590965,0.0342714400650737,0.0104215603851498,-2.58424103451363,2.35820773028434,-1.41104827494787,-0.849801216806364,-1.15161537989926,-1.68350956178578
"294","G4001090",-1.15799471051286,-0.723711701846779,-0.188961600699592,-0.00760800387884583,-0.00574863464801822,-0.0176020432216652,-0.918255912953304,3.2738425185852,3.59999170673113,-0.507389994669218,-0.898555214964503,-0.181465110053083
"295","G4001430",-1.11202290348144,-1.0647092124615,-0.754327619731366,-0.0211401163714358,-0.0140544025693716,-0.0232739718953687,-1.85152189005957,-1.25748950336073,-0.878673721684349,0.55898958378765,0.254364510316098,0.346308781023219
"296","G4100290",NA,NA,NA,NA,NA,NA,NA,NA,NA,NA,NA,NA
"297","G4100390",-3.56210374732615,0.744815940938571,-6.78272564634723,0.129066014327605,0.0371897406392793,0.478900531683139,-4.95085784550909,-3.18039922222088,34.4309342523645,-0.61129730613009,-0.40703154969786,-5.29894068794443
"298","G4100470",-1.17623987258426,1.23333779984316,-9.11173783117388,0.026275105968175,-0.0544828044450257,0.244712815249381,-25.5165573833498,-11.3686363179274,-11.0099016283917,-2.54246926112619,0.259695864770296,-3.41983553981083
"299","G4100510",9.06147510944011,5.14458599090211,0.407551857141176,0.011169734550903,0.00889416749592919,0.264429677084376,17.9552962168036,-0.891089577781506,27.3746851008824,2.37486507454251,1.77081330497816,0.414824804648075
"300","G4100670",1.77634919400851,2.72656868502232,-1.51836613970511,-0.400596109109686,-0.0168193726559752,-0.0355414803228523,11.3335911515909,10.3245850936747,15.292993030822,-3.73565115055451,1.26285785988222,5.11318702533843
"301","G4200110",-1.25582925182822,0.669229137835667,NA,0.0188440298778831,-0.00190353991082746,NA,-10.4360494841886,0.890267358466933,NA,-0.501101112251138,-2.00573927219442,NA
"302","G4200170",-1.57016218857288,-0.600356698266422,42.0630952103337,0.0135367782232344,0.0093651306997718,0.348967611989499,2.50825258446441,8.98502312948568,-179.054615843371,2.23706618713239,-0.902455429599232,164.066121156847
"303","G4200290",-1.13309927273164,0.384875133438079,14.7949387501342,0.0125851180055775,0.0294376234805863,-1.08119632771005,-6.30468981005712,3.82062758296952,23.4700625924325,1.17577550041207,-0.622809948343465,117.743455446332
"304","G4200410",NA,NA,NA,NA,NA,NA,NA,NA,NA,NA,NA,NA
"305","G4200430",2.44303425765799,3.25765567462868,NA,0.0383365197106756,-0.0185779123782486,NA,4.2047398781717,10.7684371879518,NA,-1.0590049958893,-2.33325660737855,NA
"306","G4200450",-0.406235067477119,1.36129641471621,-15.2462833797355,0.0103244098068699,0.0167196128054177,0.238964676778581,-7.39064879897338,3.4101200842271,46.7567962309816,0.51223916257584,-1.26995657021022,77.2317827331848
"307","G4200490",NA,1.96305928371322,NA,NA,0.0380571354239165,NA,NA,18.1225933844029,NA,NA,-8.98083154048543,NA
"308","G4200690",NA,NA,NA,NA,NA,NA,NA,NA,NA,NA,NA,NA
"309","G4200710",-0.230986501179358,0.647082117255239,72.3408379078824,0.00201731489390319,0.00760112583436206,-0.292115168307777,0.17465885888922,5.55397793001159,376.954618119172,1.4133580572243,-0.830084821889106,50.7049489147984
"310","G4200750",NA,NA,NA,NA,NA,NA,NA,NA,NA,NA,NA,NA
"311","G4200770",NA,2.03090435684421,NA,NA,-0.0534705567123129,NA,NA,0.720585184910698,NA,NA,-3.24299081726241,NA
"312","G4200790",NA,21.4102860081897,NA,NA,-0.679153278420465,NA,NA,-7.55551326785344,NA,NA,1.05591704553097,NA
"313","G4200890",NA,NA,NA,NA,NA,NA,NA,NA,NA,NA,NA,NA
"314","G4200910",0.0529156490094206,1.02674107559154,-5.13530608309665,0.0158832100580084,0.0215361096642754,-0.760353120866329,-2.40059247927719,2.99202587928714,24.2749149282035,0.869626571554413,-0.507483464668231,69.8087727536218
"315","G4200950",NA,-1.89000656511713,NA,NA,-0.103816971704304,NA,NA,-14.1318711950802,NA,NA,0.957463803956058,NA
"316","G4201010",2.48773827258017,3.67436674051185,-75.7915394105029,0.00773220256102025,0.00331221977413914,0.988589751835986,-1.48210320099432,4.4862065454167,-33.9452554891509,0.832368033640984,-0.0717322931499369,64.7862561473883
"317","G4201290",NA,NA,NA,NA,NA,NA,NA,NA,NA,NA,NA,NA
"318","G4201330",NA,NA,NA,NA,NA,NA,NA,NA,NA,NA,NA,NA
"319","G4500070",-0.621327833063763,0.154720415923336,0.320054259681403,0.015517651392092,-0.00425399255813649,0.0429515669824478,-6.89435732469391,-6.485826452907,22.1312077810187,1.79021174980427,0.425457655929335,5.52975718135873
"320","G4500130",-19.3919232958341,1.012731275064,-17.9818295993891,-0.359386488007355,0.00769753625746821,-0.288392233425884,-61.4815700343551,-3.31988908279958,-28.3118052906211,8.01371784346266,-0.866094289603026,11.3351511561587
"321","G4500150",-0.608790543494532,0.913105464226391,0.322979386131262,0.0183071824299083,0.00171251935208464,0.13782590904175,-14.527203454283,2.98278231480239,16.7663780217982,0.697351061858073,-1.23522098360337,5.32666439395118
"322","G4500190",-1.38605890046695,-0.869873374472175,-0.414856366168066,-0.026714145676133,-0.0540472956424399,0.11327189323666,-9.16132116357239,-6.42744996806538,22.0532087387359,-0.220360611307367,-0.600441896995428,2.89160743138847
"323","G4500410",-0.366775131503392,-0.447179298438517,-0.999978852360418,0.0313610674435692,0.105063411226913,-0.0562235568737568,-1.09651479221965,-5.60749713866869,28.030361146799,-0.637719263137622,-1.89161786102213,2.97373895841644
"324","G4500450",-0.421191868917824,-0.364481887307779,1.10828391962394,0.0271355772308371,0.0272481469636345,0.0546559142246993,-5.33219697534082,-6.42398973232903,28.3137745100888,1.86632788099069,-0.326813210359764,5.45834700319657
"325","G4500510",-1.29780256176755,-0.384925375604805,-1.73669667832857,0.0279885157104956,0.0125323830831048,0.0492884690528701,-13.8262859193523,0.611065288678944,15.7712316529855,2.104083116952,-1.25486270959362,7.75922324412238
"326","G4500630",-0.291254189586012,0.256662150694991,0.795210643588601,-0.00604741267420724,-0.0133983386321223,0.0781737312345075,-7.72080508210939,-4.34366980093887,25.506947920445,2.45723070222286,0.379480379724104,6.39026187780305
"327","G4500750",-6.43472453752599,3.22935052583216,-3.21793086483822,-0.117216690361816,-0.0190868787327934,-0.181150312211251,-30.7308199557877,4.86492965568167,16.5650164248859,1.25412911192815,-1.70972945049331,6.23049285430128
"328","G4500790",-0.894369576998237,-0.0618499746233539,-0.0213941807101637,0.00103762887356601,0.0134774494930087,0.0481969729759625,-6.84579057325337,-12.4853242882172,30.4496611367618,1.28501156178071,0.256718234045516,4.39324236860575
"329","G4500830",-0.579966470653559,-0.0319353569636834,0.338765729021618,0.0293433588576029,0.0483916085121359,0.0480753208236711,-5.47507069793728,-4.26376459120576,25.7924480319266,1.67962399411137,0.0835073659224508,4.5421022515305
"330","G4500850",NA,NA,NA,NA,NA,NA,NA,NA,NA,NA,NA,NA
"331","G4500910",-1.12857585847346,-0.442386256911,0.131361305622167,0.0549652890028905,0.0479058737136742,-0.0208145590026914,-9.44564348903595,-5.12042612852441,23.6787058519153,1.6413334660811,-1.05929190296728,5.10613505175524
"332","G4601030",2.37852695686383,4.23618586291922,3.14623053784225,0.507150546725226,0.595077064341839,0.249588372210007,47.4441806047171,92.1975227764521,90.0804571255791,-7.46410361463509,-6.55203515325596,0.756190710620684
"333","G4700650",-0.690006668656671,-0.0186852676494197,-1.00856860909177,-0.019550305004841,-0.0451933798127067,0.0349650179153997,-5.93433703089634,-4.61368867843617,-7.58575349252662,0.269845067007528,0.518683967742858,0.695076886528608
"334","G4700930",-0.639769084232246,0.215166740819774,-1.38233522060307,-0.0173746982041976,-0.0424802158342742,0.033125950805289,-5.30030394200547,-2.58011939319714,-8.90683778016319,0.0390769297005137,0.132085237781603,-0.205831599681984
"335","G4701130",-1.75788157859463,-3.44698135505803,NA,-0.0398903190405706,-0.0572119721119709,NA,-10.2910030624583,-32.377037665914,NA,-1.80957821839283,-3.71767257273497,NA
"336","G4701250",-0.916211333295523,-0.439544550061654,-1.89913388881538,-0.00158555822331662,0.00752418180462021,0.0157958776499241,-5.39130712338437,-6.02451909778887,-30.2304273073392,-0.209743413861695,1.08979866012005,2.17491314108767
"337","G4701490",-0.766726384735712,0.37787360733786,-1.70533327893761,0.00521549274468466,-0.0154044045819394,0.0408643765251797,-6.75476682110119,0.387578546490961,-14.9093208791276,0.516053855404871,0.500589496876893,0.118088137590238
"338","G4701570",-0.397693409494926,0.155348815935034,-1.40876676453878,-0.0609910999267818,-0.0308378213604788,0.030408351268681,-11.8007732989262,-7.82309264586909,-7.05286857413596,-0.620639083332315,-1.95538066607357,-0.50798865741749
"339","G4701630",-2.05334965396544,-6.35629422295346,-2.57595832294671,-0.1012537974833,-0.302447688487407,0.000419042880181953,-20.2640823673675,-64.3987407552495,-23.2401516100385,-1.99433404999232,-7.87419542686809,-2.00423472284342
"340","G4701650",0.352406209915145,-619.900253900102,2.40799948920655,-0.0835049041960602,13.3679474050484,-0.14865839504318,10.4677135758443,29761.5653219214,47.2206698126633,0.0854004814158025,-1096.51801850707,0.399600961131447
"341","G4701670",NA,NA,NA,NA,NA,NA,NA,NA,NA,NA,NA,NA
"342","G4800290",-0.0261410269720897,0.0503114488357492,0.563489095281864,-0.00366212967305918,-0.00358723984050445,-0.0217279724519492,-2.99731848291132,-0.324926180863086,2.08229333715105,-0.125178778615458,-0.124779956634314,-0.194743683805423
"343","G4800390",0.147753523249802,0.216344571650151,0.405363556457747,0.00309352369240332,-0.00666371944700301,0.0108058777612482,-2.08016777077798,-0.340785178917454,2.97118979377592,-0.851401893414168,-0.683246807725147,-1.14812000499452
"344","G4800410",NA,NA,NA,NA,NA,NA,NA,NA,NA,NA,NA,NA
"345","G4800610",1.06008831220155,0.894903892233483,0.720475088721435,-0.00705554359327815,-0.0057063098420343,0.0098097978897056,3.54482807769341,3.85762519666831,3.34043937847051,-0.176480156973201,-0.196502366953257,0.140002408336329
"346","G4800850",0.600048474412482,0.589360175463951,1.11878822595559,-0.0388692242495055,-0.0283541022007843,-0.0515378900025367,-1.47243431878227,-0.247811205989446,4.3377334256444,-0.171683288181145,-0.234928663957373,0.162916360615717
"347","G4801130",0.640391406466782,0.424981129616454,1.19916692220095,-0.046211915592888,-0.0338382755141822,-0.0588832334855095,0.67332373539109,1.79185401566124,7.60920808511965,-0.0232619802487031,0.0707902628017558,0.0602596628663441
"348","G4801210",0.679116839514029,0.684992505526006,0.976060047950996,-0.0355292807553462,-0.0280786813396041,-0.0510666176809965,-0.015076315000218,0.424912396326197,1.23383670376548,-0.133378702604203,-0.0930765045499874,0.0621914632666325
"349","G4801350",1.91780312058833,-5.17067175943661,3.48894376780484,0.144122463388502,0.549339873358896,0.0130432462576572,42.1007291199237,-1.66336991679065,16.4847367708854,-6.26980947509242,-4.43071939224228,-5.20817288324123
"350","G4801410",0.801597970304377,0.690272969179461,1.05525321831869,0.0192392108886824,-0.0189567849977011,0.0271298316056916,2.81416633099035,3.75459421851998,5.9735262654396,-0.367510339687151,-0.302983332633962,-0.43744308975202
"351","G4801570",0.530522165555861,0.50240354417021,0.675949296128282,-0.00293976152479443,-0.01059127982267,0.00941057851492854,-2.97670168293431,-1.4022249644532,1.30854261884795,-0.168263307802934,-0.144054925752779,0.161950324229173
"352","G4801670",-1.28877016944604,-1.06858364665978,-0.6817342171416,0.00542652959366313,-0.00151060958983931,0.0240628175976796,-8.889599243634,-7.45662871280302,0.905549352122226,-0.37929725901763,-0.45985299627163,-0.0840031738416406
"353","G4801830",-0.665548343223976,0.634852894993015,0.147945748890818,0.0368061164460541,-0.0336975260204651,-0.00203645065149634,-7.02231296968711,11.794773310527,-3.33964106041395,-0.118557993006171,0.76161598842967,0.363382976763195
"354","G4802010",0.221350822524477,0.213191311702742,0.222647164899788,-0.00955202277401738,-0.0184835481078311,0.0152281014878819,-0.362143158260057,0.879606583121638,2.15306490422705,-0.111992047314529,-0.0745478895866315,-0.252862508681304
"355","G4802150",0.586298074871004,0.561532055951599,0.938908842407999,-0.00797002675177254,-0.00532145923496666,0.00199609808632087,0.558868236021395,2.35703378747079,5.54925491622875,0.00191468981183031,0.0270921855574607,-0.02607382702185
"356","G4802450",-0.934945892248225,-0.678474465587326,-1.21014109916559,0.0417065278652625,0.0254298329528985,0.0498973601583441,-3.70323057136479,-0.949618555201204,0.836406850569108,0.250311731045983,0.773282728216149,-0.268140709225507
"357","G4802510",0.979655790932473,0.696280447201874,1.43169729167977,-0.0407900456263669,-0.0278895135930355,-0.0807266782633045,1.41426808340199,-0.1484660560766,8.34774770042349,0.124855604839837,-0.0340190398636282,0.712919279715232
"358","G4803030",0.511579273279531,0.439054566430922,0.735303493811719,-0.0133327053072593,-0.0198923191499695,-0.0271182142459767,0.748694721917028,1.94842884305158,5.64463092280059,-0.152543221248865,-0.161302770966761,-0.376603545767661
"359","G4803090",0.402177773932242,-0.207171086298032,0.410615851520177,-0.0243751358815863,-0.016568417111169,-0.0138018348133179,1.48286224598724,1.01593232611471,2.96865879822673,-0.202908733209266,-0.484042764809281,-0.977124941966271
"360","G4803290",-0.468898862384487,0.067285509788415,-1.39614975328145,-0.0413996656509201,-0.0414950395200333,-0.0609376522153398,-1.19665482217984,1.62668551541654,-2.47722241556961,-0.280994789133712,-0.145599197927527,0.0241980739151323
"361","G4803390",0.531489757653252,0.484539363092158,1.18149094480349,-0.00914798086709339,-0.0191489099588691,0.0103553985386284,-3.99746683608798,-1.90100524889848,2.12341281099962,-0.0947417431716244,0.00330709616628083,-0.359086450581998
"362","G4803550",0.916125796529089,0.716227746285695,1.53615655083945,-0.00520242192440988,-0.00980763275315983,-0.00777418749562104,2.07362253704701,2.59227817073212,6.84698388351096,-0.546915351718699,-0.427567143194346,-0.599780709614386
"363","G4803750",0.761119611419795,0.236266750279246,0.632306210658953,-0.0204844211439606,-0.0247571549683597,-0.021799879159044,3.0102648345955,2.93286554557438,7.63007089869793,-0.503841661311885,-0.215347565021426,-0.998198138136414
"364","G4804230",1.11762104231497,1.99949820297801,1.07694249719521,-0.0176216853830755,-0.0175797892896772,-0.00909327463110925,4.7672781626143,13.3429782037339,5.50955318130631,0.274655660892721,0.902094401345274,-0.185146778776938
"365","G4804390",0.635230454256346,0.440200359377095,0.98202688326042,-0.0421564985177768,-0.0338247214517809,-0.0554214291012088,0.71401769834591,1.32559389563195,4.82800198685608,0.0786351527883662,-0.0084057108363743,0.149173045442584
"366","G4804410",2.79959836344671,3.13715223619362,0.235091949593482,-0.0789164413404738,-0.0846008198572664,-0.00482420768313529,-29.8038039289517,-34.2143819052236,13.7234839370288,-0.073294054456886,0.117455289766084,0.0546584575563026
"367","G4804530",0.21536192866723,0.196116158124187,0.645930015769053,-0.00384801946976538,-0.00574519495308433,-0.0109163430180504,-1.48089772297903,0.0285135842429523,2.28094739592278,-0.242269174389157,-0.218084134420978,0.105775829877578
"368","G4804790",0.602110399482165,0.512477862652388,0.763652072996679,-0.0246434241836749,-0.0142633620192706,-0.016556673715697,1.96858642431912,2.93875657224665,6.25625900268679,-0.041748017065684,0.05204820641791,-0.393212405936869
"369","G4804850",0.617930432329879,0.51779083507252,0.907647485973233,-0.0303732169545627,-0.0327889799949419,-0.0771610549948839,0.900519985384404,1.83025796952792,6.29729664119592,0.386634570268252,0.262543136032067,1.35943018442701
"370","G4804910",0.609084242432865,0.529937281916842,0.826825103061217,-0.00342974527907572,-0.00539740183695164,-0.00416395166881749,-3.52370181161699,-0.773638193436757,0.11846927794525,0.134044803987729,0.142613237582776,-0.169422235298273
"371","G4900350",0.209224124402616,0.0829349798175247,0.404524911056682,-0.00438359077310971,-0.00523846841411073,0.00317282247745829,-0.503881878152237,-1.25230716398518,2.3021059442717,0.171779475782571,-0.0182102530625458,0.254245338619776
"372","G4900490",0.32691550806011,0.297095520546689,0.388277364114627,-0.00629725530617767,0.00238122517275311,0.021897900375483,-2.06527532180506,-1.47466121461391,0.12505929823401,0.148007260778649,-0.115925036794922,0.0260610359541968
"373","G4900570",0.250422524061141,0.0880506535992125,0.0855914946247534,-0.00768468809421109,0.00717925460895382,-0.0168422117541105,0.35929946570704,-0.583614808460693,1.25204602685373,-0.109523129774902,-0.104952242254973,-0.465968352963368
"374","G5100590",0.294974840271989,0.0422574712258466,3.62372455928464,-0.00670045594376162,0.0402757672524533,-0.207950687012346,-3.23492453147529,-7.58000296592983,8.88471839947998,-1.49292293317996,-1.28238705066574,0.771427532006968
"375","G5100870",0.864576554391237,1.22980809353562,2.34615439355602,-0.00694641397425663,-0.00461002537547172,0.0435342996766199,-1.14659713590857,-2.10409825116618,16.6530485772859,-0.186344344387619,0.939068760926703,-5.94567858873027
"376","G5101070",0.309594671428546,0.123857025394265,5.3583931772723,-0.00514722177694052,0.0612691046762567,-0.186622752697379,7.42545372109451,11.0230964720083,27.5067411748167,-1.47457640120416,-0.537279589531112,-4.16428023613494
"377","G5101530",0.777572904024966,-0.351861221500211,6.90860609166918,-0.0256353795000416,0.0188251479665985,-0.228937919063391,5.31438503817205,-5.05902393416572,57.5797701480386,0.68428126615146,-0.831219655986567,0.941987774205675
"378","G5105100",NA,NA,NA,NA,NA,NA,NA,NA,NA,NA,NA,NA
"379","G5105500",0.858203771037403,-1.12403093439168,5.19325248957491,-0.0249222029164521,0.0689118399567246,-0.156554882002256,-2.19571321198276,-5.90877656205062,28.2138753250789,0.66152528469817,-0.742658136468402,3.22520022286639
"380","G5106500",2.63227389165655,-2.29409773534978,8.59840713453903,-0.0657539837198655,-0.0049006109917515,-0.187422010928035,16.6664144050342,2.15571062308048,54.5602827670456,0.0587839177434943,0.790620488704975,-5.13780744853331
"381","G5107000",0.0405333015170894,-0.50416364503333,1.66530865007743,-0.0131522283096952,0.0398753261657585,-0.197904251750653,-4.08707074584476,-9.59813938110386,12.1071914594251,-0.0654494052034806,0.922731500206713,-0.258698054036006
"382","G5107100",1.07938669016599,0.313007395557554,5.47787803714586,0.00334147007733262,0.0913347838397421,-0.191380447672024,-5.94298252927052,-16.406936397371,23.0526399095765,0.837617306312355,-1.34443194665684,2.96939030411675
"383","G5107400",1.04671277533116,15.0186464246594,1.42650342452216,-0.053133180213046,0.329604671789538,-0.196830950950565,5.45272973388357,53.0600169850174,25.0077319111908,-2.64907080038609,16.0243655322242,-5.49461784327917
"384","G5107600",2.79052518724716,4.35984151965669,3.7270730272557,0.00442770271766149,-0.00459384909725858,0.0673346008192494,2.7069530586832,5.47514555226394,33.3494635768561,-2.1027842739834,0.440312720639137,-0.303174177424805
"385","G5107700",-4.27842999767286,NA,NA,0.26818521559059,NA,NA,-93.1400175287338,NA,NA,-8.22525371362684,NA,NA
"386","G5108100",0.0617160352192782,-1.95958011772758,3.25066635745325,-0.0113113794196545,0.0856884445575286,-0.178613910266027,-2.68454535560346,-7.89914263549002,23.4475238825368,-2.11492907066784,0.380253702543192,-1.86237670311298
"387","G5300250",NA,NA,NA,NA,NA,NA,NA,NA,NA,NA,NA,NA
"388","G5300330",20.2402815451499,4.34189465900348,13.586141502688,-0.841090354778982,0.0834692457635918,0.320547857623432,8.65850701504847,-14.8621049558263,-34.7218076756664,2.96770567687585,0.6564714696051,-2.77922817933307
"389","G5300350",NA,NA,NA,NA,NA,NA,NA,NA,NA,NA,NA,NA
"390","G5300530",4.09539034025432,5.57647975041118,0.420738867879038,0.0244201203064853,-0.258173693305163,0.220193420464643,8.19341253237235,25.7061708468038,-8.70692451860607,5.28635027674733,4.2973406631618,2.84808184604438
"391","G5300610",-2.10963268239451,0.604654838087595,16.4057643052085,-2.62713399853654,0.0884170557035971,-0.31809825887507,2.57899578790724,-14.4285423001499,82.5985672068887,6.5149272985652,1.36680704196871,-2.55649375767597
"392","G5300630",-0.0665458015206044,-1.0833476877059,-7.80079212252081,0.485696559342455,0.105028048502055,0.339705316572246,-30.674136585348,-26.0276249129115,-89.038368521366,4.65837823602023,1.04479837112014,0.113092605891071
"393","G5300670",NA,28.9670199033054,NA,NA,-4.00672775397154,NA,NA,351.459207655102,NA,NA,-40.5500926207469,NA
"394","G5300770",2.7031563178511,0.171016418716256,-3.50756703343388,0.627798174981488,0.0973664610336268,0.402446455708201,-11.8769732268085,-19.9091454053171,-62.3081741577543,6.16182242296384,1.83124241484782,1.62863424028672
"395","G5400390",NA,NA,NA,NA,NA,NA,NA,NA,NA,NA,NA,NA
"396","G5500250",2.2191895600438,6.58971665554775,-1.56644952037391,0.0568189851016198,-0.108345668326982,0.0380394880620672,14.3978195701694,31.9151045291709,-27.6284581428718,-4.52937786859702,-2.27960915448513,-6.22035370124163
"397","G5500590",NA,NA,NA,NA,NA,NA,NA,NA,NA,NA,NA,NA
"398","G5500790",3.70205203303953,6.92901871129548,1.78858073736477,0.0142741485445328,-0.119403267950235,0.00548438276863698,10.8241846677903,19.7843151628185,-14.3902409805544,-1.24501736206551,1.56508695339437,-4.71038970001538
"399","G5500870",NA,NA,NA,NA,NA,NA,NA,NA,NA,NA,NA,NA
"400","G5501010",0.624813384194573,4.15216744417343,-1.6879516063261,0.0498883628190434,-0.058031577079603,0.010253170041727,4.31609068896489,19.369163270903,-25.0842121901443,-1.75122371964614,0.169482259423728,-4.16246921459569
"401","G5501050",NA,NA,NA,NA,NA,NA,NA,NA,NA,NA,NA,NA
"402","G5501330",0.903673971803016,6.7288627358017,-1.11647495606038,0.134119144480591,-0.056030518522878,0.0476085389682396,11.0715526614604,32.3502765698673,-14.3148352062064,-4.01581612428267,0.6216916513461,-6.35138137265404
"403","G5501390",NA,NA,NA,NA,NA,NA,NA,NA,NA,NA,NA,NA
