"","Predictors","Estimate","Std. Error","Pr(>|t|)","Outcome"
"1","(Intercept)",-0.282140906719358,0.14290901471904,0.0484428189454335,"coeff_r_12_p_14"
"2","age5_sd",5.15757669348342,13.3088676368411,0.698391896358672,"coeff_r_12_p_14"
"3","age65_sd",-18.7404371193967,4.59221311402687,4.60297284009137e-05,"coeff_r_12_p_14"
"4","eth_hispanic_sd",2.7585702487567,1.79393637991041,0.124222908364681,"coeff_r_12_p_14"
"5","race_white_sd",-0.963446510457581,1.20333546837295,0.423399721009161,"coeff_r_12_p_14"
"6","sex_male_sd",16.2387629342828,6.64842742521073,0.014643468577669,"coeff_r_12_p_14"
"7","work_crops_ranch_sd",-13.8837533241583,6.00421008411165,0.020826623073779,"coeff_r_12_p_14"
"8","WATP_sd",0.00162425235530869,0.0013766013090156,0.238133530408796,"coeff_r_12_p_14"
"9","HINCP_sd",2.02401961200796e-05,1.40367000285877e-05,0.149421471465245,"coeff_r_12_p_14"
"10","tenure_owned_sd",6.45992021209794,3.13331392691081,0.0393233850847269,"coeff_r_12_p_14"
"11","wUse",-4.43620217462048e-06,9.22344760937787e-05,0.961642137921293,"coeff_r_12_p_14"
"12","rural",0.210605613145438,0.0627445113722154,0.000799033292668069,"coeff_r_12_p_14"
"13","(Intercept)",0.000785880091351891,0.001701936639182,0.644289013820442,"coeff_r_24_p_14"
"14","age5_sd",0.0138816729954395,0.144493250855823,0.923470163130745,"coeff_r_24_p_14"
"15","age65_sd",-0.0427844171578841,0.0556095670436426,0.441732445044644,"coeff_r_24_p_14"
"16","eth_hispanic_sd",0.0244733591420909,0.0173706458950032,0.158969259852773,"coeff_r_24_p_14"
"17","race_white_sd",-0.00877460547609807,0.0128506977750464,0.494777826532149,"coeff_r_24_p_14"
"18","sex_male_sd",-0.0958534714895615,0.0795691298460834,0.228429515735493,"coeff_r_24_p_14"
"19","work_crops_ranch_sd",0.262642238070882,0.0661064282018959,7.26113734620591e-05,"coeff_r_24_p_14"
"20","WATP_sd",4.77123515229118e-05,1.66879204426125e-05,0.00427739637709076,"coeff_r_24_p_14"
"21","HINCP_sd",-3.30068347253095e-07,1.61180507026857e-07,0.0406634135583529,"coeff_r_24_p_14"
"22","tenure_owned_sd",0.0168081182719187,0.0373710361587654,0.652913170357049,"coeff_r_24_p_14"
"23","wUse",-1.75784977024802e-06,1.172019088928e-06,0.133757574359189,"coeff_r_24_p_14"
"24","rural",-0.000590478805806325,0.000795565437285066,0.458015676480591,"coeff_r_24_p_14"
"25","(Intercept)",-0.188079115669819,0.111028678472019,0.0904136033117716,"coeff_r_25_p_14"
"26","age5_sd",29.366218187507,9.56234518285566,0.00215949133410985,"coeff_r_25_p_14"
"27","age65_sd",-23.4121822505788,3.73676218453456,4.46585228347082e-10,"coeff_r_25_p_14"
"28","eth_hispanic_sd",-20.8475041758336,0.643504349214002,2.11348039971221e-188,"coeff_r_25_p_14"
"29","race_white_sd",-2.80496831709785,0.951352724632852,0.00322808794747606,"coeff_r_25_p_14"
"30","sex_male_sd",-70.3177819583712,6.3077655321111,4.13466395458251e-28,"coeff_r_25_p_14"
"31","work_crops_ranch_sd",19.751097386484,3.50890291598225,2.04697119457125e-08,"coeff_r_25_p_14"
"32","WATP_sd",0.00745701274740941,0.00108349485457542,7.66070176940312e-12,"coeff_r_25_p_14"
"33","HINCP_sd",5.47872929975801e-05,1.04250801863722e-05,1.62099370028941e-07,"coeff_r_25_p_14"
"34","tenure_owned_sd",9.053873959202,2.53445007913867,0.000361476722787196,"coeff_r_25_p_14"
"35","wUse",0.000162736478627308,7.22991007646409e-05,0.024492191459805,"coeff_r_25_p_14"
"36","rural",-0.0793260378083945,0.0471407479926649,0.0925664659621577,"coeff_r_25_p_14"
"37","(Intercept)",-1.40441237707136e-71,9.07229976205859e-54,1,"coeff_r_26_p_14"
"38","age5_sd",-1.01616792953619e-71,8.01300576058242e-52,1,"coeff_r_26_p_14"
"39","age65_sd",1.16600198352344e-70,3.35830219481873e-52,1,"coeff_r_26_p_14"
"40","eth_hispanic_sd",-6.45862253900229e-71,1.79580341231229e-52,1,"coeff_r_26_p_14"
"41","race_white_sd",6.65844410485386e-71,2.91130355302803e-52,1,"coeff_r_26_p_14"
"42","sex_male_sd",-2.3606382500688e-70,5.22682874105249e-52,1,"coeff_r_26_p_14"
"43","work_crops_ranch_sd",-9.33749949942407e-71,3.38342437924031e-52,1,"coeff_r_26_p_14"
"44","WATP_sd",1.80514291158273e-73,1.06105770791509e-55,1,"coeff_r_26_p_14"
"45","HINCP_sd",1.0765121654176e-75,9.19234000426502e-58,1,"coeff_r_26_p_14"
"46","tenure_owned_sd",3.23601555410401e-72,1.8869236689417e-52,1,"coeff_r_26_p_14"
"47","wUse",-2.67568425754902e-75,9.29671893476071e-57,1,"coeff_r_26_p_14"
"48","rural",-7.37473405583469e-73,3.04624716182062e-54,1,"coeff_r_26_p_14"
"49","(Intercept)",4.37535499316001e-103,6.38174213553884e-53,1,"coeff_r_27_p_14"
"50","age5_sd",-2.7139024425908e-101,5.64531455355087e-51,1,"coeff_r_27_p_14"
"51","age65_sd",4.92733411090874e-101,2.56763001994111e-51,1,"coeff_r_27_p_14"
"52","eth_hispanic_sd",-2.37290188428014e-102,1.07589398979229e-51,1,"coeff_r_27_p_14"
"53","race_white_sd",1.34621541777403e-102,5.67123726858585e-52,1,"coeff_r_27_p_14"
"54","sex_male_sd",3.2466588988102e-101,4.31750308863891e-51,1,"coeff_r_27_p_14"
"55","work_crops_ranch_sd",-1.9313071348237e-101,2.02559798614797e-51,1,"coeff_r_27_p_14"
"56","WATP_sd",-2.86880675344039e-105,6.20462379935027e-55,1,"coeff_r_27_p_14"
"57","HINCP_sd",-3.6957257194804e-107,5.35593680609824e-57,1,"coeff_r_27_p_14"
"58","tenure_owned_sd",-2.20845322436644e-101,1.58146740853898e-51,1,"coeff_r_27_p_14"
"59","wUse",-3.04545504065801e-107,4.33181143881876e-56,1,"coeff_r_27_p_14"
"60","rural",1.48693860211091e-103,2.62312529056656e-53,1,"coeff_r_27_p_14"
"61","(Intercept)",0.694623162409842,0.882313078385353,0.431183589589936,"coeff_r_6_p_14"
"62","age5_sd",78.8375977220005,80.7100802837831,0.328747729544052,"coeff_r_6_p_14"
"63","age65_sd",-116.377980064873,28.2748319576643,3.96064432926183e-05,"coeff_r_6_p_14"
"64","eth_hispanic_sd",22.9439291606963,11.1979013223111,0.0405547330194415,"coeff_r_6_p_14"
"65","race_white_sd",0.465122225404743,7.46698779680366,0.950335701314873,"coeff_r_6_p_14"
"66","sex_male_sd",-4.22131713364015,41.5489909484754,0.919082185952054,"coeff_r_6_p_14"
"67","work_crops_ranch_sd",-54.2173451052123,37.8298126990178,0.151908459490171,"coeff_r_6_p_14"
"68","WATP_sd",0.00492678212324729,0.00860222031357295,0.566868289154377,"coeff_r_6_p_14"
"69","HINCP_sd",-2.45753607483123e-05,8.4564183301214e-05,0.771368409518852,"coeff_r_6_p_14"
"70","tenure_owned_sd",-3.83388069509183,19.1592344625053,0.841411252405437,"coeff_r_6_p_14"
"71","wUse",-0.000415906724307052,0.000565468152832379,0.462087805086487,"coeff_r_6_p_14"
"72","rural",0.442849462451134,0.391149937924889,0.257652976714753,"coeff_r_6_p_14"
