"countyID","coeff_r_12_p_15"
"G0100010","-0.593654389899399"
"G0100030","-0.113444110848592"
"G0100050","-0.766581319853465"
"G0100070","-0.47530200499648"
"G0100090","0.0327645682101805"
"G0100110","-0.545769764926719"
"G0100130","-2.52181845897901"
"G0100150","0.329865349232728"
"G0100170","1.48436588877417"
"G0100190","0.922347721740109"
"G0100210","-0.584986090261574"
"G0100230","0.113552617187302"
"G0100250","1.79810647876812"
"G0100270","-0.441021017665245"
"G0100290","-3.53729786097082"
"G0100310","-0.0218293905257044"
"G0100330","0.196427371377061"
"G0100350","0.964863212338545"
"G0100370","-1.81513915298533"
"G0100390","-1.25032421674848"
"G0100410","-1.66734425468929"
"G0100430","0.0927624003475216"
"G0100450","-0.552483714669986"
"G0100470","0.397710040183071"
"G0100490","0.106885525233927"
"G0100510","-0.735934752218072"
"G0100530","-0.275452792660199"
"G0100550","0.558459085449112"
"G0100570","0.730287447064917"
"G0100590","3.07567738749952"
"G0100610","0.299216946353379"
"G0100630","0.813622187057553"
"G0100650","0.856892219292919"
"G0100670","0.439808426161138"
"G0100690","-0.600715332550875"
"G0100710","0.340227170158763"
"G0100730","0.342908261308477"
"G0100750","1.0324930066262"
"G0100770","1.09331679588913"
"G0100790","1.77099129237997"
"G0100810","-1.39642603718689"
"G0100830","0.946293570753612"
"G0100850","-4.60855333188384"
"G0100870","-1.26340254789377"
"G0100890","0.875092273422523"
"G0100910","-1.20709769920815"
"G0100930","0.366102191922056"
"G0100950","0.136086447141196"
"G0100970","0.295763203978515"
"G0100990","1.79908115811443"
"G0101010","-0.873333854068043"
"G0101030","0.695341472515475"
"G0101050","-3.46367852863105"
"G0101070","0.755335645127743"
"G0101090","-1.31562430019471"
"G0101110","-0.365606931827895"
"G0101130","2.1199738832273"
"G0101150","-1.66954008945615"
"G0101170","-0.203060774753242"
"G0101190","-0.341853439703065"
"G0101210","1.48787256160811"
"G0101230","-0.581635979139078"
"G0101250","0.436761414446953"
"G0101270","-0.770015552039955"
"G0101290","0.205766153795048"
"G0101310","2.28958804082204"
"G0101330","0.178433469661896"
"G0200200",NA
"G0200500",NA
"G0200700",NA
"G0200900","2.9890044902329"
"G0201000",NA
"G0201050",NA
"G0201100",NA
"G0201220",NA
"G0201300",NA
"G0201500",NA
"G0201640",NA
"G0201700","1748.12421584981"
"G0201800",NA
"G0201850",NA
"G0201880",NA
"G0201980",NA
"G0202200",NA
"G0202400","24.92213787667"
"G0202610","-2944.89118800481"
"G0202700",NA
"G0202750",NA
"G0202900","-132.987363676062"
"G0400010","-0.479524561515346"
"G0400030","-0.504308112995824"
"G0400050","-0.234149007992432"
"G0400070","-0.454588320709252"
"G0400090","-1.30544696247763"
"G0400110","0.189048017775063"
"G0400120","1.85340178968597"
"G0400130","-0.273313580996002"
"G0400150","0.223320301709198"
"G0400170","0.980802336911414"
"G0400190","-0.445167056795896"
"G0400210","0.350809085190602"
"G0400230","-0.631083823503517"
"G0400250","0.149252224215054"
"G0400270","0.106410293521972"
"G0500010","0.833788661277623"
"G0500030","-0.0696275070784912"
"G0500050","0.0590279642346997"
"G0500070","-0.157510679631984"
"G0500090","-1.11937102319051"
"G0500110","0.259075734559216"
"G0500130","-3.88764086548332"
"G0500150","2.26377330630726"
"G0500170","0.305963802317325"
"G0500190","1.38834603579263"
"G0500210","6.38194730755417"
"G0500230","-1.38576170586866"
"G0500250","8.55650382664359"
"G0500270","2.79959616861023"
"G0500290","1.5599341070949"
"G0500310","-2.77739096503306"
"G0500330","0.00103399661390194"
"G0500350","-1.80880869405411"
"G0500370","6.56310825145574"
"G0500390","5.78384951901536"
"G0500410","-3.75329591131935"
"G0500430","-5.05979821389481"
"G0500450","-0.677137551402119"
"G0500470","-2.8956657990617"
"G0500490","1.45264147114915"
"G0500510","0.475233515710061"
"G0500530","0.397680728219495"
"G0500550","2.58033909649797"
"G0500570","-1.51765968188619"
"G0500590","1.53186836514965"
"G0500610","2.62549998039313"
"G0500630","-0.0756100557597427"
"G0500650","0.758695110937968"
"G0500670","1.16749191534046"
"G0500690","-2.84504067786443"
"G0500710","1.9256253698268"
"G0500730","-0.753683645681601"
"G0500750","-0.417619815528899"
"G0500770","3.65778942640021"
"G0500790","1.69812671472071"
"G0500810","-1.80193952671025"
"G0500830","-2.98273699043858"
"G0500850","1.97902183162217"
"G0500870","0.825459954965263"
"G0500890","-1.16050841128357"
"G0500910","0.760350176220508"
"G0500930","-0.699043304831373"
"G0500950","-2.9687690674007"
"G0500970","2.91951122507329"
"G0500990","-0.813317016174733"
"G0501010","0.5617353662936"
"G0501030","-0.967247293660165"
"G0501050","-1.90677918830026"
"G0501070","2.35552987921848"
"G0501090","-2.68991113098532"
"G0501110","-1.24060326582804"
"G0501130","-0.996801322477743"
"G0501150","0.835806352682809"
"G0501170","-1.86208699686371"
"G0501190","1.61631045726898"
"G0501210","1.03719942288989"
"G0501230","0.683892257685467"
"G0501250","-1.06650919939841"
"G0501270","-0.891628524051616"
"G0501290","2.94902231669818"
"G0501310","-0.0712775628961996"
"G0501330","2.77674996271212"
"G0501350","4.725853122166"
"G0501370","-3.86587327533005"
"G0501390","-0.191070964519155"
"G0501410","2.06597981408267"
"G0501430","1.32062238685394"
"G0501450","0.415718247456064"
"G0501470","-5.00553307959702"
"G0501490","3.27520435995317"
"G0600010","0.450357923576012"
"G0600050","0.174692283308096"
"G0600070","-0.251026302998856"
"G0600090","0.725381861253329"
"G0600110","-2.6017007448162"
"G0600130","0.262895217074314"
"G0600150","0.421043264537729"
"G0600170","0.0358200409007157"
"G0600190","0.399660526779083"
"G0600210","1.22110976357954"
"G0600230","1.14769689720426"
"G0600250","0.93547760555147"
"G0600270","0.287214280367576"
"G0600290","0.222975182593672"
"G0600310","0.31769836083879"
"G0600330","-0.390954819432436"
"G0600350","-1.22330458411339"
"G0600370","0.1954686319049"
"G0600390","-0.191819922219777"
"G0600410","0.201938406044954"
"G0600430","0.537603602141167"
"G0600450","0.975169915568831"
"G0600470","0.527582410973735"
"G0600490","0.682274186083466"
"G0600510","0.60655717066966"
"G0600530","0.321108793666955"
"G0600550","0.475943485073175"
"G0600570","0.800538618285686"
"G0600590","0.0724904710688895"
"G0600610","-0.259572962903231"
"G0600630","0.540055218284037"
"G0600650","0.0648615941884057"
"G0600670","0.0518812435418628"
"G0600690","0.158031952916858"
"G0600710","0.0959772381625465"
"G0600730","-0.0182218703337827"
"G0600750","-0.020247015391688"
"G0600770","0.174968823554126"
"G0600790","-0.22142139936947"
"G0600810","-0.119046927343217"
"G0600830","0.160419584378501"
"G0600850","0.340004037180917"
"G0600870","0.165268948604351"
"G0600890","-0.115877833991344"
"G0600910","-2.26176605066872"
"G0600930","0.284763463101199"
"G0600950","0.164308283494523"
"G0600970","0.0508404415443734"
"G0600990","-0.150570526589404"
"G0601010","-0.423004728829409"
"G0601030","0.275860831943466"
"G0601050","0.0317753790829223"
"G0601070","0.0642181285088533"
"G0601090","1.22601582878101"
"G0601110","0.433645799764701"
"G0601130","-0.114810341558128"
"G0601150","0.298136600554993"
"G0800010","1.1035473889412"
"G0800030","2.19578909462572"
"G0800050","-0.287855181939647"
"G0800070","-1.14418341312789"
"G0800090","-1.72809263142822"
"G0800110","-1.16504486014527"
"G0800130","-0.891606261345055"
"G0800140","5.18396287660787"
"G0800150","0.567770688922793"
"G0800170","1.19802987663147"
"G0800190","-0.376133329205236"
"G0800210","-0.00504569507108073"
"G0800230","3.39596079949531"
"G0800250","2.15159095107989"
"G0800270","-2.90402890715374"
"G0800290","-0.661180141428655"
"G0800310","-0.270805519775751"
"G0800330","0.937293631761825"
"G0800350","-1.12774662798968"
"G0800370","-0.719848810807841"
"G0800390","-1.19414809869603"
"G0800410","0.442683370429227"
"G0800430","0.296678744590446"
"G0800450","0.281831469768531"
"G0800470","-4.6757270127462"
"G0800490","-3.88215407007315"
"G0800510","3.36576403553858"
"G0800550","-0.86886778694351"
"G0800590","-0.0451855170578938"
"G0800610","-2.40157695269204"
"G0800630","-0.681344517128224"
"G0800650","-3.11133387207227"
"G0800670","0.133783692352926"
"G0800690","0.128480394032919"
"G0800710","-1.29107091468208"
"G0800730","-2.68373880876933"
"G0800750","0.684230330544839"
"G0800770","-0.127671474246688"
"G0800810","0.673895403458279"
"G0800830","-0.398099298789211"
"G0800850","0.117942625912402"
"G0800870","-0.757427912208518"
"G0800890","0.864388750614608"
"G0800910","-0.214730751161118"
"G0800930","-0.429238101479746"
"G0800950","0.844861266404874"
"G0800970","-1.87987132054372"
"G0800990","-1.61904051154689"
"G0801010","-0.254819589905088"
"G0801030","-1.04511430260676"
"G0801050","0.322068287560627"
"G0801070","-2.00138442873647"
"G0801090","-4.19583110478979"
"G0801130","0.249949107394094"
"G0801150","0.992520502364199"
"G0801170","-0.31672559426833"
"G0801190","-1.26340748936001"
"G0801210","1.0693334993995"
"G0801230","-0.0647924389876366"
"G0801250","-2.10430504832399"
"G0900010","-4.64541422601611"
"G0900030","-8.11760843831653"
"G0900050","-6.75981599408029"
"G0900070","-4.61385726492813"
"G0900090","-5.72696976886265"
"G0900110","-2.42737164786148"
"G0900130","-5.32435535364198"
"G0900150","-4.82038985479123"
"G1000010","0.400094896637696"
"G1000030","-0.59847795146715"
"G1000050","-0.725445968187303"
"G1200010","0.721005626140529"
"G1200030","1.12891487152432"
"G1200050","-0.287980709161539"
"G1200070","-0.00441771964308605"
"G1200090","0.39840119735139"
"G1200110","0.146840978560222"
"G1200130","0.0560031927674473"
"G1200150","-0.221282026655149"
"G1200170","-0.233469518944369"
"G1200190","0.965109564007854"
"G1200210","0.940070288981379"
"G1200230","0.997194176198938"
"G1200270","-1.58857622670958"
"G1200290","-1.50088648079737"
"G1200310","0.417043375407807"
"G1200330","-0.01418643759369"
"G1200350","0.882033528380902"
"G1200370","-1.51874657005466"
"G1200390","-0.180281733272564"
"G1200410","3.17392340119883"
"G1200430","-1.01904844351127"
"G1200450","2.06930224645951"
"G1200470","-1.17087549451195"
"G1200490","0.165758783524554"
"G1200510","-1.06912291108396"
"G1200530","-0.843883642645004"
"G1200550","-1.58305011569705"
"G1200570","0.685272402006955"
"G1200590","0.903988402019911"
"G1200610","0.13648372309757"
"G1200630","1.01302981887548"
"G1200650","2.62676413249152"
"G1200670","-0.824020753399344"
"G1200690","-0.34528711199826"
"G1200710","-0.179540299582211"
"G1200730","0.628373295354703"
"G1200750","0.966040695353649"
"G1200770","3.63066192204762"
"G1200790","-0.214227854497352"
"G1200810","0.574710260729758"
"G1200830","0.168392760093055"
"G1200850","-0.233888323507844"
"G1200860","0.228942383464433"
"G1200870","-0.963388520526872"
"G1200890","0.206354727421161"
"G1200910","0.423891809203384"
"G1200930","-2.71582755361328"
"G1200950","-0.0346374775007884"
"G1200970","-1.32865608517753"
"G1200990","0.248553099683514"
"G1201010","-0.317825533305812"
"G1201030","0.410033162684948"
"G1201050","0.0205135661613352"
"G1201070","0.382186295642466"
"G1201090","0.749551382458642"
"G1201110","0.803621735318783"
"G1201130","0.718379400848648"
"G1201150","0.66547689493709"
"G1201170","0.815689651824167"
"G1201190","1.82500604895338"
"G1201210","-0.208891191097638"
"G1201230","4.70068230455768"
"G1201250","-5.51467142453502"
"G1201270","-0.617849903057846"
"G1201290","-1.69147716870997"
"G1201310","-0.51828551742517"
"G1201330","-0.15006377429868"
"G1300010","0.0934821582653129"
"G1300030","-0.964141817960894"
"G1300050","-1.08457134432471"
"G1300070","0.373347945005392"
"G1300090","-1.64251569515671"
"G1300110","0.772758376147028"
"G1300130","-1.0610828834355"
"G1300150","-0.0182585255242421"
"G1300170","-0.913576764032178"
"G1300190","-2.18572155721336"
"G1300210","-0.0737332832794664"
"G1300230","1.32867239428685"
"G1300250","-0.868881284694217"
"G1300270","-1.04119106642248"
"G1300290","-1.16482462006277"
"G1300310","-0.285484441515327"
"G1300330","-2.63238167408867"
"G1300350","-0.206994574649086"
"G1300370","-1.32211772940889"
"G1300390","-0.619813219946664"
"G1300430","-1.52181864341552"
"G1300450","-1.21924216501351"
"G1300470","0.742525725820058"
"G1300490","1.69580146645997"
"G1300510","-1.0156143470269"
"G1300530","0.10901552796157"
"G1300550","1.35661131043592"
"G1300570","-0.71536350815899"
"G1300590","-0.114335629720761"
"G1300610","-1.49636646559409"
"G1300630","0.140272314006432"
"G1300650","-0.31506683501572"
"G1300670","-0.115282941924463"
"G1300690","1.60718389198159"
"G1300710","0.970892115266445"
"G1300730","0.336716741666592"
"G1300750","-2.27941766442506"
"G1300770","0.035124788794412"
"G1300790","-0.381065461358563"
"G1300810","0.731430738677421"
"G1300830","-0.997210621663422"
"G1300850","1.95056039759641"
"G1300870","0.168078906314457"
"G1300890","0.106621024642214"
"G1300910","2.14445590774585"
"G1300930","1.56763348339678"
"G1300950","0.226818009294933"
"G1300970","-0.945684329711693"
"G1300990","-0.915197270041524"
"G1301010","1.02590571124529"
"G1301030","-0.385924905896549"
"G1301050","0.520669074823681"
"G1301070","-1.84587129600471"
"G1301090","0.834874708752415"
"G1301110","-2.40466716126656"
"G1301130","-0.740577507477605"
"G1301150","-0.00492099207960096"
"G1301170","-0.30405321264141"
"G1301190","1.10580753272599"
"G1301210","-0.167283303088663"
"G1301230","1.6284990366214"
"G1301250","1.18073625461204"
"G1301270","-0.997759672180457"
"G1301290","0.760933340253829"
"G1301310","-1.12508900985461"
"G1301330","-0.957212169327965"
"G1301350","-0.19923147525064"
"G1301370","-0.700171598537895"
"G1301390","-0.544418212212306"
"G1301410","0.387308355681469"
"G1301430","1.07370110006212"
"G1301450","-1.42555619706554"
"G1301470","0.403083023213257"
"G1301490","1.47757101228215"
"G1301510","1.34558416483333"
"G1301530","-0.274467951901954"
"G1301550","-1.25346304026765"
"G1301570","-1.14095927093018"
"G1301590","-0.288242827104204"
"G1301610","-1.49086862751767"
"G1301630","1.87010153088385"
"G1301650","3.10905882707378"
"G1301670","-0.237855566540402"
"G1301690","0.086146763674287"
"G1301710","-1.30974778151616"
"G1301730","-2.10011410345012"
"G1301750","-0.135558548653355"
"G1301770","-0.850545617194705"
"G1301790","-1.19782334258417"
"G1301810","0.356007322755755"
"G1301830","2.47801297726997"
"G1301850","-0.840953164160073"
"G1301870","1.42771322254345"
"G1301890","-2.35492314446675"
"G1301910","-0.917184479756863"
"G1301930","0.0118272707171673"
"G1301950","-0.0656274036986078"
"G1301970","-2.73304121232593"
"G1301990","-1.21730885304887"
"G1302010","-0.775595308531351"
"G1302050","0.0556001591372968"
"G1302070","0.372980001370918"
"G1302090","-2.11691926781337"
"G1302110","0.608614271515737"
"G1302130","-0.0862527103750421"
"G1302150","-0.143571609762953"
"G1302170","-0.640323735083569"
"G1302190","0.0438122954750963"
"G1302210","0.0969900475505609"
"G1302230","-0.562973295320147"
"G1302250","1.09045378012569"
"G1302270","-1.51062794704005"
"G1302290","-0.479147236999155"
"G1302310","-0.0164565119432083"
"G1302330","-0.853225625603729"
"G1302350","-2.12690562576709"
"G1302370","0.253476905266466"
"G1302390","-0.355294289660164"
"G1302410","0.362030140491423"
"G1302430","0.292532394135037"
"G1302450","-0.434157084632293"
"G1302470","0.562443373526404"
"G1302490","-2.66013597086016"
"G1302510","-0.0483508419141157"
"G1302530","0.679927479829209"
"G1302550","-0.717507344540712"
"G1302570","0.667336217629052"
"G1302590","-1.78939102767814"
"G1302610","-0.479311498409026"
"G1302630","2.27199573625511"
"G1302650","-3.65273047380117"
"G1302670","-3.0429863917037"
"G1302690","0.099312853134686"
"G1302710","-0.649490135804035"
"G1302730","0.484811085225698"
"G1302750","1.06920808841377"
"G1302770","0.24222616793498"
"G1302790","0.806482939352341"
"G1302810","-1.94251538562443"
"G1302830","-0.842741571530399"
"G1302850","0.154475811359275"
"G1302870","-1.28192590285898"
"G1302890","-2.79330791435087"
"G1302910","-0.162181082083133"
"G1302930","-2.23616350292448"
"G1302950","-0.405085910831048"
"G1302970","-1.01532604103455"
"G1302990","-0.0529525468011142"
"G1303010","-0.624992290153345"
"G1303030","-1.95764254538628"
"G1303050","-1.58658156153655"
"G1303070","5.30322201115164"
"G1303090","2.61990033179048"
"G1303110","-0.224827467382017"
"G1303130","-0.0722419457225714"
"G1303150","-1.49763669486608"
"G1303170","0.385068430460965"
"G1303190","-1.07899328593656"
"G1303210","1.72599185691369"
"G1500010","-0.70779739255754"
"G1500030","-0.133149900098241"
"G1500070","3.05430505828878"
"G1500090","-1.21411788721305"
"G1600010","-0.700591176536974"
"G1600030","-2.95449866173879"
"G1600050","0.343852779896419"
"G1600070","-0.751580531978485"
"G1600090","-3.06878762416193"
"G1600110","-0.710145450108083"
"G1600130","-0.713335731232164"
"G1600150","2.31781886769058"
"G1600170","-0.636475362326505"
"G1600190","0.913813452313059"
"G1600210","0.23270798806395"
"G1600230","2.21784652749689"
"G1600270","-0.487777141035313"
"G1600290","-1.15670704789213"
"G1600310","-0.681997764306719"
"G1600350","1.52379420116068"
"G1600370","2.45863478902022"
"G1600390","0.708375351549512"
"G1600410","0.135302866660134"
"G1600430","-1.19376968249403"
"G1600450","-1.48257158152349"
"G1600470","0.124852862228383"
"G1600490","-3.01846553604283"
"G1600510","0.458142462046298"
"G1600530","-0.726756660766567"
"G1600550","-0.773302537371606"
"G1600570","-3.68675485071819"
"G1600590","-0.402096583562248"
"G1600610","-2.56134114055275"
"G1600630","-2.45964030878415"
"G1600650","-0.114982689925586"
"G1600670","-0.984452587273372"
"G1600690","-1.84945058751812"
"G1600710","1.84485388296131"
"G1600730","-2.04956553505365"
"G1600750","-0.570810795745506"
"G1600770","2.76272702097067"
"G1600790","-3.50969746134592"
"G1600810","-1.07236359929609"
"G1600830","-0.0490761897581115"
"G1600850","-3.09690562572134"
"G1600870","-1.0824137048042"
"G1700010","-1.409271559546"
"G1700030","-6.56785134638041"
"G1700050","-5.50519717928265"
"G1700070","1.50699173467168"
"G1700090","-1.56864183343384"
"G1700110","-1.20097164079489"
"G1700130","-4.54286764574065"
"G1700150","1.74908335198794"
"G1700170","-4.37920654680748"
"G1700190","-3.85119668042479"
"G1700210","3.4475201299876"
"G1700230","-8.36210907853398"
"G1700250","-0.350362060934746"
"G1700270","-0.171171415139578"
"G1700290","4.43120029318996"
"G1700310","-0.203774971968502"
"G1700330","-6.09167315198584"
"G1700350","-1.37362450926138"
"G1700370","0.619977912934277"
"G1700390","-2.881347183604"
"G1700410","-2.25077590378526"
"G1700430","0.321650296990836"
"G1700450","-0.0956735625346166"
"G1700470","-10.1997266934787"
"G1700490","8.67718262647598"
"G1700510","4.61302834633271"
"G1700530","2.34750142379766"
"G1700550","0.938201504777657"
"G1700570","2.64145694617383"
"G1700590","-8.40371298595682"
"G1700610","2.17224375066692"
"G1700630","-1.5383079586394"
"G1700650","-6.75634625271585"
"G1700670","0.23745221018156"
"G1700690","-11.1727111431539"
"G1700710","3.38372603051965"
"G1700730","-1.46738853429769"
"G1700750","3.80626742415666"
"G1700770","3.36914743682424"
"G1700790","3.96915611759829"
"G1700810","-1.51192492033421"
"G1700830","2.55738673370126"
"G1700850","-0.385482235968754"
"G1700870","2.8628524924229"
"G1700890","-0.104597194425916"
"G1700910","-0.314450553125142"
"G1700930","-0.298646834081313"
"G1700950","0.741924998737361"
"G1700970","-0.17002094294385"
"G1700990","2.61943665714263"
"G1701010","-2.94075092512519"
"G1701030","-2.50299278886258"
"G1701050","4.22616467819313"
"G1701070","0.0314880755461953"
"G1701090","-1.91868217167636"
"G1701110","0.446499730824616"
"G1701130","-2.08829093094436"
"G1701150","-1.31339727758873"
"G1701170","1.06168033555752"
"G1701190","-1.44553582192594"
"G1701210","-3.11007019124419"
"G1701230","1.88015799362397"
"G1701250","1.39900204819492"
"G1701270","3.1870225767244"
"G1701290","1.03232741527898"
"G1701310","5.67329820163604"
"G1701330","-7.5401566136315"
"G1701350","1.19013735555874"
"G1701370","1.42211378492271"
"G1701390","-0.429132388956034"
"G1701410","0.986760081255865"
"G1701430","0.406042417186521"
"G1701450","-1.90191370734989"
"G1701470","3.2230166088274"
"G1701490","0.183561699718136"
"G1701510","10.8763239690278"
"G1701530","13.5273725062762"
"G1701550","1.89305087966757"
"G1701570","-1.74462163522891"
"G1701590","-4.82294853137158"
"G1701610","-0.702143919674083"
"G1701630","0.301640368848731"
"G1701650","-0.547371210558924"
"G1701670","-0.288586403844629"
"G1701690","-0.310453988092187"
"G1701710","3.40882605099285"
"G1701730","-4.84968746054269"
"G1701750","2.08210683941187"
"G1701770","1.47059772099535"
"G1701790","-0.0867847207388873"
"G1701810","2.59880308793139"
"G1701830","-1.29406619127381"
"G1701850","-1.37410203556745"
"G1701870","1.28607410299489"
"G1701890","-0.728678215546916"
"G1701910","-9.05505222522286"
"G1701930","0.810604604054379"
"G1701950","2.65839042200908"
"G1701970","-2.34725381203662"
"G1701990","0.800398560083466"
"G1702010","0.22663851757949"
"G1702030","0.0431239035211313"
"G1800010","6.14608510533444"
"G1800030","1.53530271878339"
"G1800050","0.817747554421559"
"G1800070","-0.947452730950518"
"G1800090","-2.58432094479459"
"G1800110","3.78482514717076"
"G1800130","0.366116780362497"
"G1800150","2.3287795694915"
"G1800170","0.746078293106806"
"G1800190","-2.95780639301629"
"G1800210","-7.62884944604743"
"G1800230","7.60680978772834"
"G1800250","-5.56260866651684"
"G1800270","3.55201947212126"
"G1800290","0.310168827567073"
"G1800310","-1.28176373422161"
"G1800330","1.78486100807765"
"G1800350","1.28343029657597"
"G1800370","-1.0019773530792"
"G1800390","0.875681402072201"
"G1800410","10.2569201626756"
"G1800430","-0.213742431184448"
"G1800450","11.7131316859922"
"G1800470","4.47862193758756"
"G1800490","-5.05341692054523"
"G1800510","-6.58931276188958"
"G1800530","-0.236772943948974"
"G1800550","4.94095923356575"
"G1800570","1.9329160638369"
"G1800590","2.43702460569629"
"G1800610","4.47759348473012"
"G1800630","2.16117766710815"
"G1800650","-3.45710780994174"
"G1800670","-1.29688055762047"
"G1800690","-1.15061681959811"
"G1800710","3.17267198030076"
"G1800730","1.67051636895671"
"G1800750","5.86992556314116"
"G1800770","2.445917519597"
"G1800790","2.9868343433236"
"G1800810","0.341679399020782"
"G1800830","-6.61616167026921"
"G1800850","3.4701650220024"
"G1800870","3.26751106595407"
"G1800890","1.08649291353631"
"G1800910","0.0737745454731258"
"G1800930","0.867384610575971"
"G1800950","-0.392126244519506"
"G1800970","1.24801720087299"
"G1800990","5.71682988876053"
"G1801010","0.172937316768024"
"G1801030","2.98209623024942"
"G1801050","1.70577974817122"
"G1801070","2.57961560411117"
"G1801090","3.62263199817163"
"G1801110","-19.3631464616575"
"G1801130","2.76776828643743"
"G1801150","-3.68484702437949"
"G1801170","-5.54472547242721"
"G1801190","-9.96799404919896"
"G1801210","1.07324077852011"
"G1801230","0.582582861849124"
"G1801250","5.58653103308485"
"G1801270","-1.26905247109922"
"G1801290","-0.123147886370177"
"G1801310","-6.19471927143256"
"G1801330","0.249134444280857"
"G1801350","2.46072570236402"
"G1801370","-0.590952440853211"
"G1801390","-1.10767459509179"
"G1801410","-0.717272670149405"
"G1801430","1.44404961027385"
"G1801450","2.11393824635906"
"G1801470","1.68402398068279"
"G1801490","-2.03788618727355"
"G1801510","-1.19408211523912"
"G1801530","2.37150535203954"
"G1801550","9.48871714856544"
"G1801570","0.893886466091419"
"G1801590","2.58858903883179"
"G1801610","-16.4861201529115"
"G1801630","-0.0526452737238042"
"G1801650","-6.52330125530247"
"G1801670","-0.590691375942932"
"G1801690","-0.735999457437788"
"G1801710","-6.25402368720762"
"G1801730","-1.38077278827845"
"G1801750","5.53889174458103"
"G1801770","2.09487578950264"
"G1801790","1.83345808968697"
"G1801810","3.08210064274358"
"G1801830","-4.28457763764574"
"G1900010","1.69796927185004"
"G1900030","1.35730151944822"
"G1900050","0.673359012047315"
"G1900070","0.842732920646742"
"G1900090","-0.0973993534829012"
"G1900110","-2.28618572899768"
"G1900130","1.94596916895072"
"G1900150","1.03368742648944"
"G1900170","0.82856145589671"
"G1900190","1.89958863610888"
"G1900210","0.969627233909968"
"G1900230","2.11254768353611"
"G1900250","0.986685372215052"
"G1900270","0.0912869668268919"
"G1900290","-1.56361303042038"
"G1900310","-3.15722652047115"
"G1900330","-0.424812573938855"
"G1900350","1.18083791615042"
"G1900370","7.13087960356051"
"G1900390","0.452178268712297"
"G1900410","0.0531168405931794"
"G1900430","0.958189548027305"
"G1900450","1.16055016143687"
"G1900470","0.417147649604394"
"G1900490","0.450765733771571"
"G1900510","4.42682917165848"
"G1900530","3.5857550406349"
"G1900550","2.42612339756983"
"G1900570","1.85977036084189"
"G1900590","3.27285371593903"
"G1900610","-0.260185241392129"
"G1900630","4.36889702722216"
"G1900650","2.86630921419384"
"G1900670","-0.854712943795522"
"G1900690","6.55756835096298"
"G1900710","1.32138678635901"
"G1900730","1.83913629366828"
"G1900750","0.385364504448175"
"G1900770","-1.57167059587794"
"G1900790","1.35550120818088"
"G1900810","1.61937028435027"
"G1900830","-0.617019681522462"
"G1900850","-1.4389342910332"
"G1900870","-0.613137681362831"
"G1900890","-2.91169314899524"
"G1900910","0.839624681047216"
"G1900930","-1.07912342335146"
"G1900950","2.85281045654351"
"G1900970","3.39965880605381"
"G1900990","-0.81749270213298"
"G1901010","0.856622551517356"
"G1901030","1.31035326593019"
"G1901050","1.19516634584288"
"G1901070","6.4350767047931"
"G1901090","2.17109172446058"
"G1901110","2.74700696681229"
"G1901130","1.21743995168518"
"G1901150","-0.827997746950392"
"G1901170","2.29612812072813"
"G1901190","-2.08683935351823"
"G1901210","2.43597788940819"
"G1901230","2.97428437513056"
"G1901250","-0.276593024814486"
"G1901270","1.05252278992286"
"G1901290","3.4723849022051"
"G1901310","1.57618856832586"
"G1901330","-0.348343942108469"
"G1901350","-0.584922468908756"
"G1901370","-0.616589789932482"
"G1901390","3.2657404835492"
"G1901410","-0.324663525922448"
"G1901430","-0.847094637306781"
"G1901450","3.00787460996863"
"G1901470","0.252686320465558"
"G1901490","2.28407271195213"
"G1901510","2.96525854284711"
"G1901530","0.671415251806879"
"G1901550","0.474014464455467"
"G1901570","2.79750788738014"
"G1901590","1.2877800197506"
"G1901610","2.33245623232286"
"G1901630","1.39897483979968"
"G1901650","-0.726773167007357"
"G1901670","0.24275814802887"
"G1901690","-0.132106804445349"
"G1901710","1.09973006132913"
"G1901730","-1.66043124116182"
"G1901750","3.8208418327823"
"G1901770","-3.21598426651494"
"G1901790","1.51572781482554"
"G1901810","0.750309822237694"
"G1901830","0.934950877937954"
"G1901850","1.13542945292746"
"G1901870","1.28394532139255"
"G1901890","-0.454727973091876"
"G1901910","-2.0592091860805"
"G1901930","0.608484818918906"
"G1901950","7.20424156785422"
"G1901970","-1.20819371167598"
"G2000010","3.85823098468503"
"G2000030","3.81807556215533"
"G2000050","-1.90707864029369"
"G2000070","1.00118408581035"
"G2000090","-0.150879915514578"
"G2000110","2.79711591673488"
"G2000130","-0.791986843925064"
"G2000150","1.19278243706358"
"G2000170","-0.661016572924884"
"G2000190","-1.58649267226644"
"G2000210","-2.05138127616909"
"G2000230","-2.06965450275603"
"G2000250","1.01506516409214"
"G2000270","-5.73126676369072"
"G2000290","-0.836629897115253"
"G2000310","0.38718496235298"
"G2000330","-0.200147251719405"
"G2000350","0.199711501736777"
"G2000370","-1.40655286312869"
"G2000390","-4.07798193373192"
"G2000410","5.0773388001531"
"G2000430","-0.152868501186558"
"G2000450","0.758791146048319"
"G2000470","0.348472904957042"
"G2000490","4.26308811197483"
"G2000510","0.70918551218213"
"G2000530","-2.34105156771587"
"G2000550","0.76174154006356"
"G2000570","1.07068108675664"
"G2000590","0.243775385941393"
"G2000610","1.6719799394641"
"G2000630","1.50303389202815"
"G2000650","-3.34493753777468"
"G2000670","0.229327210624718"
"G2000690","-1.29508909786826"
"G2000710","-21.4177379200162"
"G2000730","3.69828173490192"
"G2000750","-2.52799924853109"
"G2000770","-2.0521681826008"
"G2000790","0.292089887505536"
"G2000810","-0.0755281519352982"
"G2000830","-0.0229123296587313"
"G2000850","-2.31955612615035"
"G2000870","0.420414482593675"
"G2000890","0.251546143705021"
"G2000910","0.808322612679273"
"G2000930","4.4665794582875"
"G2000950","0.738842792799768"
"G2000970","-2.14120350079522"
"G2000990","0.692962745129262"
"G2001010","9.05327879535841"
"G2001030","1.5758899427642"
"G2001050","-7.09273386647485"
"G2001070","5.78802127569956"
"G2001090","0.37742281245204"
"G2001110","0.742231125246282"
"G2001130","-0.0514540884043555"
"G2001150","1.28316365081213"
"G2001170","0.965107955205174"
"G2001190","-1.16709840452182"
"G2001210","-3.94703367026442"
"G2001230","1.46644533056047"
"G2001250","0.826963081673846"
"G2001270","4.01899622283163"
"G2001290","1.20500378685069"
"G2001310","-0.552193857690258"
"G2001330","-0.325606320705422"
"G2001350","0.812420922056137"
"G2001370","0.992732084190259"
"G2001390","-3.11212581532499"
"G2001410","4.56686213420284"
"G2001430","1.49532671009234"
"G2001450","0.571448551100167"
"G2001470","1.35722278048472"
"G2001490","1.02754815470275"
"G2001510","3.22894064084082"
"G2001530","0.405687266070887"
"G2001550","0.909847486192694"
"G2001570","4.75856016552054"
"G2001590","1.17865942172478"
"G2001610","-0.693904840743289"
"G2001630","-0.195206584672894"
"G2001650","2.32348801065014"
"G2001670","-2.39192560487479"
"G2001690","0.0155841310354241"
"G2001710","-1.10866180818833"
"G2001730","0.073019021281258"
"G2001750","-1.96922046818839"
"G2001770","1.51888180005848"
"G2001790","-0.976020647172534"
"G2001810","0.334746106123141"
"G2001830","1.82407300020271"
"G2001850","-1.14232684412419"
"G2001870","-4.48593030301236"
"G2001890","-1.99314537670515"
"G2001910","0.259919414990842"
"G2001930","0.455972790511217"
"G2001950","-1.84315705676628"
"G2001970","3.45630354301891"
"G2001990","0.423608524932242"
"G2002010","0.287230709558923"
"G2002030","0.178262631986908"
"G2002050","-0.607764304944949"
"G2002070","0.259783484733223"
"G2002090","1.26535467110047"
"G2100010","-2.17802873242078"
"G2100030","-4.18290675688727"
"G2100050","1.82761188328656"
"G2100070","-2.14113987667612"
"G2100090","1.29285071490895"
"G2100110","3.02734169964104"
"G2100130","1.2890676531266"
"G2100150","-2.39525249240528"
"G2100170","-4.87964121213536"
"G2100190","-0.0621835001862436"
"G2100210","-0.843524649566746"
"G2100230","3.51339785266251"
"G2100250","-1.57903935523292"
"G2100270","-4.53423693319699"
"G2100290","1.77910174775511"
"G2100310","-4.13529556175574"
"G2100330","3.32710413158588"
"G2100350","-0.553854903154142"
"G2100370","-2.80902650383577"
"G2100390","4.31475206008882"
"G2100410","-12.6173440455933"
"G2100430","-3.17286171373396"
"G2100450","0.289252130889194"
"G2100470","-1.2768989202831"
"G2100490","-3.83745025447697"
"G2100510","-1.05982093412248"
"G2100530","1.45136244528768"
"G2100550","9.91771816313245"
"G2100570","8.68495826172667"
"G2100590","-1.49247392124198"
"G2100610","-2.14880455909217"
"G2100630","19.3585152945064"
"G2100650","-2.34299131047762"
"G2100670","1.99573018547962"
"G2100690","0.836172857801463"
"G2100710","2.48076827104672"
"G2100730","-4.73713181866635"
"G2100750","-3.45004361514342"
"G2100770","-0.450179050642007"
"G2100790","5.01999751647249"
"G2100810","-1.1689787169714"
"G2100830","1.41773630509416"
"G2100850","-1.57803534183653"
"G2100870","1.33601470811491"
"G2100890","0.924493951910514"
"G2100910","-1.71312118203661"
"G2100930","-2.92477130804448"
"G2100950","-0.119217756343482"
"G2100970","3.99653091266851"
"G2100990","5.79408467525733"
"G2101010","-5.10940047223065"
"G2101030","10.6016547341577"
"G2101050","-8.99671085241465"
"G2101070","1.98952589558648"
"G2101090","-3.33802399803978"
"G2101110","1.01297949408695"
"G2101130","1.62849553315101"
"G2101150","0.0789029579874232"
"G2101170","0.148077157824494"
"G2101190","1.94808242656944"
"G2101210","2.53466340060796"
"G2101230","1.19321182236856"
"G2101250","0.382459248005426"
"G2101270","-10.486790901042"
"G2101290","-1.64695916753509"
"G2101310","-9.52082926750537"
"G2101330","-0.0806008104978121"
"G2101350","-0.821656966888872"
"G2101370","-0.926068423521219"
"G2101390","-4.64256651758213"
"G2101410","0.0967712055269707"
"G2101430","-3.94607250697347"
"G2101450","-0.292974559673601"
"G2101470","-4.21599538582313"
"G2101490","1.86124166924771"
"G2101510","1.34616241934985"
"G2101530","7.27927093875721"
"G2101550","-2.43348708894099"
"G2101570","-2.02327908307596"
"G2101590","-2.31533818178984"
"G2101610","8.30232437894674"
"G2101630","7.27978768413702"
"G2101650","9.8309677919902"
"G2101670","6.87580105257051"
"G2101690","-3.57984427918784"
"G2101710","3.69407362921323"
"G2101730","-1.24282192378579"
"G2101750","7.59960659848092"
"G2101770","-4.7131251812587"
"G2101790","7.95362891526126"
"G2101810","9.27321968902651"
"G2101830","-2.00513473621376"
"G2101850","-3.14924810947626"
"G2101870","-4.3999685459074"
"G2101890","0.580372817084698"
"G2101910","-0.184856846709762"
"G2101930","-0.611239787213096"
"G2101950","2.15976087745566"
"G2101970","2.93825030894209"
"G2101990","-0.812667734626271"
"G2102010","4.22139702283829"
"G2102030","-2.00257100045186"
"G2102050","3.21526524876232"
"G2102070","-4.52331696549073"
"G2102090","2.63364763378616"
"G2102110","2.37285693674306"
"G2102130","3.15407343632057"
"G2102150","-7.37982736655809"
"G2102170","0.415363184765107"
"G2102190","0.858930651643425"
"G2102210","-1.98309216861925"
"G2102230","-2.79308624172629"
"G2102250","-10.4319822813875"
"G2102270","-0.995095684060615"
"G2102290","-0.846616081531984"
"G2102310","0.221215289738253"
"G2102330","0.466238157138074"
"G2102350","-3.74411494211064"
"G2102370","-5.83282055627874"
"G2102390","-5.13903943247302"
"G2200010","1.68424760763829"
"G2200030","6.34453381022004"
"G2200050","-0.27962836647509"
"G2200070","0.078419424918161"
"G2200090","1.8096800854715"
"G2200110","-1.86809649487289"
"G2200130","1.44815730724421"
"G2200150","0.785385016081992"
"G2200170","0.289022619510314"
"G2200190","-0.247635328335346"
"G2200210","1.57233827903495"
"G2200230","-2.03781806009075"
"G2200250","-4.09316986101221"
"G2200270","2.18572124317355"
"G2200290","-1.28939273661872"
"G2200310","1.41711523371788"
"G2200330","0.264045602147651"
"G2200350","1.95265486335157"
"G2200370","-3.13471239202156"
"G2200390","0.783712981571506"
"G2200410","2.093842955608"
"G2200430","0.655337054172886"
"G2200450","-0.735930162019205"
"G2200470","-0.641610708914888"
"G2200490","-1.12746758990938"
"G2200510","0.904188588361382"
"G2200530","1.47637551103971"
"G2200550","1.04791900348606"
"G2200570","1.20171188740919"
"G2200590","1.45316899312673"
"G2200610","0.504365734357091"
"G2200630","1.05928675538627"
"G2200650","-2.38618472235023"
"G2200670","1.46375769289089"
"G2200690","1.85248735398283"
"G2200710","1.00069203479846"
"G2200730","1.15587042408068"
"G2200750","-0.746639332367535"
"G2200770","0.452251414472157"
"G2200790","0.765038075835837"
"G2200810","-1.88982832645378"
"G2200830","3.34113000824706"
"G2200850","2.01271921486274"
"G2200870","0.117610541855016"
"G2200890","2.06051870194681"
"G2200910","-0.472096760843974"
"G2200930","0.312057173025789"
"G2200950","0.670942166356391"
"G2200970","-1.0969984495096"
"G2200990","1.24841091666607"
"G2201010","0.282382378367207"
"G2201030","0.194472918690433"
"G2201050","-0.956076397484345"
"G2201070","-3.32632949667542"
"G2201090","0.603445330034013"
"G2201110","0.756186088614359"
"G2201130","1.00523860692256"
"G2201150","-0.199986115812821"
"G2201170","1.65529218942507"
"G2201190","-0.664439187173105"
"G2201210","0.733427275196952"
"G2201230","-0.623890677111555"
"G2201250","4.46718830072984"
"G2201270","-2.99731144795813"
"G2300010","8.45510540786668"
"G2300030","6.28925499410089"
"G2300050","10.1385597917559"
"G2300070","3.313954284967"
"G2300090","13.0235838011089"
"G2300110","10.6153703842729"
"G2300130","12.4713329984863"
"G2300150","8.298978028133"
"G2300170","4.46835625233365"
"G2300190","8.45205759413031"
"G2300210","16.9385688571406"
"G2300230","10.1304930490718"
"G2300250","5.39919881854737"
"G2300270","3.80569212625836"
"G2300290","11.2250415962858"
"G2300310","8.61235289651188"
"G2400010","-1.41312933470966"
"G2400030","-0.264345786197852"
"G2400050","-0.832294136349324"
"G2400090","0.240546747030682"
"G2400110","-0.233868654885646"
"G2400130","-1.41199668959768"
"G2400150","0.00831525723312219"
"G2400170","-0.351392289068043"
"G2400190","-0.129245790713084"
"G2400210","-1.44809757245417"
"G2400230","6.88425570089669"
"G2400250","-0.986546916464152"
"G2400270","-0.442363291716187"
"G2400290","-1.715427608979"
"G2400310","-1.5460180866129"
"G2400330","-0.262524132558147"
"G2400350","0.158810521589046"
"G2400370","-0.223087458944025"
"G2400390","-1.55050236614901"
"G2400410","-1.11788737179443"
"G2400430","-1.68790413469072"
"G2400450","-1.76667934829206"
"G2400470","-1.21010430442559"
"G2405100","-0.34689404917438"
"G2500010","-7.23682837419411"
"G2500030","-1.89775011963943"
"G2500050","-0.20455159617763"
"G2500070","-7.79937263889752"
"G2500090","-1.98879186031132"
"G2500110","-2.88250980167848"
"G2500130","-1.23728029933715"
"G2500150","-1.2386001235734"
"G2500170","-1.42975061208974"
"G2500190","-17.7977971754426"
"G2500210","-3.43715035179754"
"G2500230","-5.85799962713831"
"G2500250","-3.9203086641779"
"G2500270","-1.17824216408611"
"G2600010","8.94171912042303"
"G2600030","-12.1049309150783"
"G2600050","-1.19631016378177"
"G2600070","-10.239828837632"
"G2600090","-7.09657343582128"
"G2600110","-0.608589118600861"
"G2600130","-6.39494408804077"
"G2600150","-1.91130807634395"
"G2600170","0.674867365142247"
"G2600190","10.8645822959786"
"G2600210","1.0093261318749"
"G2600230","-1.60532308164513"
"G2600250","-1.75823891672703"
"G2600270","-2.17568691310857"
"G2600290","4.24116880910446"
"G2600310","-12.7464160295795"
"G2600330","-3.19378031396567"
"G2600350","5.22093044034969"
"G2600370","0.419342516858825"
"G2600390","-2.26314721093352"
"G2600410","-1.00903735900134"
"G2600430","-1.32337850710446"
"G2600450","-1.04895449937991"
"G2600470","-3.46402333773358"
"G2600490","-4.21514021512671"
"G2600510","-4.55416924245399"
"G2600530","3.15617893170131"
"G2600550","-5.75539262669086"
"G2600570","7.69400949890071"
"G2600590","2.12481749764274"
"G2600610","-0.474978721504778"
"G2600630","5.09748183456085"
"G2600650","-0.368152100541295"
"G2600670","-27.1261545233342"
"G2600690","2.60119836444572"
"G2600710","0.835701846906534"
"G2600730","12.1677667752985"
"G2600750","2.37183242391947"
"G2600770","-3.24257372835789"
"G2600790","-8.70075519594939"
"G2600810","2.99755251483638"
"G2600830","0.342002573458212"
"G2600850","-5.84882187430348"
"G2600870","11.4272396312905"
"G2600890","-11.0564899913556"
"G2600910","4.84085109604482"
"G2600930","-0.779565888970294"
"G2600950","-10.4836341836849"
"G2600970","-5.60424237037292"
"G2600990","-65.3937385510728"
"G2601010","7.11135480813169"
"G2601030","-3.0725380187031"
"G2601050","-13.4828781026878"
"G2601070","-13.0171599303705"
"G2601090","-3.95281277567448"
"G2601110","0.295558713912938"
"G2601130","-1.48423020734863"
"G2601150","10.4634345903417"
"G2601170","8.45289787752419"
"G2601190","-1.26731522666304"
"G2601210","-3.32049466405528"
"G2601230","7.68793591300337"
"G2601250","-1.1453074549893"
"G2601270","-9.16401725745159"
"G2601290","-5.08048423381712"
"G2601310","2.8122055993618"
"G2601330","-6.53126574635232"
"G2601350","-2.85054070410196"
"G2601370","1.74584572791893"
"G2601390","-2.84175470969277"
"G2601410","-28.8929065131864"
"G2601430","-6.03170009224809"
"G2601450","-1.49199543782566"
"G2601470","-101.722900291462"
"G2601490","-3.07959371751764"
"G2601510","-20.7239695654662"
"G2601530","-2.3097972674794"
"G2601550","1.39157683904067"
"G2601570","-17.4210553313316"
"G2601590","3.2900028966038"
"G2601610","3.24707223250127"
"G2601630","-6.54888198351021"
"G2601650","-5.46387554674289"
"G2700010","-2.83439424898099"
"G2700030","-2.01828793837526"
"G2700050","-1.91830720561033"
"G2700070","2.20469070738758"
"G2700090","1.78685063634962"
"G2700110","0.343247070411442"
"G2700130","-0.329012569415942"
"G2700150","-0.113981833603898"
"G2700170","1.23601321111372"
"G2700190","-1.78430339271845"
"G2700210","-0.608832710080009"
"G2700230","5.10933041953754"
"G2700250","-2.00373983756867"
"G2700270","4.57853730544617"
"G2700290","-5.27724366699733"
"G2700310","-0.202021966652344"
"G2700330","-2.98186689806571"
"G2700350","0.969184212408623"
"G2700370","-0.701829565917255"
"G2700390","-2.31350166965032"
"G2700410","-3.30727460614937"
"G2700430","1.77293938051058"
"G2700450","-0.0524604162908418"
"G2700470","-1.40688717188964"
"G2700490","-2.26921830983991"
"G2700510","-7.03396221193353"
"G2700530","-0.929838104240125"
"G2700550","-4.27630333098969"
"G2700570","-1.57490109768003"
"G2700590","0.15101156798577"
"G2700610","-0.400386761390307"
"G2700630","-1.19541312935229"
"G2700650","-5.09254878181741"
"G2700670","-3.03043936193654"
"G2700690","-1.15544002399673"
"G2700710","0.317711042005428"
"G2700730","-0.0751031598149219"
"G2700750","2.90759356102593"
"G2700770","-2.18696305384496"
"G2700790","-0.488136064319876"
"G2700810","-2.00511988560677"
"G2700830","-1.37468259284414"
"G2700850","0.666756970517193"
"G2700870","-2.33808513617257"
"G2700890","0.402480887954265"
"G2700910","-1.73976073290073"
"G2700930","-0.919243585973648"
"G2700950","0.823999603788354"
"G2700970","1.68201677198773"
"G2700990","-0.379539088811819"
"G2701010","3.28558862078528"
"G2701030","-1.34488324836038"
"G2701050","-0.17774183575268"
"G2701070","2.00802903631607"
"G2701090","-1.26871642295467"
"G2701110","-3.6750177579028"
"G2701130","-0.56957628576966"
"G2701150","1.07915802601777"
"G2701170","-0.923995208783404"
"G2701190","-1.29245661958613"
"G2701210","-5.13657954926977"
"G2701230","-1.1863297206983"
"G2701250","11.5418249606937"
"G2701270","1.2423388689719"
"G2701290","-1.01940542178187"
"G2701310","1.21985037441468"
"G2701330","-1.80183145642536"
"G2701350","-0.659114388252604"
"G2701370","0.667592672080609"
"G2701390","1.76906049063144"
"G2701410","-1.43751901568369"
"G2701430","-0.578595592571776"
"G2701450","-0.972826347993596"
"G2701470","1.51524645561353"
"G2701490","-9.02350890458918"
"G2701510","-2.43696720664937"
"G2701530","2.54721378106508"
"G2701550","2.42105949326583"
"G2701570","4.56429104645611"
"G2701590","1.21408997561406"
"G2701610","2.80957484020283"
"G2701630","0.129545389847446"
"G2701650","0.465703758286403"
"G2701670","3.43726039183866"
"G2701690","-0.929831661225489"
"G2701710","-1.6550827744281"
"G2701730","1.27642507795675"
"G2800010","-0.616301496779649"
"G2800030","0.687400190944876"
"G2800050","0.403132175553883"
"G2800070","-3.20080430565413"
"G2800090","-2.63270162453242"
"G2800110","3.82191723725762"
"G2800130","-0.374403469350477"
"G2800150","0.431751848839607"
"G2800170","1.35575008881911"
"G2800190","1.65300254635316"
"G2800210","-0.976398951519512"
"G2800230","1.80736807708211"
"G2800250","-1.79224418689767"
"G2800270","-3.48589733405432"
"G2800290","2.00800768668967"
"G2800310","-2.46313781876929"
"G2800330","1.10509538759273"
"G2800350","-1.59175391519622"
"G2800370","8.03468014982458"
"G2800390","-1.58425826529226"
"G2800410","-2.92527201383741"
"G2800430","1.48550897427986"
"G2800450","2.35130824135822"
"G2800470","0.845037528217375"
"G2800490","-0.203336005093922"
"G2800510","-5.85020955207738"
"G2800530","5.7200687873848"
"G2800550",NA
"G2800570","-5.80127575555739"
"G2800590","1.38786719181526"
"G2800610","12.3535241704325"
"G2800630","-3.43580902417938"
"G2800650","7.99410460650692"
"G2800670","-1.52576624006829"
"G2800690","-1.16468682402777"
"G2800710","-4.72709764933584"
"G2800730","1.98533235957645"
"G2800750","-0.632838637802944"
"G2800770","1.18171143817939"
"G2800790","1.18319787028396"
"G2800810","11.0246881446075"
"G2800830","-1.47904163176705"
"G2800850","7.14577878143592"
"G2800870","-2.28885323938173"
"G2800890","-4.48785068300032"
"G2800910","2.16758610388709"
"G2800930","-3.01538724947572"
"G2800950","0.924429583898668"
"G2800970","5.05449689444974"
"G2800990","-1.60571687408019"
"G2801010","-4.28230587146814"
"G2801030","-1.01625821473648"
"G2801050","-0.200738807214979"
"G2801070","2.03273416673042"
"G2801090","-0.185191050944469"
"G2801110","6.86032164667513"
"G2801130","-1.86906374438705"
"G2801150","0.475987150030726"
"G2801170","-2.73122207543201"
"G2801190","3.09376765057777"
"G2801210","-0.220047182741063"
"G2801230","-6.69832499143689"
"G2801250","-2.91225662584461"
"G2801270","0.929943870666081"
"G2801290","2.92387191946355"
"G2801310","0.819227470133977"
"G2801330","0.911565468901213"
"G2801350","-0.063205797130421"
"G2801370","-0.776496710261151"
"G2801390","-2.7408939454498"
"G2801410","0.860108101551404"
"G2801430","-5.75480298618679"
"G2801450","0.309703406484729"
"G2801470","0.970165098788735"
"G2801490","-2.10722819491272"
"G2801510","0.100535108235881"
"G2801530","-1.74693364561004"
"G2801550","1.22935613635371"
"G2801570","-4.47491644496709"
"G2801590","-1.41127910587705"
"G2801610","-2.10673032654342"
"G2801630","-0.0531370700876357"
"G2900010","-3.56507741743234"
"G2900030","-0.900111820475599"
"G2900050","-1.70342817355024"
"G2900070","-0.380929694168571"
"G2900090","-0.689044917241365"
"G2900110","-0.00241406610381502"
"G2900130","-1.52845315641842"
"G2900150","2.19797939823177"
"G2900170","1.34502264560965"
"G2900190","-0.207931755296347"
"G2900210","-0.48550620822375"
"G2900230","-4.16810726770581"
"G2900250","-1.1735264386443"
"G2900270","-0.712013356749155"
"G2900290","-0.520290587249147"
"G2900310","0.0773609499348816"
"G2900330","1.23860316476578"
"G2900350","-4.19937663486789"
"G2900370","-0.068123489593326"
"G2900390","-1.9555540371443"
"G2900410","-4.6282006850409"
"G2900430","-0.880142878101849"
"G2900450","1.76700505082901"
"G2900470","-0.623977867908705"
"G2900490","0.735017553485896"
"G2900510","-0.657784850875948"
"G2900530","-0.493599096484821"
"G2900550","-1.6537274134679"
"G2900570","-2.66233475324488"
"G2900590","-1.95379423802138"
"G2900610","-0.304274331098119"
"G2900630","-0.363981574214907"
"G2900650","-4.05667831065689"
"G2900670","-5.02191307389463"
"G2900690","-0.878077035483396"
"G2900710","-1.259983883433"
"G2900730","3.58611288919917"
"G2900750","1.75925699484504"
"G2900770","0.135141245007374"
"G2900790","-1.8979451002274"
"G2900810","-0.517974975409072"
"G2900830","1.63883710807022"
"G2900850","5.01924063239127"
"G2900870","3.74657081569973"
"G2900890","-8.02713328228382"
"G2900910","-1.12995369994185"
"G2900930","-5.92679436502"
"G2900950","-0.439203957600362"
"G2900970","-0.106377321907359"
"G2900990","-1.666922619867"
"G2901010","-1.28810765180658"
"G2901030","2.3537731208478"
"G2901050","2.44462143167302"
"G2901070","2.60431527294722"
"G2901090","0.572996476469612"
"G2901110","12.9887839266985"
"G2901130","-4.40199391207332"
"G2901150","-1.51518615674992"
"G2901170","-2.11045495959856"
"G2901190","1.92922294858255"
"G2901210","-0.089944878475938"
"G2901230","-7.47111136136904"
"G2901250","-4.40357496107329"
"G2901270","-6.32934968221253"
"G2901290","-0.319912905734609"
"G2901310","3.25116552321249"
"G2901330","3.60002644059697"
"G2901350","0.89478679515368"
"G2901370","-4.28300412225269"
"G2901390","-6.10577650405407"
"G2901410","-0.0936756673672634"
"G2901430","6.57074651869305"
"G2901450","0.913496270504433"
"G2901470","-1.05006252230409"
"G2901490","1.16813856457527"
"G2901510","4.33194885207875"
"G2901530","3.39538770300246"
"G2901550","-2.15085839959926"
"G2901570","0.22249588743883"
"G2901590","-0.212060992528326"
"G2901610","0.44942650306162"
"G2901630","-1.87998281644555"
"G2901650","-0.372472279366194"
"G2901670","-0.477806199257643"
"G2901690","-1.98524274920468"
"G2901710","0.19814767408968"
"G2901730","-0.78514381446461"
"G2901750","1.6766650862802"
"G2901770","-1.70916670718605"
"G2901790","-10.0346355185486"
"G2901810","-1.67272382329109"
"G2901830","-0.774730594375279"
"G2901850","4.03792110574356"
"G2901860","3.16566960162015"
"G2901870","7.23223061488775"
"G2901890","0.310216038525699"
"G2901950","-7.35017062491229"
"G2901970","-7.69529644096088"
"G2901990","-1.20098918272402"
"G2902010","-1.62984695942025"
"G2902030","-3.7412153049086"
"G2902050","-3.57319605041828"
"G2902070","1.35430451598823"
"G2902090","-1.85969387002689"
"G2902110","3.22524411560401"
"G2902130","3.9798357899405"
"G2902150","4.24170225842084"
"G2902170","5.61362515309557"
"G2902190","-2.17033356957398"
"G2902210","-11.6620756813553"
"G2902230","-7.53653903557155"
"G2902250","0.650988293397647"
"G2902270","2.9087270048211"
"G2902290","0.134753974599804"
"G2905100","-2.84687645131087"
"G3000010","0.226307154311848"
"G3000030","1.13742088132263"
"G3000050","3.77609345887384"
"G3000070","-5.05935954229063"
"G3000090","-1.04951492567167"
"G3000130","-0.712207695064714"
"G3000150","-1.52033556932023"
"G3000170","-0.147856018831265"
"G3000190","-3.13498194177857"
"G3000210","3.41187946555923"
"G3000230","1.59158825756459"
"G3000250","0.954949841727446"
"G3000270","-0.116225957405872"
"G3000290","0.0876562227466627"
"G3000310","-1.29708705741131"
"G3000330",NA
"G3000350","-3.99597295583851"
"G3000390","1.02223287121396"
"G3000410","0.314831200142141"
"G3000430","1.01384665823035"
"G3000450","-0.599572368864005"
"G3000470","-1.90218503813988"
"G3000490","-0.545106254344451"
"G3000510","-0.442717271644026"
"G3000530","-1.53942861351581"
"G3000550","-16.9519611755708"
"G3000570","-0.163165360946437"
"G3000590","3.42718695287258"
"G3000610","2.14461127197703"
"G3000630","0.384924416913577"
"G3000650","-2.59826878533113"
"G3000670","-1.35734086021359"
"G3000710","6.82491037006498"
"G3000730","3.06745194619889"
"G3000750","-4.24294264287114"
"G3000770","2.86634598453895"
"G3000790","33.3609054398758"
"G3000810","1.24796996364681"
"G3000830","6.31669401731892"
"G3000850","2.70467352753114"
"G3000870","1.08033392011183"
"G3000890","-0.72734209794454"
"G3000910","3.63812096035604"
"G3000930","-0.511560119689872"
"G3000950","-1.80752001594164"
"G3000970","-2.24293462968938"
"G3000990","1.15325835582948"
"G3001010","-1.69328519685162"
"G3001050","13.4505294556259"
"G3001070","3.89419194345208"
"G3001090","9.0138252778549"
"G3001110","-0.248504967725878"
"G3100010","-2.28819949345872"
"G3100030","1.04108237481754"
"G3100110","-2.25229178603055"
"G3100130","-1.21098765335123"
"G3100150","7.71846555022658"
"G3100170","0.888854063515705"
"G3100190","0.0422301478745144"
"G3100210","0.37404879133461"
"G3100230","1.09760613543399"
"G3100250","-1.33953838683411"
"G3100270","-2.21427791743527"
"G3100290","-0.163902087611338"
"G3100310","0.00670005882415422"
"G3100330","-1.19167131003754"
"G3100350","0.831721909486026"
"G3100370","4.65879388259862"
"G3100390","1.64866543141088"
"G3100410","-2.55608768171098"
"G3100430","0.323545458602713"
"G3100450","1.97731080689561"
"G3100470","0.858024934726236"
"G3100490","0.802405396845149"
"G3100510","-1.87274528617703"
"G3100530","-0.274760204876269"
"G3100550","0.242632074821509"
"G3100570","-2.28097461620003"
"G3100590","0.0986096305980802"
"G3100610","0.0171534251992369"
"G3100630","-2.81603375892375"
"G3100650","0.755049883504209"
"G3100670","1.64931140976047"
"G3100690","-0.469856780017607"
"G3100710","-0.627941985991962"
"G3100730","0.913120989262472"
"G3100770","-0.418516454150361"
"G3100790","-0.54398615031251"
"G3100810","-1.90761412622868"
"G3100830","-1.06208146900926"
"G3100870","1.12998183422421"
"G3100890","-0.932468652584923"
"G3100930","1.64444090230417"
"G3100950","2.71087404420316"
"G3100970","3.00076388613821"
"G3100990","0.662280867813279"
"G3101010","-0.114986748169883"
"G3101050","3.60078505161114"
"G3101070","-0.508980040752611"
"G3101090","0.224847614453532"
"G3101110","-0.267175307377544"
"G3101190","-0.587220677242802"
"G3101210","-1.08035143678886"
"G3101230","-2.2221444308433"
"G3101250","-3.72083468243773"
"G3101270","2.93436694152368"
"G3101290","1.93942593309694"
"G3101310","0.115935916462765"
"G3101330","1.93132257068906"
"G3101350","0.56211884053521"
"G3101370","-1.32870825272355"
"G3101390","1.08796065982248"
"G3101410","0.381961600774607"
"G3101430","1.12589498106543"
"G3101450","-1.03117319004658"
"G3101470","-0.318050278012205"
"G3101490","5.38551189352153"
"G3101510","3.55597468956313"
"G3101530","-0.572197521984495"
"G3101550","-3.20438152712052"
"G3101570","1.00890731669105"
"G3101590","-2.20226306802916"
"G3101610","1.06709849027522"
"G3101630","-3.81295684078618"
"G3101670","0.298994120054618"
"G3101690","3.04561268520181"
"G3101730","-2.85133459202019"
"G3101750","1.03107174113099"
"G3101770","2.05983933107931"
"G3101790","-0.16042683255175"
"G3101810","-2.1261766008805"
"G3101850","1.71458377453702"
"G3200010","-1.45286888551715"
"G3200030","-0.105438089374229"
"G3200050","0.271002824480566"
"G3200070","1.12975497524894"
"G3200110","1.50653277232809"
"G3200130","-0.249339983092919"
"G3200150","0.643393264685403"
"G3200170","1.10137650284912"
"G3200190","-0.315059758823853"
"G3200210","-0.326185466762145"
"G3200230","0.531101099070463"
"G3200270","0.637460735700073"
"G3200290","-3.31933080886632"
"G3200310","0.338230665685239"
"G3200330","-2.14096104634491"
"G3205100","1.63479459678689"
"G3300010","-1.17512331397612"
"G3300030","-3.37605312243782"
"G3300050","0.889212600733814"
"G3300070","0.900070253778295"
"G3300090","-5.20862756956917"
"G3300110","-2.19128253312505"
"G3300130","-2.98911475370959"
"G3300150","-2.10845612617263"
"G3300170","-0.243732168270362"
"G3300190","1.65956295903141"
"G3400010","1.44839136046292"
"G3400030","0.492260000084817"
"G3400050","0.977509009750075"
"G3400070","0.24638150401852"
"G3400090","-1.28174487204665"
"G3400110","-1.18144704018835"
"G3400130","0.096990440546383"
"G3400150","0.929832734260801"
"G3400170","-0.291116096586013"
"G3400190","0.844072430894051"
"G3400210","-1.13703761103592"
"G3400230","-0.316931054515504"
"G3400250","-0.393239378364962"
"G3400270","0.57876620158505"
"G3400290","0.587478288532167"
"G3400310","0.685629272494246"
"G3400330","-1.51486783164381"
"G3400350","0.677973070350362"
"G3400370","-3.38669204409102"
"G3400390","-0.0168084494559892"
"G3400410","-0.476242096023319"
"G3500010","-0.617489915792353"
"G3500030","-0.273754113678179"
"G3500050","0.162862586224818"
"G3500060","-1.58030973263756"
"G3500070","0.781702350569181"
"G3500090","-1.0993393860995"
"G3500110","0.510732767970259"
"G3500130","-0.618823294119677"
"G3500150","0.323939164893854"
"G3500170","-0.25887394087064"
"G3500190","-1.64633327199994"
"G3500230","1.227321961625"
"G3500250","-0.570966245698667"
"G3500270","0.408701634101181"
"G3500280","-0.992202086069523"
"G3500290","-0.857316658988977"
"G3500310","0.487824299684553"
"G3500330","1.16002459418396"
"G3500350","-0.709899834455889"
"G3500370","-3.016995237715"
"G3500390","-1.08637414669678"
"G3500410","-2.19723628391327"
"G3500430","-0.662034414492431"
"G3500450","-0.509637767592279"
"G3500470","-1.57628875155534"
"G3500490","-0.496935450164271"
"G3500510","-1.18182520300528"
"G3500530","-1.99879613192767"
"G3500550","-0.920919162248178"
"G3500570","-0.92735445553605"
"G3500590","0.858430231859809"
"G3500610","-1.09296614890358"
"G3600010",NA
"G3600030","-24.5334752086573"
"G3600050","-1.65766310031811"
"G3600070",NA
"G3600090","-1.99400079401269"
"G3600110",NA
"G3600130","-1.80248976421949"
"G3600150",NA
"G3600170",NA
"G3600190",NA
"G3600210","4.09318410107854"
"G3600230",NA
"G3600250",NA
"G3600270","0.624557141977921"
"G3600290","0.945636915686149"
"G3600310","3199.53042346811"
"G3600330","-133.487772192775"
"G3600350",NA
"G3600370","-1.45422645616274"
"G3600390","8.28118389399974"
"G3600410","-160.41939746392"
"G3600430","11.5682880594974"
"G3600450","0.0399520793593164"
"G3600470","-0.77278144290356"
"G3600490","-2.60998140887622"
"G3600510","-3.94967916030211"
"G3600530",NA
"G3600550","-2.46188961664029"
"G3600570",NA
"G3600590","0.0222742119966617"
"G3600610","-0.971938461598607"
"G3600630","1.60568704007784"
"G3600650",NA
"G3600670",NA
"G3600690","-5.73098309636005"
"G3600710","0.0162666543847553"
"G3600730","-0.546870709691052"
"G3600750","13.3805941721951"
"G3600770",NA
"G3600790","1.63910079042243"
"G3600810","-0.71900099683477"
"G3600830","267.238834838899"
"G3600850","-0.881994952215291"
"G3600870","-0.697987004893647"
"G3600890","51.286526022872"
"G3600910",NA
"G3600930",NA
"G3600950",NA
"G3600970",NA
"G3600990",NA
"G3601010","116.493848373829"
"G3601030","-0.245011549587795"
"G3601050","-6.7197323734505"
"G3601070",NA
"G3601090",NA
"G3601110","2.93989899326848"
"G3601130",NA
"G3601150",NA
"G3601170","-5.78962317452123"
"G3601190","-1.03771955453445"
"G3601210","-20.8494067907219"
"G3601230","278.405933318679"
"G3700010","-0.607146226043017"
"G3700030","-0.111161748683602"
"G3700050","1.46814202452821"
"G3700070","2.0582927243786"
"G3700090","-0.719977613599587"
"G3700110","-3.35828478929902"
"G3700130","-5.195133494993"
"G3700150","-0.530043746397732"
"G3700170","-0.748097724718819"
"G3700190","-1.97920895803714"
"G3700210","0.328492605575177"
"G3700230","-0.468286135817094"
"G3700250","-0.841374218979841"
"G3700270","-0.591007636947171"
"G3700290","1.5379237010779"
"G3700310","-0.60508880913262"
"G3700330","1.94184687549225"
"G3700350","-0.0631850465868124"
"G3700370","-0.0803438661156193"
"G3700390","0.425843782658178"
"G3700410","0.871297074662468"
"G3700430","-0.502478220684753"
"G3700450","0.428397595566968"
"G3700470","0.713691471101282"
"G3700490","-1.41775239231133"
"G3700510","-0.97819826505147"
"G3700530","-0.552368939029791"
"G3700550","0.772418790022536"
"G3700570","-0.544465752776173"
"G3700590","-0.056359158506906"
"G3700610","-3.04142573526373"
"G3700630","-0.0679434970801327"
"G3700650","0.995226984015407"
"G3700670","-0.170501515008849"
"G3700690","-1.37431194816574"
"G3700710","0.314459077322079"
"G3700730","2.46818210053374"
"G3700750","-0.98547263084424"
"G3700770","0.078788458338741"
"G3700790","-2.83978820811191"
"G3700810","-0.47279377719824"
"G3700830","0.759693865396362"
"G3700850","-2.26603805947358"
"G3700870","-0.189426263983833"
"G3700890","-0.308815720108899"
"G3700910","-1.52232496153316"
"G3700930","0.407376413962625"
"G3700950","3.02976766032981"
"G3700970","-0.151736556647398"
"G3700990","0.30172151461209"
"G3701010","-0.654783152578056"
"G3701030","8.60798571918762"
"G3701050","-1.71476908447744"
"G3701070","-2.43851702056486"
"G3701090","0.325401624076164"
"G3701110","-0.427286521367193"
"G3701130","-0.885884718277005"
"G3701150","0.780814492888321"
"G3701170","0.300004377013198"
"G3701190","-0.30818307827427"
"G3701210","-1.33303859096996"
"G3701230","-2.38599239536542"
"G3701250","-0.351981169199801"
"G3701270","-0.242213030958497"
"G3701290","1.00888271279913"
"G3701310","-0.526414672444268"
"G3701330","-0.414400751782294"
"G3701350","-0.278970948340705"
"G3701370","3.58480749125165"
"G3701390","-2.34683773938122"
"G3701410","1.03206778943999"
"G3701430","1.69896863370013"
"G3701450","-1.38572110241765"
"G3701470","-0.379366317486871"
"G3701490","0.83862370861098"
"G3701510","0.267205974991438"
"G3701530","1.75412172912895"
"G3701550","-1.09481357129055"
"G3701570","-0.888596455499709"
"G3701590","0.2425550243988"
"G3701610","0.370215690192463"
"G3701630","-0.477893625068176"
"G3701650","-2.61053777162399"
"G3701670","-0.377643053144493"
"G3701690","-0.47238377293541"
"G3701710","0.444349952622543"
"G3701730","0.517985371435763"
"G3701750","-0.368870091991601"
"G3701770","17.7852115029331"
"G3701790","1.06191709367035"
"G3701810","-1.20114782898927"
"G3701830","-0.526245635082666"
"G3701850","-0.991286250098973"
"G3701870","1.14682354505361"
"G3701890","-1.56410041862574"
"G3701910","-1.03090230980149"
"G3701930","-0.195986409507878"
"G3701950","-1.88549876914956"
"G3701970","-0.336444600853742"
"G3701990","-1.63801606016456"
"G3800010","2.37821728209352"
"G3800030","4.67345987861283"
"G3800050","-0.957540490631635"
"G3800090","2.11609243050843"
"G3800110","-0.696540815048017"
"G3800130","0.165664702474364"
"G3800150","-6.60037404417082"
"G3800170","-2.75621367604877"
"G3800190","15.0045902687022"
"G3800210","0.225455199809048"
"G3800230","1.16450156552936"
"G3800250","-0.13293869254553"
"G3800270","42.3156905844582"
"G3800290","-8.85630315536952"
"G3800310","4.50338667764591"
"G3800330","38.6878197681207"
"G3800350","1.49840211644206"
"G3800370","-0.42121054506741"
"G3800390","-0.495115638365563"
"G3800410","-3.93625021093294"
"G3800430","-13.4007617204479"
"G3800450","-3.44050755432978"
"G3800470","0.308567892866715"
"G3800490","-0.848846868482427"
"G3800510","-7.50549583101281"
"G3800530","-0.538209871165637"
"G3800550","-1.95829426257471"
"G3800570","-4.38845164798549"
"G3800590","-3.25170530080114"
"G3800610","-3.43275483780163"
"G3800630","-17.4509957898456"
"G3800670","-18.0551119530041"
"G3800690","-6.01741287066376"
"G3800710","-26.5226048852425"
"G3800730","-11.7603548916537"
"G3800750","-2.48765375618487"
"G3800770","-16.3087514333235"
"G3800790","-1.48935004873191"
"G3800810","13.1751664666821"
"G3800830",NA
"G3800850","5.31757107519492"
"G3800890","-1.02066418144743"
"G3800910","-4.23140630012937"
"G3800930","-2.30923460974855"
"G3800950","11.2879185531981"
"G3800970","0.0311221418306215"
"G3800990","-11.1173398545308"
"G3801010","0.762099358636914"
"G3801030","36.1690369651036"
"G3801050","-1.11581605208088"
"G3900010","-1.07820516129198"
"G3900030","4.45205587269841"
"G3900050","-3.58999015527482"
"G3900070","-1.33808397965601"
"G3900090","27.4724260562464"
"G3900110","-1.27364010609042"
"G3900130","-82.6815919527977"
"G3900150","1.27614538979197"
"G3900170","-2.19802251297834"
"G3900190","-6.62772428773076"
"G3900210",NA
"G3900230","128.687871419907"
"G3900250","-1.02197041848101"
"G3900270","-6.20586296365896"
"G3900290","8.16696963295134"
"G3900310","22.7650009185208"
"G3900330","-3.64948122156362"
"G3900350","5.35748680547842"
"G3900370","-7.6009078432706"
"G3900390","-4.20032939806447"
"G3900410","-57.2807375425911"
"G3900430","-36.5417255986433"
"G3900450","-16.4931681148093"
"G3900470","0.648424848943782"
"G3900490","-0.474124614840944"
"G3900510","-1.15813177230322"
"G3900530","1.95191644449892"
"G3900550","5.97409546404605"
"G3900570","-2.3701903632508"
"G3900590","16.1969848429407"
"G3900610","-0.748358148692377"
"G3900630","-35.2701731711846"
"G3900650","321.565539938413"
"G3900670","-0.776844203441778"
"G3900690","1.4859216072627"
"G3900710","-4.89252214224371"
"G3900730","17.6815814800173"
"G3900750","1.60553545834677"
"G3900770","-81.3086382338254"
"G3900790","-5.08540867927706"
"G3900810","-17.2730238982359"
"G3900830","2.03991747392968"
"G3900850","2.72720740961566"
"G3900870","0.430261865511753"
"G3900890","6.51375091083869"
"G3900910","-2471.02629303323"
"G3900930","125.518463774798"
"G3900950","9.27779746330304"
"G3900970","33.2284508107303"
"G3900990","-7.22084214881292"
"G3901010","-21.1367149006728"
"G3901030","12.6396436772527"
"G3901050","-4.44754455451142"
"G3901070","2.39284321748053"
"G3901090","-1.005453990955"
"G3901110","-387.721210686616"
"G3901130","-2.60844009002483"
"G3901150","12.3242404447204"
"G3901170","12.3305168684444"
"G3901190","3.13714445683196"
"G3901210","38.8611203402445"
"G3901230","-84.0979627555366"
"G3901250","-0.380178519408591"
"G3901270","8.46833644518039"
"G3901290","8.14771843522957"
"G3901310","1.99407111939096"
"G3901330","-3.16764530795226"
"G3901350","0.768026629901035"
"G3901370","-4.51028042010631"
"G3901390","-3.59644637972315"
"G3901410","6.03931602355784"
"G3901430","-55.535023592984"
"G3901450","-3.04090693275119"
"G3901470","-67.0793957875271"
"G3901490","7.49923085695399"
"G3901510","-3.89769624200964"
"G3901530","0.70183998950686"
"G3901550","-0.431185899063899"
"G3901570","3.93651854534018"
"G3901590",NA
"G3901610","-0.133085869279414"
"G3901630","0.57612524087192"
"G3901650","-1.97695992207424"
"G3901670","6.07328702659271"
"G3901690","-5.18208931179832"
"G3901710","-0.81157323295428"
"G3901730","-3.65520651271406"
"G3901750","-42.8032655898009"
"G4000010","1.32209029282964"
"G4000030","0.164353131577895"
"G4000050","0.576624779840024"
"G4000070","-4.31244094154845"
"G4000090","0.0165555793599314"
"G4000110","2.65600990397654"
"G4000130","1.2718868851852"
"G4000150","2.85787227468412"
"G4000170","-0.237541622146206"
"G4000190","-1.24778287877987"
"G4000210","1.61893194698238"
"G4000230","-1.8677063566676"
"G4000250","4.49592711738586"
"G4000270","-0.0669097367435703"
"G4000290","-0.0870649543286813"
"G4000310","-1.39005281626677"
"G4000330","0.458049838693986"
"G4000350","0.355846316625479"
"G4000370","0.461927332505056"
"G4000390","1.03523328060203"
"G4000410","1.90964072683519"
"G4000430","-2.23643277594125"
"G4000450","0.270285450912764"
"G4000470","-0.416353835572"
"G4000490","-0.802637688071617"
"G4000510","1.30329408487255"
"G4000530","1.4267226008764"
"G4000550","1.23185836610054"
"G4000570","-5.78613206901393"
"G4000590","-2.93677273118348"
"G4000610","-3.36158096485698"
"G4000630","-2.31194049633143"
"G4000650","0.964625032153786"
"G4000670","2.3752753754398"
"G4000690","-3.25658236009279"
"G4000710","-1.04021326658111"
"G4000730","1.66068707056348"
"G4000750","-0.283998826333806"
"G4000770","2.56605243452229"
"G4000790","-0.294440415699936"
"G4000810","0.556253661490248"
"G4000830","0.17042528085032"
"G4000850","-1.47796937637099"
"G4000870","-0.113748945960852"
"G4000890","-0.976758581662983"
"G4000910","-2.2567855650962"
"G4000930","-2.22152430281688"
"G4000950","-2.05504434555781"
"G4000970","0.570247857782053"
"G4000990","0.942086448036953"
"G4001010","-1.60777995003041"
"G4001030","0.414965831095366"
"G4001050","-0.942058422175827"
"G4001070","-2.40881267091207"
"G4001090","-0.107514420369316"
"G4001110","-0.386990250864791"
"G4001130","-2.55161295614509"
"G4001150","-1.51752371876283"
"G4001170","-2.34074215608346"
"G4001190","-0.946137378833721"
"G4001210","1.21877655214988"
"G4001230","-2.14657588111911"
"G4001250","0.743881690491026"
"G4001270","-2.25228497368958"
"G4001290","0.322318499815478"
"G4001310","0.787194711968594"
"G4001330","-0.925820546731836"
"G4001350","0.0748063494602667"
"G4001370","-1.38264986327463"
"G4001390","1.38601531711831"
"G4001410","-2.05879311944167"
"G4001430","-0.151007445312236"
"G4001450","-0.412976253076978"
"G4001470","-0.0372880969593795"
"G4001490","-0.688230977524967"
"G4001510","-3.16518513179334"
"G4001530","-2.83352704996266"
"G4100010","-0.00687176556751159"
"G4100030","-1.33632167669662"
"G4100050","-0.715277833341449"
"G4100070","-250.296361017156"
"G4100090","12.9710215309113"
"G4100110","-1.07111821665262"
"G4100130","0.389441066732706"
"G4100150","-2.07661294845655"
"G4100170","-0.865069361224407"
"G4100190","-1.08538892127103"
"G4100210","-1.39721170663698"
"G4100230","0.98865381929285"
"G4100250","-1.61034245448359"
"G4100270","-1.87142518082227"
"G4100290","-0.159412402003351"
"G4100310","0.0606685402955354"
"G4100330","-1.17195712446152"
"G4100350","-0.231969000186459"
"G4100370","-1.79465459613097"
"G4100390","-1.1579241639005"
"G4100410","0.550439381365862"
"G4100430","0.366463224610495"
"G4100450","-0.929606619021536"
"G4100470","-2.03658575705324"
"G4100490","-0.403685814688376"
"G4100510","-1.23687346554394"
"G4100530","-1.5215865830633"
"G4100550",NA
"G4100570","-1.24632081256697"
"G4100590","-0.797498470402929"
"G4100610","2.76877323183462"
"G4100630","-4.32865666325698"
"G4100650","-2.04041323006053"
"G4100670","-1.06464287162684"
"G4100690","-28.1303596528871"
"G4100710","1.35099733535323"
"G4200010","1.01886140247777"
"G4200030",NA
"G4200050","-3182.56761176035"
"G4200070","38.033752054976"
"G4200090","-8.87385387899088"
"G4200110","0.0843070296608244"
"G4200130","120.251908254869"
"G4200150",NA
"G4200170","-0.819003894006864"
"G4200190","-24.7030523862755"
"G4200210",NA
"G4200230",NA
"G4200250","1.96020374602695"
"G4200270",NA
"G4200290","-0.577017602605637"
"G4200310","-40.8540650076312"
"G4200330",NA
"G4200350",NA
"G4200370","11.2039693188088"
"G4200390","3.03859280962686"
"G4200410","-0.56634861007109"
"G4200430","-2.9916503050315"
"G4200450","-0.609223153554465"
"G4200470","251.030392944367"
"G4200490","-0.0603270365363746"
"G4200510","375.020353328359"
"G4200530","-18.661836085717"
"G4200550","-2.96824277029379"
"G4200570","-10.1940505396528"
"G4200590",NA
"G4200610","-22.5716014502131"
"G4200630",NA
"G4200650","2663.34334524738"
"G4200670","1.25375878032971"
"G4200690","-34.8009420225461"
"G4200710","-0.662623730021024"
"G4200730","26.3787430804216"
"G4200750","-2.9979635950567"
"G4200770","-1.57119802407111"
"G4200790","-13.5541754360498"
"G4200810",NA
"G4200830","16.9863533812332"
"G4200850","-0.663526938316935"
"G4200870","-51.507626423175"
"G4200890","1.77649070216252"
"G4200910","-0.654626205362251"
"G4200930","8.93967050560698"
"G4200950","0.538894302982541"
"G4200970","-2.77852344888104"
"G4200990","1.61323400311003"
"G4201010","-0.747862413635656"
"G4201030","3.76238301483099"
"G4201050","-138.905727489889"
"G4201070","-3.42671757275623"
"G4201090","-17.32127928173"
"G4201110","-9.80997643709001"
"G4201130",NA
"G4201150",NA
"G4201170",NA
"G4201190","-63707.0887916872"
"G4201210","-5.07519715655694"
"G4201230","5.51594901706827"
"G4201250","-7968.25697105629"
"G4201270","113.238129245146"
"G4201290",NA
"G4201310",NA
"G4201330","-0.998966164863085"
"G4400010","28.6178939965886"
"G4400030","12.3919397806375"
"G4400050","23.1017797872217"
"G4400070","15.8213587527067"
"G4400090","10.2122541884436"
"G4500010","-0.175445069648394"
"G4500030","-0.437534057211276"
"G4500050","-5.54694240561785"
"G4500070","-0.79010453443262"
"G4500090","-0.0194818603627213"
"G4500110","-0.2841155065512"
"G4500130","0.319476281322145"
"G4500150","0.0459665288943629"
"G4500170","-4.87458860553461"
"G4500190","-0.265828320589065"
"G4500210","-1.08876936024844"
"G4500230","-1.07620294950617"
"G4500250","0.262849979919956"
"G4500270","-0.981701756103655"
"G4500290","-2.6900732435189"
"G4500310","-1.64523109102086"
"G4500330","0.807434103341764"
"G4500350","-0.343419676776746"
"G4500370","-0.840230229033776"
"G4500390","-4.05537042365542"
"G4500410","-0.987939331881106"
"G4500430","0.611706989108468"
"G4500450","0.330186168751055"
"G4500470","-0.632680529300158"
"G4500490","-2.97781990997359"
"G4500510","-2.01896598230384"
"G4500530","-2.51818398535032"
"G4500550","-1.15763589635627"
"G4500570","0.347902916049837"
"G4500590","-0.526485006312406"
"G4500610","-3.82244685758254"
"G4500630","-0.883229283193452"
"G4500650","-3.00902061167948"
"G4500670","-1.70444282905084"
"G4500690","0.129581590777992"
"G4500710","-0.695032572651273"
"G4500730","-0.468627274958643"
"G4500750","-2.24207330837683"
"G4500770","-0.156456893821561"
"G4500790","-0.476809035698524"
"G4500810","0.527589734584874"
"G4500830","-0.473063352774078"
"G4500850","-1.97127406941777"
"G4500870","-1.46874289602276"
"G4500890","1.49475844360797"
"G4500910","-0.549037106462123"
"G4600030","1.94594375142091"
"G4600050","-5.93607828715102"
"G4600070","0.532349739145808"
"G4600090","-0.879397595369551"
"G4600110","3.3578201580197"
"G4600130","2.80329367443029"
"G4600150","4.41629287185354"
"G4600170",NA
"G4600190","3.68197307293176"
"G4600210",NA
"G4600230","-5.1235766970974"
"G4600250","-17.0686981927963"
"G4600270","4.73396267779315"
"G4600290","-3.26089854175217"
"G4600310","0.0167230855091216"
"G4600330","0.696064707257221"
"G4600350","-2.22055833515588"
"G4600370","18.2185998589882"
"G4600390","-4.04270417943174"
"G4600410","0.642324516509669"
"G4600430","-9.79610932354823"
"G4600450","0.118255342005728"
"G4600470","1.85699282794045"
"G4600490","7.85507637779241"
"G4600510","0.0579400790526843"
"G4600530","0.243261695690497"
"G4600550","-0.866657921129805"
"G4600570","2.79461313173444"
"G4600590","4.10991723450296"
"G4600610","-16.5120372906403"
"G4600650","-1.49442978421254"
"G4600670","-1.96504374967574"
"G4600690","0.989775601310955"
"G4600710","5.33661099312382"
"G4600730","13.7866900736085"
"G4600770","-3.93843294508527"
"G4600790","-1.76130307460694"
"G4600810","1.34415099948508"
"G4600830","-1.80160019489156"
"G4600850","-0.354630462429096"
"G4600870","-1.44790724965761"
"G4600890","7.46175680675472"
"G4600910","-17.5744511837231"
"G4600930","2.13835384561062"
"G4600950","-0.616720331662958"
"G4600970","-0.755362638631397"
"G4600990","-1.08136160008877"
"G4601010","-0.149015357739595"
"G4601030","0.266316126949274"
"G4601050","-4.37315799787616"
"G4601070","2.10047280896"
"G4601090","10.1980361971891"
"G4601110","1.50245853554503"
"G4601130","7.75911639067731"
"G4601150","2.00219867253774"
"G4601170","0.264959747157305"
"G4601210","4.51090477914583"
"G4601230","-1.16079746403923"
"G4601250","-2.5484591046376"
"G4601270","0.0737317659471092"
"G4601290","2.66800109717172"
"G4601350","-0.57849716594016"
"G4601370",NA
"G4700010","-0.606515888848646"
"G4700030","1.99116847686779"
"G4700050","7.90402048785312"
"G4700070","-0.740439363035403"
"G4700090","-0.339429009649332"
"G4700110","-0.0964773603478801"
"G4700130","-0.566750228077421"
"G4700150","-2.09864096670747"
"G4700170","1.35987830691429"
"G4700190","-0.51339212225215"
"G4700210","-3.70409085586444"
"G4700230","5.46016955432705"
"G4700250","-1.81836409994502"
"G4700270","-2.15645392436907"
"G4700290","-3.13005352943293"
"G4700310","-1.7486425496039"
"G4700330","-3.48028432395125"
"G4700350","-1.21841907090285"
"G4700370","0.788481297690979"
"G4700390","-2.34254755981132"
"G4700410","-0.395104096602973"
"G4700430","-0.874591895121728"
"G4700450","1.12604822756055"
"G4700470","-1.20209935018226"
"G4700490","-0.0853886641961356"
"G4700510","0.410291568875798"
"G4700530","1.64266282041666"
"G4700550","-1.94495909924506"
"G4700570","-1.63959068836965"
"G4700590","0.864163005166652"
"G4700610","1.82956841073595"
"G4700630","0.790093290241778"
"G4700650","0.0185910382991075"
"G4700670","-2.71506359447728"
"G4700690","-1.26914667506222"
"G4700710","-0.537938970984504"
"G4700730","-0.564618335909773"
"G4700750","0.862685412522787"
"G4700770","0.256245043543116"
"G4700790","0.326657917518104"
"G4700810","-3.74586203303816"
"G4700830","-1.59287245666983"
"G4700850","-2.34355452661707"
"G4700870","-0.3673385482993"
"G4700890","1.74061394848337"
"G4700910","-0.240629075799112"
"G4700930","0.0236996358422009"
"G4700950","2.06619363959868"
"G4700970","3.17451452966735"
"G4700990","-2.02045864631854"
"G4701010","0.348471409182694"
"G4701030","1.82757178426532"
"G4701050","-0.339074503515506"
"G4701070","0.0116843688105139"
"G4701090","5.48574986240495"
"G4701110","0.630698325204127"
"G4701130","0.690149385570549"
"G4701150","0.354643669982312"
"G4701170","0.439801696402483"
"G4701190","-0.979359444352565"
"G4701210","-0.174817445954886"
"G4701230","0.901813551299349"
"G4701250","-0.513113690777658"
"G4701270","-1.03777424748797"
"G4701290","-0.503444509602882"
"G4701310","-0.593400632664892"
"G4701330","-2.31539227897655"
"G4701350","-3.09981640508374"
"G4701370","3.72501058264213"
"G4701390","-4.22729937048936"
"G4701410","0.137296717801825"
"G4701430","1.7113181243543"
"G4701450","-1.44994068896024"
"G4701470","1.48117691886158"
"G4701490","-0.495675769499681"
"G4701510","-3.35754239708114"
"G4701530","1.47578136972167"
"G4701550","-1.06728786748663"
"G4701570","1.18195298045759"
"G4701590","0.764654705747331"
"G4701610","-3.13653999414524"
"G4701630","-1.47353688263499"
"G4701650","0.414851171322871"
"G4701670","-2.59613823271284"
"G4701690","1.85929436417073"
"G4701710","-0.169061218573693"
"G4701730","-2.22231770847625"
"G4701750","-1.67217266487974"
"G4701770","0.276506336041093"
"G4701790","-0.3206563642906"
"G4701810","-2.98088893803978"
"G4701830","0.891812575653587"
"G4701850","-1.700730709877"
"G4701870","-0.0295446793001268"
"G4701890","-1.21297609259854"
"G4800010","1.11997006304257"
"G4800030","-4.06466532337913"
"G4800050","0.49300840876222"
"G4800070","3.71911792954497"
"G4800090","-0.754862306746703"
"G4800110","-3.02482511725742"
"G4800130","-0.529967112157593"
"G4800150","0.0980727479707515"
"G4800170","0.065270550688661"
"G4800190","-0.0485985674257261"
"G4800210","-0.541504528108614"
"G4800230","-0.293146507614819"
"G4800250","-2.05029000974815"
"G4800270","-0.546300204232544"
"G4800290","-0.137996585642356"
"G4800310","-0.124356465260169"
"G4800350","-0.193549509364377"
"G4800370","-0.255568851463817"
"G4800390","-0.0125188731991589"
"G4800410","-0.320484756211367"
"G4800430","1.29845459251778"
"G4800450","-3.18624207919175"
"G4800470","0.142214906682174"
"G4800490","-1.06530702390957"
"G4800510","1.31103288769328"
"G4800530","-0.669793333385633"
"G4800550","-0.962517303779414"
"G4800570","-1.05061574963675"
"G4800590","-0.403426637855158"
"G4800610","-0.446248243619603"
"G4800630","0.486224388307932"
"G4800650","1.59203947742257"
"G4800670","-0.946863930213051"
"G4800690","1.76965538113092"
"G4800710","2.44438724523279"
"G4800730","-1.41998007563938"
"G4800750","0.380988323551775"
"G4800770","-1.69145664421033"
"G4800790","-1.05833032581776"
"G4800810","-4.49481905899692"
"G4800830","0.495955994423336"
"G4800850","-0.103219792561787"
"G4800870","-1.63737953109163"
"G4800890","0.463561156989851"
"G4800910","-1.06886653061352"
"G4800930","0.499908432931366"
"G4800950","-0.681798694409431"
"G4800970","-1.06096216615337"
"G4800990","0.2849378762483"
"G4801010","4.33601463287214"
"G4801030","-1.79724472206694"
"G4801050","2.50238331017318"
"G4801070","-4.36854070187588"
"G4801090","-5.13304591642852"
"G4801110","2.130011901554"
"G4801130","0.298999147138136"
"G4801150","-1.10498096320525"
"G4801170","0.176616426915152"
"G4801190","-2.70219179972244"
"G4801210","-0.779266547531952"
"G4801230","1.01527895278805"
"G4801250","8.32126430479572"
"G4801270","0.0895242141911794"
"G4801290","-2.28599701057929"
"G4801310","0.052984115403129"
"G4801330","-1.17768101511522"
"G4801350","-0.327013798597983"
"G4801370","4.32295570271004"
"G4801390","-0.255783097570794"
"G4801410","0.636296300462195"
"G4801430","0.0133237642284705"
"G4801450","0.965502674976202"
"G4801470","0.33525631571747"
"G4801490","-0.359642534948831"
"G4801510","3.09023337366586"
"G4801530","-1.77872947644183"
"G4801550","0.953879387602533"
"G4801570","0.0131095955483288"
"G4801590","-0.480650421399998"
"G4801610","-0.227412093834318"
"G4801630","0.419415553893523"
"G4801650","-1.90282066300348"
"G4801670","-0.620848612614675"
"G4801690","2.98457084131724"
"G4801710","0.417431774905938"
"G4801750","1.19091609091472"
"G4801770","-0.986057639719079"
"G4801790","0.0579766135404303"
"G4801810","0.594222144479928"
"G4801830","-0.264855251284777"
"G4801850","0.351499891098036"
"G4801870","0.0808935836278299"
"G4801890","-0.601804074090519"
"G4801910","4.5821429336922"
"G4801930","1.52468706877711"
"G4801950","-1.33686001922606"
"G4801970","8.46922910960556"
"G4801990","1.35556779062216"
"G4802010","-0.263764936638993"
"G4802030","0.669772696075812"
"G4802050","-2.24198481103602"
"G4802070","-0.871165043378832"
"G4802090","0.563566576649286"
"G4802110","3.36937946363237"
"G4802130","-0.690097719932806"
"G4802150","0.0111978434887946"
"G4802170","0.378316855980786"
"G4802190","-2.09895371530631"
"G4802210","1.19853299054276"
"G4802230","-1.33907938041676"
"G4802250","-1.54057968441061"
"G4802270","0.900627701654858"
"G4802290","-5.47872691537483"
"G4802310","0.313539390719188"
"G4802330","-0.680676206594415"
"G4802350",NA
"G4802370","1.80242538125286"
"G4802390","1.12762690003516"
"G4802410","-0.751926058078457"
"G4802430","0.988414153182473"
"G4802450","-0.866219163497918"
"G4802470","-0.656525908369238"
"G4802490","1.42447241808758"
"G4802510","-0.106615745697221"
"G4802530","0.703179273114195"
"G4802550","1.62086688705551"
"G4802570","-0.708054412470057"
"G4802590","1.0037825213607"
"G4802630","-31.823063839329"
"G4802650","0.563530136774628"
"G4802670","2.6592576503698"
"G4802710","-0.783788641347249"
"G4802730","-1.717633273153"
"G4802750","-0.161852281339984"
"G4802770","0.0548491372248398"
"G4802790","-0.100772785246521"
"G4802810","-1.93695257503272"
"G4802830","4.49538663692659"
"G4802850","0.522313375628371"
"G4802870","0.895946927514922"
"G4802890","1.33794751245847"
"G4802910","-1.44887530221769"
"G4802930","-0.0943527423854392"
"G4802950","0.237691320333629"
"G4802970","1.72416759700493"
"G4802990","1.29335381669389"
"G4803030","-0.71918939716838"
"G4803050","2.57521780334875"
"G4803070","0.841557924729085"
"G4803090","0.178043923069638"
"G4803130","0.362904925612103"
"G4803150","0.969125978381637"
"G4803170","2.08489868000839"
"G4803190","-1.33842877929196"
"G4803210","-0.289157364763832"
"G4803230","1.41275504386425"
"G4803250","0.46922331482368"
"G4803270","-1.01008778960096"
"G4803290","0.966660609411487"
"G4803310","-1.12953526672433"
"G4803330","-0.530883611703688"
"G4803350","-2.50108006272208"
"G4803370","-0.934172809407495"
"G4803390","0.958944057285727"
"G4803410","-1.94027647283142"
"G4803430","1.80500499798679"
"G4803450","0.932844090050871"
"G4803470","0.612340147301632"
"G4803490","0.124152221988176"
"G4803510","-0.786700299708461"
"G4803530","0.594343870386037"
"G4803550","0.532121162400032"
"G4803570","3.56836791753251"
"G4803590",NA
"G4803610","-1.13008892040019"
"G4803630","-0.804938185419927"
"G4803650","2.11744957508741"
"G4803670","-0.0333110534822421"
"G4803690","-1.31211053157866"
"G4803710","-0.00609086317904526"
"G4803730","-1.98922277904286"
"G4803750","0.509974709507353"
"G4803770","-1.79581555064023"
"G4803790","-1.54354717726266"
"G4803810","-0.18201257074961"
"G4803830","1.89952491225767"
"G4803850","-0.748851953447824"
"G4803870","-0.591373570296252"
"G4803890","-1.47034851379374"
"G4803910","-3.34316029760309"
"G4803950","-1.04966438647929"
"G4803970","0.558571792804932"
"G4803990","-1.75189604073166"
"G4804010","0.814229612882991"
"G4804030","0.350434428008552"
"G4804050","2.76985348360732"
"G4804070","-0.407107741385402"
"G4804090","-0.815745208941025"
"G4804110","-1.74024486514752"
"G4804130","-0.362308829847489"
"G4804150","3.36166633226646"
"G4804170","-3.35561882473942"
"G4804190","-1.08663467306144"
"G4804210","4.84716792594882"
"G4804230","0.0952173997960704"
"G4804250","-0.656156609084593"
"G4804270","-1.01295011385041"
"G4804290","-2.96168021233469"
"G4804310",NA
"G4804330","-1.4689947957619"
"G4804350","1.14540842941685"
"G4804370","1.53478329106535"
"G4804390","-0.0708823144400136"
"G4804410","-0.740479395514921"
"G4804450","-2.41517996961594"
"G4804470","-2.31508565478058"
"G4804490","-0.277357660847047"
"G4804510","-0.478988968290572"
"G4804530","0.0397860952419638"
"G4804550","1.00442366652543"
"G4804570","0.953397988437517"
"G4804590","0.842107867019866"
"G4804610","5.30234776510954"
"G4804630","-0.485337877062349"
"G4804650","0.936141120318828"
"G4804670","-0.511767508047213"
"G4804690","-0.877482037863231"
"G4804710","0.0605401172510629"
"G4804730","-0.698862220234993"
"G4804750","1.0417099908995"
"G4804770","-0.393793929672048"
"G4804790","-0.114014523230825"
"G4804810","-2.16802628676846"
"G4804830","0.894958312352566"
"G4804850","-0.166293038741967"
"G4804870","-0.448300887681277"
"G4804890","-0.229640459134446"
"G4804910","-0.148968231464254"
"G4804930","-0.643631741944809"
"G4804950","-3.91321044517368"
"G4804970","-1.03901148346805"
"G4804990","-1.09401853350391"
"G4805010","0.384280919954194"
"G4805030","2.62202378600312"
"G4805050","-1.3599375174603"
"G4805070","1.77983849379394"
"G4900010","1.58016770819269"
"G4900030","0.555616986006673"
"G4900050","-0.245827040088131"
"G4900070","1.74184060078755"
"G4900110","0.339139847395663"
"G4900130","2.20524692159751"
"G4900150","0.0143762736902934"
"G4900170","0.824488896977261"
"G4900190","1.20805693662607"
"G4900210","0.921019418118171"
"G4900230","0.432317677122498"
"G4900250","0.254517416374209"
"G4900270","3.38154532824744"
"G4900290","5.38115460858019"
"G4900310","-3.43983284657149"
"G4900330",NA
"G4900350","0.556228779609372"
"G4900370","0.942573267288116"
"G4900390","1.46023945969382"
"G4900410","-0.239347519286492"
"G4900430","-0.826518261725133"
"G4900450","1.28427133025724"
"G4900470","0.895727227336997"
"G4900490","0.536463949641403"
"G4900510","0.679232423509609"
"G4900530","-0.00119423472276398"
"G4900550","-0.564269622422945"
"G4900570","-0.304478704847275"
"G5000010",NA
"G5000030","-327.71223662534"
"G5000050","353.400611914554"
"G5000070",NA
"G5000090","-18.3450151454435"
"G5000110",NA
"G5000130",NA
"G5000150",NA
"G5000170","-35.9303717485335"
"G5000190","14139.9583400185"
"G5000210","561.952619318951"
"G5000230",NA
"G5000250","2.8121324288515"
"G5000270","-6.52168686857496"
"G5100010","-0.187149138936384"
"G5100030","0.083618300647713"
"G5100050","0.199282945785378"
"G5100070","0.598033943703631"
"G5100090","0.913636928071572"
"G5100110","0.630853913615671"
"G5100130","0.695587215055759"
"G5100150","-0.0091384734610759"
"G5100170","6.11120795185075"
"G5100190","0.776995922849632"
"G5100210","-8.07719387209304"
"G5100230","0.362271043129708"
"G5100250","4.82771007353835"
"G5100270","-2.46105145098192"
"G5100290","-1.98446577529485"
"G5100310","1.15545162119031"
"G5100330","0.898347929243898"
"G5100350","-1.18797770407253"
"G5100360","0.0149879409474693"
"G5100370","1.17047845401341"
"G5100410","-0.498425608546805"
"G5100430","7.1285085134048"
"G5100450","15.4504291378891"
"G5100470","-2.20375019566559"
"G5100490","-1.73808773077046"
"G5100510","0.117253994151222"
"G5100530","2.79431473675249"
"G5100570","1.32359610364017"
"G5100590","0.709694468798648"
"G5100610","-3.77032804847496"
"G5100630","4.97362177286236"
"G5100650","-1.39664578798245"
"G5100670","-0.792335286954124"
"G5100690","0.726755535412206"
"G5100710","1.99025991202594"
"G5100730","-0.240349756137277"
"G5100750","1.46995957357715"
"G5100770","-1.79310070604339"
"G5100790","-4.23091123144642"
"G5100810","-0.416477813388171"
"G5100830","1.66209939478742"
"G5100850","-0.245283630310126"
"G5100870","0.238121683425504"
"G5100890","0.347069956794923"
"G5100910","-2.43887004914155"
"G5100930","2.82968108392201"
"G5100950","1.51289660160761"
"G5100970","-1.88799480067612"
"G5100990","-0.21662693433079"
"G5101010","3.21725192069713"
"G5101030","-3.61840040291416"
"G5101050","-1.32181775334181"
"G5101070","-0.755813163385496"
"G5101090","4.66223029114103"
"G5101110","2.09630888262132"
"G5101130","-0.992362322798446"
"G5101150","-1.64766341856887"
"G5101170","0.173011433478843"
"G5101190","0.693187058794514"
"G5101210","-0.182664154006972"
"G5101250","8.67394951805667"
"G5101270","-1.54218532083922"
"G5101310","-1.17943801015307"
"G5101330","0.818048586247037"
"G5101350","-1.83825506458241"
"G5101370","0.358302004100837"
"G5101390","3.62254532629295"
"G5101410","0.00827523033582079"
"G5101430","1.66913856199622"
"G5101450","-1.55663215315796"
"G5101470","-0.685636330014493"
"G5101490","2.18547111689297"
"G5101530","1.49215401135312"
"G5101550","-2.12476982074739"
"G5101570","5.41318736073336"
"G5101590","0.109883181403413"
"G5101610","1.58815043033465"
"G5101630","5.25484161218405"
"G5101650","2.64419966115345"
"G5101670","-3.40266702539237"
"G5101690","1.75252767083324"
"G5101710","2.2661101614944"
"G5101730","-1.57746198866586"
"G5101750","0.622917942047221"
"G5101770","3.20201295694958"
"G5101790","0.428197347977412"
"G5101810","14.3162464919534"
"G5101830","2.71139878662208"
"G5101850","-4.98640114354092"
"G5101870","5.53084068746281"
"G5101910","0.0946397810369865"
"G5101930","1.94192417212503"
"G5101950","0.715510399063312"
"G5101970","4.79641312433208"
"G5101990","-0.935858692587476"
"G5105100","0.427119206643226"
"G5105150","-5.81999004612178"
"G5105200","-4.23021960484486"
"G5105300","4.27655407532066"
"G5105400","0.801930866366444"
"G5105500","1.86609662259062"
"G5105700","-0.136985779742927"
"G5105800","1.64117798474045"
"G5105900","0.730328900084457"
"G5105950","-6.91737946979226"
"G5106000","3.19481890666356"
"G5106100","0.389567973252283"
"G5106200","1.22326262342254"
"G5106300","-2.77670289582011"
"G5106400","2.26691279899812"
"G5106500","1.1268990261171"
"G5106600","-10.6384170113672"
"G5106700","2.97712403306724"
"G5106780","0.782242404763616"
"G5106800","0.354717897641239"
"G5106830","-3.19982952379568"
"G5106850","-12.8821709076798"
"G5106900","0.0103018925578273"
"G5107000","-0.904005448430414"
"G5107100","1.60927086114934"
"G5107200","-10.572549351388"
"G5107300","-0.475550012941351"
"G5107350","4.90202268592669"
"G5107400","-0.0263483022410011"
"G5107500","4.28759645673767"
"G5107600","0.423731853422082"
"G5107700","1.49715172939392"
"G5107750","0.48488475079401"
"G5107900","-1.07090275107967"
"G5108000","1.53086736612052"
"G5108100","0.959606092977298"
"G5108200","2.35610345514575"
"G5108300","2.47882758181243"
"G5108400","6.08653582405663"
"G5300010","1.40179540335522"
"G5300030","-1.31321562130278"
"G5300050","-0.430149752392988"
"G5300070","0.157809391602726"
"G5300090","20.4517530650975"
"G5300110","-1.1568630178336"
"G5300130","-4.18049351581337"
"G5300150","21.9159853227465"
"G5300170","-1.1227793760922"
"G5300190","-1.1657777179928"
"G5300210","-0.826780900923183"
"G5300230","3.00082767726965"
"G5300250","-0.402690803643456"
"G5300270","-16.1132343411444"
"G5300290","5.60406139513927"
"G5300310","-11.037554308734"
"G5300330","-0.450093265167494"
"G5300350","45.9491903209809"
"G5300370","-0.467961424306262"
"G5300390","1.60129571916973"
"G5300410","-4.34590738659775"
"G5300430","0.802318726944227"
"G5300450","-30.4504044932268"
"G5300470","0.159099088313038"
"G5300490","120.584834468985"
"G5300510","-0.276923361869451"
"G5300530","2.49455224801811"
"G5300550","18.1107974042145"
"G5300570","-0.0221600004763747"
"G5300590","0.463560330268438"
"G5300610","-0.0504564610805032"
"G5300630","-0.00552891697825493"
"G5300650","-1.71065879300188"
"G5300670","0.105461711552977"
"G5300690","-156.444796509372"
"G5300710","-0.0802514770660867"
"G5300730","-0.807713614203433"
"G5300750","0.515083523597143"
"G5300770","0.953219385532491"
"G5400010","-4.92587804093126"
"G5400030","-3.33846791715114"
"G5400050","12.0342783096862"
"G5400070","109.037658659223"
"G5400090","-484.86126860214"
"G5400110","4.14879314527868"
"G5400130",NA
"G5400150","78.791868400789"
"G5400170",NA
"G5400190","17.2614423067784"
"G5400210","-88.1760984671856"
"G5400230","-9.33076576063051"
"G5400250","-4.94264685313537"
"G5400270","8.22886754504746"
"G5400290","28.4652099110244"
"G5400310","3.01589414691959"
"G5400330","118.786136074587"
"G5400350","2.84599028322373"
"G5400370","3.80532501984085"
"G5400390","1.79527461233536"
"G5400410","14.6763645666699"
"G5400430","1.86671102017511"
"G5400450","-3.02192680631904"
"G5400470","2.481308641057"
"G5400490","223.405026854727"
"G5400510",NA
"G5400530","-2.08201287235439"
"G5400550","5.28490760372503"
"G5400570","4.52103037703148"
"G5400590","0.664862419109241"
"G5400610","1063.18511321203"
"G5400630","-1.01439992504569"
"G5400650","4.57332724956167"
"G5400670","12.9053800866158"
"G5400690",NA
"G5400710","7.42015534256018"
"G5400730","448.164430904401"
"G5400750","-8.68892959098292"
"G5400770","33.6613993995385"
"G5400790","-1.68238194917854"
"G5400810","16.8647931135009"
"G5400830","4.29748339697995"
"G5400850",NA
"G5400870","108.146113519509"
"G5400890","10.9347919672962"
"G5400910","44.2351444627096"
"G5400930","12.8997471660019"
"G5400950",NA
"G5400970","-19.5214673675803"
"G5400990","-1.15140522116023"
"G5401010","7.34803651507292"
"G5401030",NA
"G5401050","-213.616621456743"
"G5401070","9.17695030273576"
"G5401090","-0.529595057135719"
"G5500010","-5.25187369016902"
"G5500030","-0.255296901337263"
"G5500050","-0.372497029207626"
"G5500070","1.9144691475083"
"G5500090","-0.0160418494752722"
"G5500110","-0.0921547536539121"
"G5500130","-0.800237795608699"
"G5500150","-11.6360460002477"
"G5500170","0.198599519825719"
"G5500190","2.47253248158655"
"G5500210","0.741081999701039"
"G5500230","3.04261360182386"
"G5500250","0.922452746150698"
"G5500270","-0.869815126451959"
"G5500290","1.69676558592155"
"G5500310","2.24794977730986"
"G5500330","-0.353160651150834"
"G5500350","-0.156004441161901"
"G5500370","4.92022032975597"
"G5500390","7.61499440839391"
"G5500410","2.69309394910633"
"G5500430","-4.84645351436161"
"G5500450","0.746947227909582"
"G5500470","3.51289987468706"
"G5500490","-0.240935004599676"
"G5500510","1.40357857153366"
"G5500530","4.61043841080735"
"G5500550","2.12754462617862"
"G5500570","6.71781939845901"
"G5500590","0.199016226836068"
"G5500610","-3.17072004891562"
"G5500630","0.267347509119339"
"G5500650","-2.54176546042503"
"G5500670","1.84857451562234"
"G5500690","-0.296789197818337"
"G5500710","-8.45849521220431"
"G5500730","0.280490481209445"
"G5500750","-1.61092142648347"
"G5500770","-2.6420908758404"
"G5500780","13.5158165640469"
"G5500790","0.985632720996698"
"G5500810","2.74712772168987"
"G5500830","5.16300298889731"
"G5500850","1.30352785316209"
"G5500870","8.76331964345088"
"G5500890","-3.13843898003947"
"G5500910","4.75092784356609"
"G5500930","1.56819531544429"
"G5500950","1.08483744982416"
"G5500970","-3.72837419793304"
"G5500990","-2.23112440376779"
"G5501010","0.559277702389363"
"G5501030","1.64388251494863"
"G5501050","2.09579273832651"
"G5501070","-2.06281292703248"
"G5501090","-0.472258455920908"
"G5501110","-1.7188865968402"
"G5501130","-2.06187562971425"
"G5501150","-5.24443432957793"
"G5501170","4.7344174848253"
"G5501190","2.67686486923294"
"G5501210","0.248005433319661"
"G5501230","-4.17121775927809"
"G5501250","1.08733410087021"
"G5501270","0.172707448844888"
"G5501290","-1.30445675960486"
"G5501310","0.944962950416455"
"G5501330","1.3175630975052"
"G5501350","15.6984479436654"
"G5501370","9.45564309140017"
"G5501390","-6.79466002911186"
"G5501410","-0.344632372384099"
"G5600010","-0.0592639017132155"
"G5600030","-1.43226830487725"
"G5600050","-2.0651181076385"
"G5600070","-0.329645342181094"
"G5600090","0.400679060308254"
"G5600110","0.653035103648854"
"G5600130","2.30057857640986"
"G5600150","0.865028000271649"
"G5600170","0.564918046344311"
"G5600190","-2.07819910967781"
"G5600210","-1.36332816010664"
"G5600230","1.26566650899518"
"G5600250","-0.440740507686261"
"G5600270","0.366514738297987"
"G5600290","1.48769174477095"
"G5600310","1.26323139386389"
"G5600330","-0.770035551695263"
"G5600350","-1.18963321698748"
"G5600370","1.59534536278802"
"G5600390","1.8283599700641"
"G5600410","0.421209276504969"
"G5600430","0.555267250332894"
"G5600450","-0.300059094132065"
